text,sentiment
mam sir namak h kaise bnega matar pulao,Neutral
jeera na dalne ka reason kya hai?,Neutral
ma am onion daal sakte hai ?????,Neutral
wahh madam ji,Positive
mujhe bhi khana hai matar pulao,Neutral
kya lemon juice v add kr skte hai??,Neutral
ma am rice or matar cups ke hisab se kitna hoga,Neutral
maine abhi ye pulao banaya aur acha bana lekin aapne zira dalne ko mana kyo keya i like zira ki khusboo i am missing zira now aab to pulao ban gaya aab mein kya karo,Negative
moisture waale hi chahiye thode oily,Neutral
i made this pulav first time following your recipe and my husband said pulav ho to aisa hotel ke tatse se bhi acha laga unhe thanks a lot,Positive
bahut badhiya hai try this recipe,Positive
majedar lajatdar aap ki ressipi,Positive
aap koun sa rice use karti hain,Neutral
mam aapne aapke veg pulao video me kaha tha ke high flame pe 1 siti abh kehrahe ho 2 siti main confused h gayi mam please suggest kijiye,Neutral
hi mamaap ne pulav ki har recipe me pani ka naap alag alag bataya he,Neutral
apka recipe simple rehti hai acha lagta hai varna etna tham jham dekhate hai baki youtubers,Positive
is video mein aapane bataya hai ki ek gilas chawal ke liye sa gilas pani but maine aapka dusra video dekha tha jismein ek gilas chawal ke liye dedh gilas pani bataya tha i m confuse,Neutral
aapka recipe mujhe bahut pasand aata hai didi,Positive
veeeeeery yammi bana hai mam zabardast thanks mam from qatar,Positive
mam main abhi pressure cooker main nahi balki open non stick bartan main bana raha hun tou rice main kitna pani dena hoga finally please abhi bata den?,Neutral
aapne namak nahi dala kya,Neutral
aap mere favorite ho,Positive
simply hi fi nhi bhut acche se ap batate ho,Positive
ap bhut achhe shef ho kavita ji,Positive
didi muje bi sikhna he khana bana na kase jaldi demag me yaad ho,Neutral
bahut hi mast pulav bana tha thank you ma am,Positive
buter use kr skte hy kya,Neutral
bahut badhiya,Positive
bina roast kiye banao,Neutral
mam yellow polao ar alu dam plz dekheye,Neutral
kabita ji apki her recipe itna easy hota hai ki biggner v bna le,Positive
mam apki wajah se mummy se gali nahi sun ni padti,Positive
jeera flavour deta hai,Neutral
1 no mam hme aapki recipes bhot pasnd aati hai,Positive
thanks mam first time mei ekdam best bane the,Positive
pyaz to daali nahi aapne,Neutral
madam aaj aap achhe lag rahe hai,Positive
amazing sbbb festival prr m yhi pulaoo bnati hu,Positive
this recipe i made it so many times it works like a charm itna simple magar utna hi tasty banta hain thank you kavita ji for this wonderful recipe ❤,Positive
main bhi aapke hi tip ke sath follow kiya aur bahut hi acchi bani thank you so much tips share karne ke liye,Positive
ma am matar ka colour change ho jata hai light green ho jata hai plz koyi tip bataiye ki colour change n ho,Neutral
medam maine banaya to rice patile chipk kyo gaye,Neutral
jeera kyon nahin dala aapane recipe mein mujhe yah puchna,Negative
hello ma am maine kl bnaya tha cooker me but unfortunately acha nahi bna tha sb hasne lge the,Negative
cashew skip ker sak te he,Neutral
pyaz koun dalega?,Negative
ma am jeera na daalne ki koi khaas wejeh hai kya?,Neutral
mam agr khada msaala garam msaala kisi ko nahi psnd h toh hum usko pees kr daal skte h ky usme koi problem toh nahi,Neutral
aapi aawaj bhut saachi haii,Positive
ghe mujhe pasan nahi hai,Negative
mdm aapki voice bhut pyari h ❤ ❤ ❤ mdm rasgolla kse bnaye q ki mere bnaye hue to mote hi nahi hote mtlb ki chasni ni piite,Positive
basmati chawal hai ??,Neutral
mem please fish pkoda bna ne ki recipe bhi btaaiye,Neutral
very nice recipe mein apki sari videos dekhti hu apki sari videos bahut achi hai love frm goa,Positive
mam 25 logo ke liye kitna basmati chawal lagega or kitna pani??,Neutral
very nice madam aapka voice bahut sweet,Positive
hot ki cold,Neutral
ye ek gass chaval ka pulaw h or agar hame teen glass chaval ka banana h tab kitna pani use hoga koi bataye plz,Neutral
kitna acha pulao hai,Positive
very nice di,Positive
nahi blkul achchcha nahi h aese nahi bnta,Negative
wah bhut hi aasan trika bataya aapna dhanyavaad,Positive
proud jeera dal sakte hain,Neutral
aap mircha dalna bhul gai kya,Neutral
very nice me v try krungi,Positive
apke bolne or samjhane ka tarika bahut hi anokha hai thank u mam,Positive
thnk u mam i tried first time n it s cooked awesome mmmmuuuuaaaahhhhhh lov u a lot mam bht acha bana mera pulao,Positive
very nice di agar 2 glass chawal hai to pani kitna dallay or peeli moongi daal ki khichri ki recepi b btao di,Neutral
aap ne to mirchi dali nahi,Neutral
upar se fried onions daalkar serve karen toh aur bhi tasty ho jaata hai peas pulao is my favourite i like to eat it with toor dal fry or chole :,Positive
main bahut achcha banaya aap ki tric se bahut achcha hai,Positive
bina cooker ke kaise banaye,Neutral
aapki aawaj bahut achi hai aur aap bahut achhe se samzati hai,Positive
tej pta v nahi h ghee v nahi h bhut sare chij nahi h to kya kre,Neutral
matter nahi h hamre yha kux or dal skte b,Neutral
bahut swadisht polaav banaa h,Positive
chili use ni ki ap ne,Neutral
hello mam app ka sara recipe acha lag te hai,Positive
kaju ko skip kr skte h kya,Neutral
thanku mam aap bahut achhe se batati hai aur wo aasani se samangh me aa jata hai maine aapka mitha palow v try kiya bahut tasty bana,Positive
bahut acha,Positive
bahut achcha laga aapka recipe,Positive
just wow i can t believe that mere hath se itna acha rice bana aaj thank you so much it was very testy n nice look alsovery nice recipe,Positive
bahut hi achcha banata aapka mutton pulao,Positive
bohut easy hai ye toh nice,Positive
mujhe yeh bahut pasand hai,Positive
mirch kb daalna hai,Neutral
zeera q nahi dale zeera dalne se to or acha test aayega na ?,Neutral
app ka video mujhe bahat achi lagi,Positive
di aap ne kaun sa basmati rice liya hai uska naame kya h,Neutral
cawal ko phale sei panii mei rakh dena chaiye kya,Neutral
ma am aapne salt use nahi kiya??,Neutral
nice kabita lagey raho,Positive
mam mithi pulao plz dekhe na,Neutral
kitna tasty bana,Positive
mam kitni siti deni h rice cooker ko agar quantity of rice 3 glass krde tohh ??plz ans,Neutral
mam ky basmati k badly saada chawal use krsakhty hai,Neutral
acha nahi bna,Negative
madam aap ka fridge kitne litre ka hai,Neutral
k bina namak k khaye mam,Neutral
namak nahi dalega kya,Neutral
aap bhout mast dishes banata ho,Positive
mam agr hame iski quantity ko badhana ho to kya hum sabhi ingredients ko ussi ratio me bdha denge???jese 8 10 logo ke liye,Neutral
namk last m add karna h matar fry hone k bad add kar skte h kya,Neutral
ma a iski curry ki recipe bhi to btaiye?,Neutral
madam aap khana bahut acha banati ho,Positive
aacha bnaya aapne,Positive
mam agar chota chawal le rhe h to bhi 2siti lagana parega?,Neutral
hum humesha apko follow karte hai ap bahuth ache sae samjhati hai thank u simple simple gharelu recipes k liye,Positive
thank you ma am lockdown m ek dish to sikh gye ty,Positive
mujhe to bht achi lagai ye recpie,Positive
aapka video dekha maine abhi try karte hai dekh kar bahut acha lag raha hai,Positive
apka naam kabita h ya kavita,Neutral
ek dum tasti hai,Positive
mst pulau h y,Positive
yea spice hai ky ???,Neutral
chawal pulao soft kaise banaen,Neutral
tere baap ne kabhi banaya tha kya,Negative
acha hai thanks,Positive
resipi bhi achi hai or aapki aawaz or bhi achi thanks for the cooking,Positive
thankyou mam mujhe nii aata tha pulao banana but apne bhot acchi treh btaya,Positive
same aise hi mai bhi bnati hu,Neutral
mam apka respy bhut esy hota h or testi bhi,Positive
behan ji chawal jud kiun jate hain,Neutral
ap to lajawab hai ma am koi match nahi apka aur apki recipes ka,Positive
kya ye wala pulao chicken ke sath khaa sakte hai,Neutral
chawal konsa mam?,Neutral
mem agar ham roj wale chawal le to kya esi trah banega ya begad jayga,Neutral
mene aaj hi ye pulav banaya aur it s really delicious muze doubt tha k kaise hoga kya hoga ?? but acha huaa,Positive
2 3 kg chaval ko kitana samugri material lagega please reply,Neutral
didi aap bahut acchi resipe btate ho,Positive
pani km h rice m or do siti jayada lgva rhe ho,Neutral
thank you mam mere ghar mein aaj koi nahin main matar pulao banaya aapko dekhkar,Positive
hari mirch nahi dali,Neutral
mam aapka method lajawab and lajij hai i m always following ur recipe 5 star,Positive
i made matar pulao tdy it tasted awesome but thoda kaccha reh gaya 2 whistle lagaya tha and 10 minutes rice bhigoya bhi tha what cud b the reason kavita ma am?,Neutral
bahut atcha laga thanks aisa lagta hai ki kabhi aapke wahan aao khana khane ke liye,Positive
bahut hi aacha,Positive
pagal lgti ho tum,Negative
bahut aacha,Positive
aap bahut achi tarah se samjhati hai aapki aawaj bhi mitthi hai,Positive
ekdam easy me yahi banati hu,Positive
main bhi banaya matar pulao lunch mein bahut bahut bahut testi shukriya recipe batane ke liye,Positive
pulaw mujhe lagta h yeh bimaro ke liye apne banaya h feeka pulao,Negative
mam sirf dikhne m acha ho isse mtlb nahi hai proper pakna bhi chahiye apki recipe se mere rice kache rhgye,Negative
so tasty i tried this very delicious aapke haato mein jadu hai,Positive
ye to chawal bana diya kuch bhi nahi dala,Negative
agar ise hum kadhai ya pan mein banaye to taste mein difference aayega kya ?,Neutral
yummy and delicious recipe thanku mam mere husband ko yeah dish bhut pasand aayi,Positive
matar pasand nahi hai dale ya nahi,Neutral
waah mam shaandar,Positive
hello mam mene apna ek kitchen open kiya abhi kuch hafto phle jisme hum logo ko healthy food provide krte hai humara khana bina oil ke prepare kiya jata hai but mam jo taste oil wali dishes me ata hai vo taste nahi aa pa rha dishes me so aap kuch suggest kr sakti hai jiske through bina oil ki sabzi bhi tasty bnayi ja sake thank you,Positive
kavitaji me aapki har recipe dekhatahu pan aap jese nahi bana patahu,Neutral
mam aapki recipe ke sath sath aapki abaj bhi bahut achi h,Positive
lajawab rasepe,Positive
maine try kiya rly yummmm,Neutral
waao delicious moo me paani agay mere to,Positive
wow aap bhut acha pulao banati h very tasty,Positive
maine bhi bnya bahut hi badiya tha thanks for teaching me this kind of recepe,Positive
matar paneer k sath matar pulav aaj ka dinner menu thanks in advance,Positive
kindly tell me aap ny mirchain ni daali to kia ye taste m pheeka ni lgta???,Neutral
actually ma am i think ap bihar se ho bihar me usna chawal bahut khate h log aor wo chawal der se pakta h mai chawal pasa k banati hu but wo gila ho jata h ap plz kuch tips dijiye usna chawal jldi gila nahi hota h,Neutral
apa bindi lagao mam ji bcoz ur married and bindi lagane se aur p acha lagenge,Neutral
apki recpi mast h but apka ghar bahut acha h di,Positive
aapki sari hi recipe s bhut acchi hoti hai,Positive
ma m very very thanks to u meri nyi nyi shadi ho gayi he aur aaj hi maine ye rice banaya ekeam hotel jaisa bana he huge huge thanks,Positive
gas to on kiya hi ni,Positive
mam aapki sabhi recipe bahut delicious hoti hai mujhe aapke method se bani hui sabhi recipes bahut bahut bahut jayada tasty lagti hai thank you mam for share delicious recipes,Positive
bahut atcha,Positive
wah madam g wah perfect for bachelors will try it this weekend,Positive
texture bht badiya,Positive
maine eid pe ye bnaya the bhot hi acha bna tha,Positive
kabita ji aj maine pulav bnaya same apke method se or mere husbsnd to mera bht tarif kr rahe t or bole ki y kabita ji k kamal h kr k thankuuuu so much mam for this recipie,Positive
didi agar do gelas chaval bnana ho to kitna pani dalna hai,Neutral
thanks diii bahut acha bna maine banaya,Positive
acha laga ba nene ke like bhi share hoga,Positive
bahut achi banai h maym,Positive
jeera use ni kr skte kya??,Neutral
maine ye respi try ki bahut hi aachi bani very very thanks,Positive
hi mam ek liye kitna quantity lagega,Neutral
mirchi hi nahi dala apne,Neutral
wao so sweet muh mai pani aa gaya g thanks,Positive
ma am main agar polao ka chawal matlab govindo bhog rice use karu to kya acha banega? kitna sitti lagana hoga cooker mein ?pls bataye,Neutral
madam doosro me tasoi me roz kya banta gain nazara n mare apne gharon me khane ya dhyan de kyoki jo log log doosro me gharo me take jhank karte chorus sendhmar nichler str me log kaehlaters,Neutral
aap product review v kro didi,Neutral
maine banaya tha kal garam masala ka taste aagya tha jabke saari chiz maine itne hi daala the jitna video me h,Negative
hello mam me bahut try karti hun but rice khila khila nahi hota chipak jata he kya karun plz help,Neutral
bahut acha hai,Positive
masale nahi dlne kya,Neutral
main tumhara plough ka recipe banaya aur mera pyar ka recipe bahut acha warna thank you for this video,Positive
easy hai lakin mast hai,Positive
mam apke vidio ki saund bhut km ata h,Negative
yes me new year ke din banongi,Neutral
kavita ji mujhi apki sabhi recipe achi lgti hai,Positive
badiya rice banaya mam,Positive
thik thik h,Neutral
mirch to dali hi nahi,Negative
i am so foody or aapki dish dek kar tho pani hi aa jata hai,Positive
main kal hi ishe banaugi,Neutral
apne isme mirchi nahi dali,Neutral
maine aj banaya yeh recipe bhut acha bana h thank you mam,Positive
rice konse h mem,Neutral
video bahut achchhi hai,Positive
bhut hi acchi lagi ye recipe apka sara recipe acchi hi hoti hai,Positive
mam ye fika pach lagega is m mirchi nahi h paccho k thik h,Negative
maine bhi ye try ki thi osm and very testy,Positive
mene bhi isi trah banaya h bahut h mazedaar bana thanks,Positive
maam hm bnate h to chena balls toot jata h sugar soltuion m,Neutral
mam aapko share kijiye na ots makhane haldi aur pure meve mix karke kesar bagaira dalkar jo aap dudh mein uthate hain aur fir uska powder banakar rakhe the fir dudh mein uthate hain fir usko gud dal ke khate hain wali recipe aap fir se share karen 4 sal pahle mujhe mili thi vah recipe,Neutral
mam gaye ki jaga bhais k dudh se bna le kiya qki hum gaao m h hmra pure bhas ka dudh aata h,Neutral
maddam aap topic kaha se late ho,Neutral
aap bahut achi ho ma am,Positive
meri rasmalai baar baar tut jati hai chasni mai daalne mai,Neutral
bahut hi lajavab mam,Positive
thenkyou mem bahut malaydar recipe batay apne,Positive
ham recipe dekh ke banaye lekin mera rasgulla tut gya,Negative
kon kon 2025 me dekh raha hai,Neutral
agr doodh automatically normal temperature ki wajh se fatt jaye to kya bna skte h,Neutral
kaise recepi deti h ap log maine same process kiya tab bhi sari ras malai tot ke sheere me mi gyi,Negative
corn flour nahi dala to chale ga kay mere pas nahi hai,Neutral
di milk nahi fata hai bilkul bhi mera to waste ho gya,Negative
cornflour ki jgh kuch or daal skte hn kya?,Neutral
mera chena dahi jaisa bn gya esa kyu hua hoga,Neutral
kya isme soda dal sakte,Neutral
agar app is video ko hindi me bna lete to kiya ho jata,Negative
wow mam amazing banayi hai mam ❤❤,Positive
nimbu use nahin kar sakte hain kya,Neutral
2:38 pani toh nikal hi nahi rha tha,Neutral
cornflour ka koi alternative hai?,Neutral
kya ismein bhains ka dudh use bhi nahin le sakte vinegar ki jagah nimbu bhi to dal sakte hain,Neutral
mam maida use karne ki permission dedeijiye na ??or ye bi batayi maida use karne se vo acchi banegi ya nhi?,Neutral
pehli video dekhty hy channel subscribe kr deya,Positive
yar bana to kuchh bhi le par time bahut lgta hai aur se fir shubah sham ka khana,Negative
lemon se milk nahi phad skte kya,Neutral
mera spong km soft hua h,Negative
200 rs initial cost hi aa gyi,Neutral
hamare to spongey hue nahi bahut soft the uthane me tut rahe,Negative
bahut detail se aapane recipe dikhai hai aur tips bhi de de hai ❤❤,Positive
maam corn flour na ho toh maida ya rice flour use kr skte h,Neutral
khila bhi do,Neutral
didi ye mere ghar pe pahucha do na,Positive
main to bhaisn ka dudh pita hu par,Neutral
kya ham cornflour ki jagah maida daal sakte hai,Neutral
agar cornflour nahi h to maida dal sakte h kya,Neutral
bahut acha video aur recipe ma am,Positive
har koi nahi bana sakta mem video dekhte huye aisa lagta hai ki hum banayenge easy hai magar hakiqat me aisa nahi banta har kisi se,Neutral
mere husband ki fav dish,Positive
jhooth kyu batati hai waise koi sponge nahi bnta hai,Negative
acha nh boht acha bnate ho ap har chej ❤❤❤❤❤❤,Positive
mam kya ham vinegar ki jagah nimbu ka ras dal sakte hain,Neutral
total wrong recepi aapne kaha 3 half cup water maine utna hi liya same banaya pura rabdi bhi acha bana pr ye balls pure jal gye same step follow kiya fir bhi next time se barabar measurement batayiga,Negative
cornflour dalna compulsory hai kya ? nahi ho toh kya add kr sakte hai ?,Neutral
maine bhi bnaya tha bht tasty bani hai spongy,Positive
bhaut hi good recipe mein bhi try karugi thanks for simple recipe ❤❤❤,Positive
didi apki voice bohut acchi hai,Positive
ma aj banungi,Neutral
khane se zyada banane mein vkt zyada haii,Neutral
aaj maine ye rasmalai bnayi apke bataye timing trick se mere family bhut khus ho gye delicious bna thank u mam❤❤,Positive
m bhi banaungi ❤,Positive
mera to vinegar se nahin fatata dudh,Negative
chena chashni m daalte hi phel gya kya krein ??,Neutral
shivratri par bhole baba ko bhog lagaungi aapki hi recipe se rasmalai banaugi,Positive
agar corn flour na ho to,Neutral
wow mam very nice par mere ghar pe itni mehnat koi nahi karega,Positive
toot gaya sara,Negative
madam main bhi aaj yah rasmalai trai ki bahut achcha banaa,Positive
cup ki jagah grams m batao chini,Negative
madam itna lamba video ni hona chahiye itne se process k liye,Negative
last me muh me pani aa gya,Positive
main bhi try karugi,Positive
khila do mam rasmali,Positive
mam meri rasmalai dukaan jesi soft nahi bani thori hard hai iska kya solution hai?,Neutral
bekar bilkul b achi nahi banti tut jate h gulab jamun,Negative
mam ab tak do bar banaya phir bhi acha nahi aye jo rasgula hi woh hard hojata sabhi steps maine follow kiya correct se rabri toh achi banti hi phir se main kabhi nahi try karungi fed up,Negative
itna time waste karne ke bajaye bahar se lekar kha lenge,Negative
mene bnayi thi but wo to pani m ghul gyi,Negative
maine bhi aapki recipe try krke bnayan bahut achi bhi i am happy ❤❤,Positive
aap ne ye nahi bata ya ki milk me water dalna ha ya nahi,Neutral
chini ki matra aap weight me bataye cup ke hisab se samajh nahi aa raha aapka cup aur hamara cup ek hi size ka nahi ho sakta,Neutral
maine aaj 2 2 bar try ki dono bar bekar 1st time hard bahut 2nd time soft itni chashni me dalte hi tut gyi mai cooking me achi hu life me 1st time kuchh bekar bnaaa,Negative
aapki mujhe sari videos acchi lagti hai aur bahut acche se main dekhti hun aur aapka batane ka tarika sabse best hai thank you for sharing❤❤❤❤❤❤,Positive
didi mane bhi try kiya tha bot hi tasty bna tha thnku so much for your recipe ❤,Positive
keya mam rusmalai ko 1 day ke liye store ker sakte hi,Neutral
maim mera rasmalyi suger syrup me jane ke baad boil hone par fut jata hai kya kare,Neutral
mene banaya fha but mera bhot thick ho gaya ta bilkul sofr nahi hua same aapne kiya ahi vaise he kiya fa maam pls boliye na kya kru or yeh chasni meri bhot thick ho gyi ti or yeh colour bhi cng ho gaya tha vi pani wax ke jesa ho gya tha,Negative
wow mam bahut achi banai ras malai,Positive
mene banai thi ye achi bani thi,Positive
vinegar dalke dudh fate nahi to kya kare,Neutral
bakwas recipe hai sari rasmalai kharab bani,Negative
isay acha hi paneer lao ♀ usi mi banayai r fir milk mi add kray r cornflour k badlay suji b add kr sktai hi ♀,Negative
chasni me pura fhel gya sahi se nahi bana,Negative
rasmalai break ho gyi h,Negative
hello mam very nice recipe muje iss rakshabandhan par rasmalai banani hai rabadi thik karne k liye kya hum thodasa custard powder use kar sakte hai kya,Neutral
didi aap music khan se use karte ho,Neutral
ban gya ban gya sab kha lo❤❤,Positive
hlo ma am meri rasmalai gol gyi or pehle jab bnayi thi woh bhut hard thi proper btaiye ma am kya mistake rhi abki baar dough jo h bhut moisturizer h osme maine corn flour b daala per b rasmalai gol gyi pani me maine thodi choti bna kr try ki fir ab dhoop me dough ko sukha rhi ho jisse aata sakht ho jaye or rasmalai gole na or soft b bne,Negative
pagal aurat tumhare karan mera mithai jal gaya aadha k g milk barbad ho gaga be sharm,Negative
mere to chasni me hi toot gye,Negative
thank you mam aapke mawa cake recipe se mera mawa cake bahut acha bana,Positive
recipe bahut achi he mene try ki mam par mere chena ball chashni me pighal gaye kyu mam,Positive
milk ko lemon aur vinegar ke alawa aur kisse faad sakte hai?,Neutral
aap ke ghar vali ke maje hai itna kuch aacha khane ko millta hai,Positive
joe chashni bach ka use kya kya karenge,Neutral
mere muh moh toh dekhte he paani aa raha hai looking tasty,Positive
sab paani mein ghul gayi :,Negative
mujhe jo bhi bnana hota h mai aapki hi video dekhti hu aap pe trust ho gya h really aapki btayi recipe hi achi bnegi,Positive
wah maza a gaya ma am maine banai bth parfect bani❤❤❤,Positive
mam ky me sirf kaju aur almond add kr sakti hu,Neutral
meri sadi apki jesi women se ho❤❤❤❤❤,Positive
agar corn floor na ho to,Neutral
mam maine yah chhena cloth ki jagah channi mein rakha tha to jyada soft ho gaya kya karen,Neutral
good afternoon mam aap kahan per rahte ho,Neutral
good afternoon mam main abhi recipe likh rahi hun aaj banaungi mere bacchon ko yah recipe bahut pasand aati hai thank you mam,Positive
meri fevrt h ❤❤❤❤❤ bt maam bnane m bahut tym lg rh khame m to 15sec m kha jau ❤❤❤❤❤❤❤ try krenge bt,Positive
mam corn flour ki jagah pr aur kya daal skte h,Neutral
cournflour na ho to kya kre,Neutral
ye jo khana mithai drinks wagerah wagerah banane ka channel chalate hai unke ghar wale kitnze lucky hai roz roz tasty chije milti honge khane ko,Positive
vinegar naa ho to aap ada tispoon phitkri daal skte hai same kaam krta hai,Positive
thankyou beta shandar rasmalai banai hai ❤❤❤,Positive
chene me maidaa kyu daalte hai?????,Neutral
mem mere to chene ke bol chasni me dalne ke baad usi me ghul gye please mem batao ki vo hard rhe,Negative
agar vinegar nahin hai to lemon juice ka istemal kar sakte hain,Neutral
kya ham cornflour ki jagah rice flour use kr skte hain???,Neutral
kya doodh khud phat jye uski nahi bna sktey kya,Neutral
aapke husbend or bacche lucky h,Positive
haldi daalne se uska taste to nahi aayega?,Neutral
2 logo ke liye kitna dhoodh le,Neutral
mam maine banai h and believe me same aisi hi bani h thanks,Positive
thank you mam m try ki same bana h,Positive
mam meri rasmalai hard ho gaye h kyu,Negative
osm bahut hi achcha h bta rahi h aap❤,Positive
bahut badhiya,Positive
mam nibu se dudh ko fad skte h koi problem to nahi ayegi,Neutral
maine try ki thi bohat achi bani thi maine doodh fadne ke liye nimbu use kiya tha aur phir ache se dho liya bohat tasty aur easy recipe thanks you kabita s kitchen ❤,Positive
mne bhi abhi abhi bnaya h bhot achi recipe h,Positive
thank u so muchh mam mai life mai first time try it was so delicious desert mashallah love it ❤,Positive
mene bnai h ye dekhkar bht tasty bni thi yummy,Positive
mere pure kharab ho gya h,Negative
5 gante me bankar tyar hoga,Negative
maine aaj try kiya man pr mera chila bhot deela ho gya tha 2spoon cornflower dale tohi bhot deela pn tha usme ky krna chahiye tha plz muze bataiye next time fhir se muze banana hai plz reply de mam,Neutral
1 2cup sugar kitne grm hogi ma am?,Neutral
very v nice recipe dii aap ke tarha so beautiful love u di god bless you,Positive
mene bhi banai bahut tasty bani hai meri bhi ❤,Positive
meri to rash malli fut gai,Negative
maine bnaya pr vo chasni me dalne par melt ho gya,Negative
itne pese m to aahijati h matket m,Negative
nahi achi bani rasgulla phat kr pani me mil gya,Negative
iss se aacha dukan ja ke khrid ke kha lege paisa v jada lagega or banae ka v tansion dukan wala he thk h mere liye jada he mil jayga khane ko,Negative
sach me bahut hi acha bna thanks mam❤❤❤❤❤,Positive
aap bahut acche se each n every detail explain karti hai so sweet of u,Positive
dudh ki jagah pr dahi use kr sakte he kya ?,Neutral
uar hamare pas to itne paise hi nahi hote ki itne items khareedein,Negative
toh itni bakchodi kar rahi hai tu seedha paneer hi daal leti pagli,Negative
mam mene ye recipe try kiya h bt rasmalai m thoda khattapan tha pls btaiye uske kese thik kre,Neutral
meri rasmalai thori hard ho gyi mujhe smjh nahi aara q,Negative
because frig me rakhkar har mithai sakht ho jaati hai frin se nikal kar turant nahi khani chahiye,Neutral
bina freeze ke ye kab tak kharab nahi hota,Neutral
kon podar kon dalta hi puri rasmalai karab hogai meri,Negative
ye recipe bahut kaam aayi mere ❤,Positive
meri rasmalai to pani mein ubalte waqt ki sari khul gai,Negative
maim address bhejdo khane araha hu,Neutral
spungy nahin banta tight ho gaya,Negative
kya chhene ki jagah amul paneer use kar sakte hai kya??? please bataye,Neutral
meri mom ko kuch nahi ata,Negative
mam bols fulne ke baad chipat ho gaye,Negative
kabita ras malai uper se bhurbhuri andr se hard bni milk 2prsnttha usa rahty hai cornflour dala kmi kya thi,Negative
nice clearly understand bhabi ji,Positive
thank you mam sach me aap jaise bate ho smajh me ajata h or waise hi bna liya maine god bless you god make a new for you,Positive
itna ache se kon batata hai mam ❤❤pahle bar mai kise ko youtube pe subscribe ki hu,Positive
yaamy and delicious chasma ras malai ki recipe share karne ke liya so many thanks,Positive
jo log aisa recipe banatey hain youtube pay wo ghar waley kitney khush naseeb hain roz new dish khaney milti hai kon kon agree hai ye baat se like karo,Positive
tq so much mam mere hathse pehli baar parfect rasgulla bana hai,Positive
mera nahi bna shi,Negative
mam meri ramali mai mitha nahi ho raha,Negative
mam kiraye per room milega??? khane ki tnsn khtm,Neutral
mam rasgulle ki chasni mai paka sakte hain,Neutral
very beautiful recipe mam i will definitely try it❤ thank you mam ap bahut ache se samjhate ho aur ase samjhate ho ke easy lagne lagta hai process har recipe me thank you again ❤,Positive
bahut easy way me samjhaya aap ne madam maine banaya aur bahut hi badhiya bana h than q so much u r awesome,Positive
aapke ghar wale ghar p hi 7 star ka maze le rhe hai,Positive
easy way mai btaya thnku ❤,Positive
bhagwan aisi bhabhi sabhi ko de,Positive
wow mam maine ise wase he banaya jaise aapne bataya aur mam kya tasty bana tha i love it ❤thank you mam,Positive
rabdi ke pede mere boil karte tym thode fat jaate hai mash mai krti hu barabar plz eske baare me bataeye mam,Negative
corn flour agr na mil paye to kch option h kya,Neutral
maza aa gya,Positive
u speak as if jaise airport pe kuch announcement ho rahi ho,Positive
bhut acha tareeka so thanks mam,Positive
humare mann me questions aata h ap uska ans just dedete ho,Positive
apki aawaj best lgti h aap har chij ko bhot simple tarike se batate ho u are best,Positive
it was yummy pehli baar try kiya result are so amazing,Positive
vinegar ke place pe fitkari use kar sakte h kya,Neutral
khane ke liye 10 min or banane k liye 2 hours good,Negative
wow what a language skills bhenji rasmalai is sooo sweet your voice delivery also sweet,Positive
wa mam bahut khub,Positive
pls help me meri rasmalai kachi reh gyi dudh m dalne ke bad chack kiya to andr se kachi lg ri h,Negative
ek din mujh bi bulao dawat pe,Positive
pehle se phate huye doodh ka nahi bn skta hai kya?,Neutral
agar jyada quantity ho to wahi chachni second lot ke paneer balls boil karne ke liye use kar sakte hai kya ussee chachni gadhi to nahi hogi aur usme aur sugar add karni padegi kya,Neutral
ghar walo ki maza hai roz roz mst khana vo bhi free,Positive
ma am apne 2 liter dudh ko alg alg use kiya h to 1 liter me banana ho to adhe adhe liter dudh use krna ho to???,Neutral
kya hum bazaar se layi hui paneer use kr skte hai???,Neutral
mam dud se bnai tiki hmne pani main dali to wo fat c gai hmne guna bhi bht jada or corn flor v dala bt fir v asha ni bna,Negative
bhkkk bc topic dete kya h vedio m batate kya h,Negative
mam bajar ka paneer use kar sakte h or cornflour na ho to maida use kar sakte hai,Neutral
6 ghante bad khana padega??,Neutral
hi maam chena ball soft nahi hue aisa kiyu maine same method se banae,Neutral
thxxx mam maine apki video dekh kar bnai bahut e taste bani,Positive
maine kal hi try super se uper bana h mujhe to believe nahi ho rha h main ghar pe itna perfect rasmalai banai hu but mere pass cornflour nahi to maine nahi use kiya kuch bhi aur fitkiri se dudh ko phada tha but ek bhi rasmalai tuta na h thanks thanks thanks ❤ ❤ ❤ ❤ you are super mam kash mere pass apka no hota to apke sath pic share karti,Positive
rasmalai m anaj hota h kya or fast m kha sakhte h,Neutral
faqir 19 wali doodh ki packet,Negative
rabdi bnane ke liye packet ka milk use krskte hai na,Neutral
1 lit me kitne banati hai,Neutral
mene corn flour ki jagh meeda dala tha to mene rash gulle pure phat gye pura ghulge aab me kya karu plzzzzz help me,Negative
nice didi ham apko bahut samay se dekh rhe hain,Positive
mai bhi doob gayi rasmalai mai,Positive
aur aapke recipe k sare steps bahut hi acche hote h jinko kitchen ka k v nhii aata hoga woh v achi se aapki video dekh k bna lenge jaise ki mai thnk uu so much mam❤,Positive
aapki awaaz s bahut hi sukoon aur shanti milti h pta nhii q,Positive
aj mene rasmlai khai ik piec 35 rupes ☺,Positive
mera pura khrab ho gya,Negative
pagal ho kya,Negative
mam mohit ko bilkul psnd nahi hai kheta hai karcha badhta hai faltu ka,Negative
mu ma pani aa gaya,Positive
hum banatain hai lekin aapne pura ulta tarika bataye aapne bekar ho jayega pura rasmalai,Negative
sach me muh me pani aa gyaaaa,Positive
mam mere rashgulle to kdai m hi fat gye sb sari mehnt waste ho gyi,Negative
corn flour ko hindi me kya kahte hai,Neutral
garmiyon me toh yeh kharab ho jaegyi kyunki bhar rakh ke toh dudh hai kharab ho sakta hai?,Neutral
ham na try keya bahut acha bana thank you very much,Positive
agar rasgulle ek din pehle bana le aur rabdi dusre din daale toh koi problem hogi kya,Neutral
kya hum direct paneer hi use kar sakte hai ?,Neutral
mana chasne m saka to sara khrab ho gya,Negative
packet milk use kr sakta h ky,Neutral
me apni wife se kehta hun ki you tube pe koi achi si dish dekhkar bna liya kro date ingredients me lake dunga lekin wo kabhi nahi banati daal roti sabji bna legi bhagywaan,Negative
aunty agar dudh phele se hi fhata hua hai to kiya wo use kr sakte hai ????????,Neutral
bahut badiya banai hai aapne muze aagar 50 logonkeliye banana hai to kitana milk lagega muze,Positive
m b banaunga kal thanx kavita ma am u have nice voice,Positive
corn flour ki jagha maida use kar sakte h kya,Neutral
mast resipe,Positive
mem aapki rasmalai bahut achi bani haimeri favorite swets bhi hai yai meri aisi kismat kaha jo aap jaisi ladies ki bani kha saku mai to abhi un married hu partner ki bahut jarurat hai tabhi aisay nahi nahi sweta kha sakta hu koi ho to batay ladki ho nazar mai,Positive
kis kis ke mukh meh pani aaya,Positive
mam meri rasmalai kuch jyada hi meethi ho gyi uska meethapan kam kaise kare,Neutral
khana ka man kar raha ha,Positive
madam may bhi try kiya but tut geya,Negative
rasmalai se jada apki awaaz sweet h ❤,Positive
yar ye koi khilado maa kasam dekhte hi bukh lag gai,Positive
bahut sundar m try krungi,Positive
maine trai ki bahut acchi recipe bani mujhe bahut pasand i aur mere husband ko bhi thank u didi thank ❤,Positive
mam aapki recipe se rasgulle bahut hard bane i followed the exact recipe,Negative
maa aapke hatho me jadu hai meri maa ki tarha,Positive
mere rasmalai ka chena ball hard ho gaya tha soft hone ke liye kya karna chahiye bataeye na please,Negative
ye dhudh k rasgule se bnte hi nahi h fat jate h chas me dalte hi,Negative
vinegar paani ke saath milake daale so that woh dilute ho jaye warna woh rasgulla rubber jaisa bann jaega dilute karne se zyada behtar banenge,Neutral
aapke ghr wale roz roz etne pase west krne dete h,Negative
ma am maine do br ye recipe try kiya h or dono br tikki me rbdi absorb ni hua aesa kyu andr se tikki dry hi tha,Negative
mam aap bahut jaldi jaldi bolte ho plz thoda dheere bola karein,Negative
rasmalai se jada to aap aawaj mitti,Positive
meri rasmalai ke fate hue doodh ke gole sahi se nahi bane vo toot gaye na hi vo fate hue doodh ka jo aata he vo sahi se nahi bane vo thora gila rah gaya,Negative
bahut bahut dhanyawad aapko madam,Positive
aap bahut ache se explain kiye hai rasmalai ke bare me chene ko sirf hands ka use karna hai aur koi cheej se masal sakte hai madam,Positive
mam isme phle se hi fata hua milk le skte h n bina vinegar k ase hi fat gya tha plzz reply,Neutral
maine try kiya ye recipe bt ye bahut bekar bna rasogulla ne rabdi absorb nahi kiya jbki maine ek cheez ko garm hi rakha tha rabdi ko aur toh aur 1 din m hi rabdi sticky ho gyi please give me reply ki mujhse kya glti huyi,Negative
meri wife na ghar me kuch banati h or na ghar ka khana pasand krti h hrr time chalo bahar chalo bahar rehdi pe kha legi lekin bahar ka chahea ye kuch mental disorder bn chuka h aaj kl kapde pahan k taiyar ho k bahar ka khana khane jana or mard ko ghar ka he khana acha lagta h bahot se log 80 km up down krte h daily sirf ghar k khane k lea,Negative
mam bahut acha laga he hame,Positive
mza aa gya didi,Positive
mere muh me to paani aa raha hai,Positive
me first time try kr rahi hu,Positive
ye keese pta chalega mam ki chena ball pk gye he chashni me d alenge tab,Neutral
hello kabita apki recipe dekhne k liye video shuru hota hai mai apki awaz mai kho jati hu app kitna piyara bolti hai i love your voice god bless you nd your family ❤,Positive
kaash me apke hatho ka bana kha pata,Positive
meri rasmalai chasni m ghul rhi h mene 3 chamach alarot bhi daal lia chena ko tight krne ke liye 1 ghante se chena ko tight krne m lgi hu nahi hora yaar koi flowing consistency bhi nahi h abhi ke liye mene uski fridge m rkh dia h please somebody suggest me what to do with that i m tired making this please,Negative
ap bahut pyar se samjhate ho we will make it,Positive
sab koi banane ke liye dekh rha h or m aadhi raat ko curiosity ki wajah se dekh rha hu coz i like rasmalai most ❤,Positive
maja aa gaya sikh ke bahut achhe se sikhaya aapne very very thank you,Positive
bahut badhiya bhijwa deti to aur acha hota,Positive
abhi se hi mooh me pani aagya,Positive
kitne din rakh sakte h isko,Neutral
isko dobara garm karke kha sakte h,Neutral
muj hames hi aap ka viedo aacha lagta hai mam,Positive
aj mene bhi bnaya bilkul apki recipe ki tarah sch me bhut hu yummy bne the ma am,Positive
corn flour nahi hai te maida use kr skti hu khya,Neutral
bohott acha explain kartye ho mam ☺,Positive
mam mene ye ras malai bnai thi aaj but wo sari tut gayi again bnane ke liye me kya karu reply me first plzz maam,Negative
wwaaahhhh kiya bat hai madam mai toh rasmslai se ziyada apke explain me fida hogaya hoon bhut khoob thank you ❤ ❤ ❤,Positive
hello di aaj rasmali try ki amazing sari family members nay bahut like kiya thanks di❤❤❤❤,Positive
mari bhi rasmalai bahut achi bani aapke karn party me to chha gaya aapka rasmlai,Positive
aunty bal ke jhar ke ajati,Negative
mai har baar banati hu to usmai lemon ka test reh hi jata hai jis say poori mehnat kharab ho jati hai aisa kiyu???,Negative
aunty yaha bhej va do,Positive
mam mere rasgulla mein chashni andar nahi jati plz tell tips,Neutral
muh me paani aa gaya mataji mashaallah gajab bana hai,Positive
mam mera chena chasni m boil kete time bikhar jata,Negative
app ne kaha tha na didi reply zarror send karna ham kar diya rasmalai achii nahi lagi,Negative
mam chena thoda gila lagraha hai kya karen? cornflour dalke acche se mala hai but abhi b thoda gila lagraha hai jaldi batayen plz,Neutral
nimbu dal ke try kiya khata ho gya hamara kaam nahi haiagr halvya jesha ham logo she ban gya to baazar she koy nahi kharidega,Negative
mera chena kdaa ho jata hai fridge mein bhi rakhne per hard ho jati hai aisa ku plz reply,Negative
bht time lgta h but nice,Positive
apke dudh se bante to bhut achhe lagte,Negative
paani nikal aya mooh se,Positive
kon kon ye video 2026 ko dekhra,Positive
2026 april me kon dekh raha h,Positive
kaun kaun yah video 2026 mein dekhna hai april mein,Neutral
4:04 jali na,Negative
uska baap hai na bahut ghatiya hai,Negative
prena didi me ape ki bhot achi fan hu,Positive
bhaiya aap jhooth bolate aap nahin pahle aata tha,Negative
vah vah film video banai hai aisi cream video to maine jannat dekh liye the mujhe chhutti de do,Negative
ghee ke jagah riphayan ho sakta hai,Neutral
plate k niche kitchen towel rakhte to itna pakadna nahi padta,Positive
corn flour dala jaruri h,Neutral
yar subscribe kardo,Neutral
mai nahi hasi,Negative
really tum legends hi attendance lagao,Neutral
shaadi kab ho rahi hai,Neutral
dimag se pedal log,Negative
dimag se pedal,Negative
bhaiya ham kha lenge mirchi,Neutral
main 2025 mein dekh raha hun,Neutral
aloo khaoge,Neutral
mene bhi nigal li thi jab mene ye khai,Neutral
bhehen chod,Negative
❤❤ prerna aise nahin karna chahie chhote kapde nahin pahnana chahie buri baat hoti hai allah ko aapko aankh mein jaane ki nahin agar nahin jana to fir achcha achcha kapda pahna karo bhari wale chote chote,Negative
3:50 was epic lao pani lao,Positive
insan ke kan mein bakri,Negative
triggered insaan ❌mirchi insan ✅ sorry bhaiya❤❤❤❤❤,Negative
man to karta hai ki apki behan ban jau❤❤❤❤❤,Positive
yah to tatti hai l,Negative
tera intezar,Neutral
ismein 15 november ko kar bhi kya liya tha kabhi kya liya hai aur ismein kuchh kya bhi nahin tha 15 tarikh a bhi gai hai aur yah fir bhi bole isase khud hi mujhe iske liye dimag bhi hai ya nahin,Negative
nischay bhai ko koi haat laga ka dhika da haa uncle or aunty ki baat kuch or hai,Negative
abe sale chu kar to dekha,Negative
sudhar ja beta,Negative
triggered insaan be like mei gali nahi de sakta,Positive
tuma triggered insaan bhai ka bare ma kaisa bola,Neutral
nahin bol raha shakal ke bare mein bolate bolate itna bol diya,Negative
lekin ye video 4years ago h or m 2026 m dekh rahi hu abhi tak tho hagindra ne kuch kiya hi nahi or bat kar raha only 15november ki,Negative
bhai uska sath bhara to aapko kuchh kuchh dekha hai black colour ham log ka kutta ka pass mein tha niche wala,Negative
8:55 nahi bol rahe ho bhai,Neutral
caption padho human autorickshaw,Negative
jai sare bhagwan ki ❤❤❤❤❤❤❤❤❤❤❤❤❤❤nice video ❤❤❤❤❤❤❤❤❤❤❤❤❤❤❤❤❤❤i love you too meri maa and papa and bhai and behen and dadi and chacha and chachi ❤❤❤❤❤❤❤❤❤❤❤❤❤❤❤❤❤❤❤❤❤❤,Positive
koi mil gaya,Negative
bhai me last line me hagne ka itihas bana diya,Negative
2025 me kon kon dekh raha hai,Neutral
bhaiya mai tab 2saal ka tha,Neutral
bahi uska dimag gana bana mein me pora use ho gaya,Neutral
do din baki he bhai,Neutral
15 november ko mera annual function hai,Neutral
2025 me kon kon dekh rha hai,Neutral
mai to 2025 ko dekh raha hu,Neutral
hay mister bhaiya main aapki badi fan hun maine aapke aapke video ko like karne ke share kar rakhen aap please comment karo na mere ko mera mera naam mauli hai,Positive
bhai ap ne 2 minutes me itna funny diss track likha ke mera has has ke oxygen band ho gaya,Positive
or kitne bar dekha bhai,Negative
1:04 bol beta ☠,Negative
last part kyaa rock hai bhai,Positive
faltu movie,Positive
naa to karwan ki talash hai still hits different,Positive
dhurander the revenge dekhne ka baad bhi vapis trailer dekhne aaigya,Positive
bas kar bhai ab toh doosri wali ka trailer b aa gya,Negative
bol betaaaaa,Negative
no doubt iski entry music kamal ki hai lekin jab rehman dakait ke introduction pe music bajta hai pura goosebump milta hai,Positive
kisne soch tha yh movie indian cinema ka spy universe or whol bollywood hi change kr degi,Positive
3:49 kya badhiya edit kiya hai,Positive
bol beta ♀ ♀ ♀,Neutral
movie babander,Positive
is trailer ke baad mujhe pakka ho gaya tha ki ye movie banger hone wali hai,Positive
film film hai yaar,Neutral
1:46 ye scene toh dono part me hai hi nahi,Neutral
bhai jitni bar dekhu man nahi bhar rha hai,Positive
ye naya india ghar me ghusega bhi aur maarega bhi❤❤,Positive
border 3 me india england py qabza kar ly ga or dhurandhar 3 me me america py qabza kar ly ga,Negative
mast mast movieee,Positive
movie m bhaut jayda political background daal diya dekhne ke baad laga movie kisi ko promote kar rahi h,Negative
pehle mera favorite trailer badlapur movie ka tha ab durander the revenge daily watching s,Positive
pakistan ka nam liay bgair khud ko kbhi acha nahi dikha skta ye india,Negative
aditya dhar hajam ghughu aur ranveer singh sabse bada dewaana mental,Negative
jb movie na chale tb hindu muslim kar ke hi to movie se rupee chap sakte ho,Negative
tera baap kya jara,Negative
pakistan zindabad❤❤❤❤❤❤,Positive
mene ye tailer abhi tak 100 ho gye honge,Positive
7 0 india siraf movie men hi yeh sub ker sakta hai real men kya hoa sab ko pta hai pura india heckling hoa modi trump se ro ro ker kerta raha pakistan se aik baar jung rokwao,Negative
reality is k kalbhoshan yaduv abi tk pakistan ki custody my hy,Negative
mai ne tho movie dekhne ke baad bhi trailer dekh raha hai,Positive
good climax but duniya ka mustaqbil ab pakistan te karega india nahi welcome to islamabad accord,Negative
faltu scene 1 hamzaa flight tickets apni biwi ko ghar ke bahar deta hai 2 while fighting with arjun rampal wo dono niche girte hain uss scene me clear dikh raha hai hamzza iron rods ke upar gira hai fir bhi usse kuchh nahin hota jabki pet faad jana chahie tha 3 aur last ke seen mein jab vah apne ghar mein jata hai tab vahan ghar ke gate ke pass uski mummy uske bhanje aur uske syster chhat ke upar hoti hai fir bhi usse koi nahin dekhta aur sab ussi time ghar ke andar chale jaate hain aur apna hero unse bina mile vahan se laut jata hai kya writing hai,Negative
1 0:15 konsa song ka bgm hai ye,Neutral
100 million pahuchao dono trailer ko d1 d2,Neutral
kitni baar dekho maan nhin bharta,Positive
bai roj dekhta hooo movie or roj teaser trailr jb bi mn khraab ho koi or actor movie dekhte hi jehr lgti hai pta ni onda kyaa hai yaar,Negative
sahi kaha tha jasmine ne you are still not ready for this sala movie dekhne k bad to ye trailer or jyada acha lgta h ❤,Positive
loved the movie but movie ke end me jo bola ki balidaan hi dharam hai aur desh ke liye balidan sabse bada dharam hai i don t agree with that i think balidan kabhi dharam nahi ho sakta aur dharam ke liye balidaan se bada koi dharam nah bas yahi sach hai dharam se upar kuch nahi om namah shivaay,Positive
kon kon movie dekhne ke baad bhi dekhra h,Neutral
bakwas movie,Negative
bhai mai to movie dekhne ke baad bhi trailer dekh raha hu matlab samajh rahe ho movie ki awasome hai,Positive
movie dekhne ke baad bhi trailer dekh raha hu,Positive
movie dekhne ke baad firse trailer dekhne aaya abb jyada maza aya,Positive
kaha leke jaa rhe ho mujhe din mein hi was most dark,Negative
family vlogers apne life ke hr chez dekathy aur sunty hi but kuch specific moments ko chor k oska moqa mile na oo bhy share krdengy,Negative
paani ki bottle,Neutral
kya piyush sach me fail hua thha ??,Neutral
ambani mere lood pe,Negative
6:37 maina aapko gao bhej dunga,Positive
ise zindagi ka liya,Positive
can t believe 2 sala ho gye,Neutral
ye video meine kharid le hai dosto,Neutral
guruji ma chod di sabaki,Negative
5:10 din me hi,Negative
jb khudka kuch content na mile tab dusro ki copy krna pdta hai,Negative
piyush badiya hai,Positive
0 33 par carry bhai ne khud ki hi video dekh li coffee with jalan,Neutral
carry minati bhaiya apne hath se aapka video dekhna start kyon❤❤❤❤❤,Positive
kyon kyon naya vedio se disappointe hokar yaha aaya hai thoda hasne,Negative
coffee with jalan ko bhulane ke liye aya hoon,Positive
sab log yahi aa gye,Positive
7:28 par piyush muthhi laga raha tha,Neutral
piyush ko bhi rost kro,Neutral
yaar ye banda to alag hi level ka hai,Positive
aaj v dekh raha hu aapka video 08 01 2026,Positive
2026 me kon kon dekh raha hai,Neutral
2026 mai kon kon dekhta hai,Neutral
mza aaya bhi,Positive
carryminati bhai tumne acting bhut achi ki,Positive
ai hai bhai,Negative
naya video ni arha vai vote for new video,Neutral
udta beast❤,Positive
flying kutta bana diya,Negative
10:40 bin plane ka pilot,Negative
video dekhkar maja a gaya sourabh bhai bhi dekhiae unko bhi maja a jaega,Positive
mene bnaye aunty ji bahut hi tasty bne thanku so much ese hi ap new and delicious recipes upload krte rhiye,Positive
kapde pr paani lagayege or oil me bada dalty waqt oil udhega nahi na,Neutral
mam dahi skip kar sakte he kya?,Neutral
vada bht acha bnta h but suji absorbed so much oil,Positive
hi nisha ji maine wade banaye same apki recipe se par who hard ho gaye can u plz tell me were is d mistake,Neutral
mam maine ise banay the but y hard bane isa ku,Neutral
aapka wala batter bahut badia bana hai mene jo vade babaye vo hard ban gaye pls guude kare mam,Positive
kya machine se bhi bana sakte hai,Neutral
suzi vda bhi sambhar ke saath serve kr skte h kya pls reply,Neutral
agar suji meh garam pani meh bigoyen ge tho suji acha pulegi 10 minutes ke badh baki samagri dal kar banayenge tho soft rahega,Neutral
waha mam v yummy,Positive
verry worst recipie this soji vada i tried to tell this word after frying to get soji vadai is eaten like a stone,Negative
thanks di aapne bahut badiya banaya hai,Positive
itni achi se bataneke lie apko bahut dannobad,Positive
waw mam pless chatni banani bhi btao nariyal ki mam plesss thx,Positive
nisha ji maine suji ke barre banayen bahut hi swadisht aur kurkure bane yadi baking soda nahi den to kaisa rahega kyonki mujhe aisa laga ki soda ke chalte thora jyada oily ho gaya tha kripya apna sujhaw den,Positive
hello mam aj aftari me ise try kiya tha lekin ye uper se kurkura tha lekin andar se baht fula hua naram tha maine medium anch pe hi banaya tha kisi ko bhi pasand nahi aya,Negative
nice vada nisha g mei plastic sheet piece pr b rkh ki bnati hn mash ki dal k,Positive
curd ko skip nahi kar skte??,Neutral
sach mein lajawab hai,Positive
wow bahut vadiya mam thanx ji or vi banate rahe,Positive
maam maine bhi ye ghar mein banaya hai ghar valo ko bahut a66a laga thnku maam aap ki wajeh se meri cooking skills pehle se improve hui hai thnku verrryyyyyyy muchhh,Positive
baking soda mtlb meetha soda?,Neutral
kya sooji ko dry roast karna hai ya aise hi use karen,Neutral
mam agar hum baarik suji se vade banayenge to taste mai koi badal nahi hoga na ? and barik suji ko bhi 10min ke liye hi rest dena hoga ya usse kum ?,Neutral
love u mam i try this its yum aap koi recipie bataye or vo achi naa bne aisa nahi ho sakta love this recipie,Positive
mam i love u aap ki sari recipes bahut aachi h mene sab recipes banati hu thanks mam aap hamari ma ki tara ho,Positive
maie bhi banake dekh bahut achhya hua tha gharwale ko ko bahut pasant aaya,Positive
narial ki chatni ka link sear kre,Neutral
wow yummy nisha ji recipes k baare m to apka koi jawaab nahi,Positive
nice mam aap kitna acha bolti h or kitne acche se btati h ki koi bhi bna le thanks,Positive
mam apki har recipe bht achi hoti hai thnks for this video,Positive
aapki har recipe sar aankhon per mam i like it sooooooooo much or aapka btane ka tarika bhut sunder,Positive
aunty plz pineapple halwa banane ki recipe share karyena,Neutral
kya ise sambhar ke sath bi khaya ja skta h,Neutral
please kuch bataye kya karna padega,Neutral
mam ye batter thoda gada banayenge to nahi chalega,Neutral
gm madam ji suji ka vada aacha nahi bana samaj mein nahi aaya,Negative
nice receipe mam me first time bnaungi mother in law k liye thnk u for sharing this recipe mam,Positive
mam mene ye recipe try kri bahut hi ache vade bne h thankew mam for this recipe,Positive
mam apki sari recepies bht hi acchi or tasty hoti hain,Positive
mujhe aapki recipe bahut achi lagti h ma am,Positive
hum ne bana ke dekhe bahut tasty banai thanks,Positive
suji matlab kiahi,Neutral
very nice video yar i love bare,Positive
thank nisha ji fir ek bar my try karti hu,Positive
superb ma m har receipe aap jis tarha se batate ho use dekh kar bahut easy lagne lagta hai thank you,Positive
nice is ki chatni bhi btaiye,Positive
mam ye konsi suji use kare ap plzzzz batado,Neutral
kon kon deka hai 29999,Neutral
attendance wale bhaiya kaha pe haai aaj,Negative
bhuvan bhai koi new vide lao bahut deen ho gye,Neutral
only video without gaali,Positive
bil to 16 200 ka bangya,Neutral
100 baar dekhne ke baad maine dhyan diya ki bill to yaar h m ka hain sahi khel gya bc,Negative
bhai hisam mein to 15400 nikal rahe hai,Neutral
jeans =1100shirt =2000shoes =3500underwear=800hair cut=700parking=100saree=8000total 16200bhai ne shuruwat mein bola tha 15000 aur ho gye 16200 daya kuch to gadbad hai,Neutral
8000 ki saari ranveer singh seje shaukh chade hai isko,Negative
fun fact : mein 2024 mein dekh raha hoo woh bhi 600 ki pant 200 ko vest pehen kar,Neutral
underground matlab patal lok,Neutral
kya matlab purana video dekh k kaam chala rha hai,Neutral
iska baap patauti khandaan se or tera baap katauti khandaan se❤,Negative
lagdhi kutiya ki tarah chalti hu,Negative
total kharcha to 16200 ka baitha hai lekin sirf 15000 bataye hai ❤❤,Negative
bhai purane video se time pass kr rahe hain jldi nye laao na❤,Positive
zara se shopping but bill toh h m ka hai,Neutral
itne me 400 500 rumal ajate,Negative
mera 5th time hai,Neutral
patal mein kri thi ky parking= underground parking,Negative
4:05 itna mai 400 500 rumal aajata,Neutral
bb bhai late m shayri m galti kar di mote nahi beti ke bache dhevte lgte h,Neutral
3:14 aare kya 3 4 mushtande kiraye pr liye the scooty ki dekhbhaal krne ke liye?? the best,Neutral
bhai log h and m ke bill h but zara se shopping ki bhai ne,Neutral
naya ana to band hogya purana dekh k kaam chala lete hai,Negative
zara bolke hnm ki receipt dikha raha hai,Neutral
thappad kha lega : favourite line,Positive
vaiya this was an epic era firse eisa continuous vdo do pls apke yeh vdos bahut bar dekh chuka hu firbi acha lagta hain please vaiya please firse eise vdos banao,Positive
2:52 mai mami ji ki dari nazar aa rahi hai,Negative
aur log kehte hain bb bina gali diye hasa nehi sakta dude bb is way above❤,Positive
mujhe toh abhi taak samajh nahi ata ki kapdo ke brand se jutee khareede kaise,Negative
is bar mummy khel gyi bancho,Negative
no matter how cool your dad is ant mein unka dar barkarar rehta hai,Neutral
yahi channel h hamare entertainment ka zariya,Positive
itne mein toh tesh chalish rummal aajate,Negative
0:47 bb ko sunte sunte halat itni kharab hogyi konse card ko konse gand sunai de rha,Negative
hme to ek beti chiye thiwo kami tune puri kr di,Positive
kab ayega dindora laure,Negative
aap earphones lga k bhi bb k episodes parents k saamne nahi dekh skte hme hste hue dekh k wo bhi bolte h hme dikhao,Positive
kis kis ko is video ka purana title yad hai?,Neutral
8000 ki saadi ranveer singh ki jaisa ???? hahaha,Negative
2:53 aree aunty ko dadhi bhi aa gyi?,Negative
rohit k baap ne,Negative
new video kab ayega?,Neutral
hadd hogayi bancho banchos phone,Negative
bhuvan ke purane video hi best hai bhai iske saamne koi taza khabar or dhindora nahi,Positive
1:19 weight gainer hota hai mass bunk,Negative
bhuvan bhai hum aap ka bahut bada fan hai lekin mera naam neel hai ❤❤,Positive
kon kon dekh raha hai 2024 me bhi,Neutral
bancho sahi khel gaya they literally discussed about the spelling q u e u e aur uska zikr b nahi ho paya,Negative
school ke din yaad aa gaye,Positive
anpado ye seo or reach ke liye change kr rahe hai,Negative
love you bhai,Positive
fir a gya me,Neutral
just wait 1:23 u said asahiyog aandolan which is the non cooperation movement held in 1921 but in subtitles u mentioned it as disobedience movement which is completely different just mentioning don t take serious,Neutral
love you bhai yaar,Positive
jai shree ram,Positive
mene kon sa message kiya lol,Positive
bahi meri ma ka nam gai harami agli bar kiya to alg denge,Negative
abhi hamare hi 7th batch ke kisi class ne saath mai bunk kiya tha aur puri class ko head ke samne class teacher ne gaali di hai itni tez bak rahi thi ki hame 2nd floor tak sunai di,Neutral
best i love you bhai ❤,Positive
bhuvan bhaiya are you going to introduce sameers dadaji and kavita mami in future,Neutral
lakshy to phoch hi jave sab jagah,Negative
9:56 pe 2 daru ki botle kis kis n deki,Negative
archit issi liye kutte ko la ja rhe tha kiss karne,Negative
bro log khana khata hua aap ka vlog dakhta ha is lia toilet na dakhaya karo,Neutral
bhai bhindi se gass hoti h,Neutral
bhai tum log ko dog ke saath aise nahi karna chahiye tha,Negative
ssp navneet sikhera ji hmare yha ke hi hai,Positive
archit bhai ka boyfriend hai esliye eski koye girlfriend nahi hai,Neutral
are jack daniels bhai aap yanha,Neutral
9:46 sharabi gang hh bhai elvish puri,Negative
location ky h yaa,Neutral
bhai aapke mom dad dehkte h aapka vlog,Neutral
9:55 piche bottle dikh gayi,Neutral
jay shree ram bhai,Positive
elvish bhai ek genuine question hai jab raja ko shraap tha ki 7 pidhi tak santan nahi hogi toh satvi pidhi tak baat phochegi kaise,Neutral
bhai 9 55 pe daru rakhi hai piche,Negative
bhaii hamara hotel h bawal ke pass me jab aao tab batana pakka raste me wha ruk ke jana kab aaoge bhaii ye batao jldi,Neutral
gadi ko dent laga dia yar,Neutral
9:55 phichee toh dekhoo aunty ji ko v dikhana padega,Positive
padmavat ki shouting chittorgarh me huai he,Neutral
hello bhai aap bikaner k fort me bhi aana bhu acha h,Positive
9:55 pa daru dekh rahi hai bhai tare papa na dekh liya to bhot maraa gaa,Negative
elvis bhaiya bhaukaal season 2 aa gayanavneet shikera g kajay hindelvis bhaiya ek baar rewari ke rampura mahal me bhi ghuma digiye,Positive
bhaukal hai bhi to hmare muzffarnagar ki khatrnak kyu na hogi bhai,Neutral
elvish bhai apki video dekh ke mja aaa jata ha mere comment pe like kr do elvish bhai and reply,Positive
sari wine ki bootle dekh raha,Negative
bhai ap na archit bhai se ache se behave kia kro pĺs i don t like ap har bat me archit bhai ko kyu zhasitte ho pls,Negative
but jay shree ram,Positive
bhai kota aaoo na ❤,Neutral
@10:10 prr daaru ki bottle dekho,Negative
lakshay ko sath mat rkha kr bhaii,Neutral
bhai big fan yarr sachi mai aap ki jo language or jo smile haye ❤ bhai best youtuber yall bro love u yall jai hind jay shri ram,Positive
bhai ek bat bolu room ma daru kasa aa gai,Neutral
padmavat ki shooting chittorgarh me hui thi,Neutral
kosli meetup rakhiyo bhai love from kosli rewari,Positive
jaipur me konsi jagah h bhai,Neutral
elives bhai alwar aaoge na,Neutral
bhai tere bed ke paas sarab ki botal rakhi hai,Negative
bhai daaru ka bottel dikh rha hai,Negative
bhaii daaru ki bottle to hata dete,Negative
bhai ajju ko akela kyu chod dete ho bhai,Neutral
bhaiya daru kibolte to picpa lete,Negative
bhai ek baar kataria ke ghar toh aajao,Neutral
bhai aap ko bhut supporte krte h plz bhai aap history ke saath majak mt kijiye,Positive
amer fort hai bhi yha pa mai pura ghym,Neutral
bhai bhindi ke itne shokeen kyo ho ☺ ☺ ☺,Positive
par jo bol uncle ji ko thum log ne bahut parehsan kiya uncle ji be like kaise kaise log aa jate hai,Negative
bhai meet up wali video kab daloge,Neutral
9:55 ko delete kardo,Negative
9:58 daaru spoted ❤,Negative
swad aa gaya bhai elvish tumhra feature bright ha moj kar di,Positive
mai jaipur me hi hu,Neutral
mazzza aaya bhai,Positive
tu vlog kam bakchhodi jyada krta h,Negative
aare elviah bhai kaafi nuksaan ho gaya isko theek krvane mai to nahi gaadi aa jaigee,Negative
tum daru pite ho,Neutral
kutto se yaad ayi apna mark ni dikha kbse kriti didi ne kha rkh dia use,Neutral
bhai apke papa kha h,Neutral
1:56 varanya nahi tum ghar hila rahe ho abhi to,Negative
love you bhai ❤,Positive
bhaiya please ek help kr do please,Neutral
fish 0:30 farak rhi hai shark ne pakad liya,Neutral
bhai app ka bolero song me face kyu blurr hai ❤❤❤❤❤❤❤,Neutral
elvish ka father ajkal vlog mei kyu nahi aatei?,Neutral
ssc cgl ka form dala tha bhaiya ne last time kya hua,Neutral
elvish bhai se har bacha der jata h,Neutral
girl friend ne bataya hai,Neutral
chutiya sa hai ye to bkl,Negative
love you bhai ❤❤❤,Positive
bhai please limit me raho 13:50 apne maze kar rahe ho balak ke sath aur koi bhi hadsa ho sakta hai by chance agar slip kar jao toe? please don t do that kind of things with kids,Negative
bache ko bde ho jane ke bd ptaa chlega ki mama toh bht bda harmi admi h ❤,Negative
bhai ya kya laughter chefs scripted show hai kyuki mane jo appne magic wali video dali this 11 days phle wali video main jannat ke hand main script dekhi thi,Neutral
sala faltu shehbaz ko support nehi kia uski behen shehnaz tujhe support kia jab sab ne tujhe jutti se pit dia snake wala sala ehsan faromosh kitna poysa lia mridul se chutia jesa muk tera shehbaz winner,Negative
7:22 system pe moot diya,Negative
jo board fail ki dhamki de vo khud fail hojayega,Negative
elvish bhai tum patle ho gaya ho yr,Negative
elvish ki galti nahi hai haryana mae mamu bhot pareshaan kerte hein kansh type,Positive
aaj aaya h phela wala vlog bhai,Neutral
elvish bhai apne podcast me nia sharma ko bhi bulana,Neutral
var ya ko sirf english kyu sikha rahe hai? this is the problem in india now they think english sleaking by kid is cool but enflish ke sath hindi haryanvi jo bhi mother tongue ho issi samay sikhana chahiye they can learn two even three language easily at this age,Negative
bhai anup bhai ne new tractor le liya ha,Neutral
ye jo ap bachi k sath kr rhy ho sahi nahi is sy bachi ko childhood trauma ho skta ha,Negative
mamu ko dekhkr chote se he darti hai varanya clean shave karo tum beta woh dar jaati hai anvay bahut sweet hai mamu ke saath varanya ke liye gift lekar aaya karo tabhi woh manegi kyu varanya ko dara rahe ho gande mamu lovely family❤❤❤❤enjoy,Negative
ye phla balak hai jisne mama ke pass jane se mana kiya hai,Positive
yeh grey sweatshirt m ldki elvish ki hone waali wife h kya??,Neutral
2:48 believe me guyzz elvish chuku se b chotta h,Negative
waaah rao mastt chuuku❤❤❤❤,Positive
so cute baby apni biwi ko bhi aise hi dalenge elvish ji ❤,Positive
elvish bhai always top ❤,Positive
aaj mja aayaa family ❤,Positive
bhai tujhme tbi case hote hai bache ko utha raha hai mazak mazak mai kbi hath se fisal gya n lene k dene pd jayege,Negative
anvay ne kya kardiya systum pe ye sirf wahi kar sakta he baki koi me himmat nahi he ye karne ki,Positive
vaaaaaiiisaaabbb kyaaa vlog thaa yehhh ohhhhhhooo vaaaiiii petttt faat gya haas haaske,Positive
ye bacca elvish ka kiya lagta hai,Neutral
7:52 ye asli reality hai har hospital m govt ya private dono mai,Negative
elvish in his baddie era for chukku chukku ka dar khtm ni hota aur anvay darta nii too much fun,Positive
bhai bhai thoda acha feel hua aaj to happyelvisharmy ❤,Positive
deshdrohi ka record koi ni tod skta kya kaam kiya tha apne dhurrendhar uske samne kuchh b ni h,Negative
saale srk aur ranbir ka chatukar,Negative
iski bhi jali hai bss jata nahi rha,Negative
muhammad bhi aisa hi tha,Neutral
tu bhi khush nahi hai re double dholki,Negative
krk bolywood wale dhurender pe nahi bole rahe hai us per bhi news banaye please krk ko der kyo hai news banane mei krk ko ab hero thodi babnna hai so pls news banaye,Neutral
jhooth bol raha hai amir,Negative
yaar tum bhi bik gye ho baut dukh hua ek hor andh bhakt paida ho gyashame,Negative
kya baat hai krk dimag ho to aap jaisa kamaal ke ho aap,Positive
krk sir aap padhte ya research nahi karte kya note bandi ke baad kitni fake currency pakdi gayi hai thoda bolne se pehle soch liya karo gov data hai pura year wise fake currency ka,Negative
in d company walo se kisi ko farak nahi padta hai log boycott kar chuke hai in lukkho ko fake collections dikhate hai hyper banane ke liye bus khud hat jayenge thode time me yeh dhurandar fictional or propaganda hogayi toh haidar shikara jaise movies kya hai extreme propaganda dhurandar is a fictional movie with timeline based and inspired from reality,Negative
14:19 bhai bass kar,Negative
abbey teri itni jal kyun rahi hai dhurandhar se?,Negative
gaali upshabh upshabh gaali gaali gaali kyu h kya h aap sab samjhdar ho,Negative
15:05 jhute,Negative
main nahi maanta ranbir kapoor sabse bada superstar carractor wise dekhe tohh ranvir singh hai ❤❤❤❤❤,Positive
this was nabil gabol not jamil jamali nabil gabol says jamils character is inspired by him fake news reviews analysis movies kuch asal or sachi baat bhi karo yaar jahil krk,Negative
propaganda hi v to pakistan k khilaaf to is desh k pakistan premi ko burra to lgega aur jydda bollywood wala pakistan premi hin,Neutral
netherlands say kash hmara desh bhi kuch sikhta corruption mai mauj karhe h sab aur janta ko propaganda movie mai interest h bas,Negative
epstein files ke upper movie kyu nahi banate,Neutral
bhai tere baton se tere vichar pata chalta hain aur tere vichar batatein hain k tu kitna bada gawar aur jahil insaan hain,Negative
muslim logo koi bhi poll kholo toh sabhi log ek satg sath propaganda propaganda karega,Negative
krk accept now ranbir tere jala diya accept kara he wins,Negative
krk ap me b dimag nahi hai ye videos ap sirf entertainment purpose ke liye banate ho first page pe disclaimer diya hai for entertainment purpose only,Negative
shilpa shetty ke dress ke neeche krk ka wig lag raha hai,Negative
krk ne ranbir ki mithai khai hai,Negative
ekbar tune b kaha tha dhurandhar ko propaganda movie aur yashraj movies me jo indian spy ko rogue dikhate hain aur isi ko acha wo propaganda nahi hai? tum jese log logo ko dhokha de rhe ho,Negative
dhurandhar 2 ne rail bana di h bollywood ke so called damads ki,Positive
tiles kab changed karega lukkhe,Negative
dhurandhar 2 chal gyi aur 2 rs jihadi lukha krk ne puri koshish kari thi picture ke baare main khrab bolkar,Negative
02:18 mai aamir ke bat se sahemat ho q ke ye film main b nahi dekhi sirf tareef hi sun ro q ke main b nahi dekah,Neutral
tu to bolta tha dhurandhar nahi chalege ab to chal gyi aur tere jal gyi lukhe,Negative
aditya dhar ek baccha hai abhi woh kuch bhi dikhayega to daikh lainge hum kya bewakoof hai jo 4 ghante dard kar lain,Negative
dhurandhar 2 ek bakwas movie hai business lai kai kya karen ek propaganda movie hai,Negative
same blazer mere pass bhi hai,Neutral
ye lukka aur iske sare jamati including dawoodwood is in deep depression and i am extremely happy seeing this,Negative
ye kaha ka bathroom hai,Neutral
chand mera dil film maine pichle hafte dekh li hai test screening mein,Neutral
tujhko review ati hai lukhe,Negative
pakistan was created as 2 nation theory if this guy was in pakistan he cd not have given his freedom of expression,Negative
dhurandhar se is lukkhe ki bahut jali hai bas chupa rha hai,Negative
akshay mithai ki yaad dila raha tha shilpa shetty ko,Neutral
rakesh bedi ne galat kaha chhua sharm aani chahiye kisi bujarg ko vese hi tharki bol rahe ho,Negative
pehle 2× speed se dekho fir vapas normal speed karo dekho kya hota he,Positive
krk sir ji sab kuch bahut acha laga par last wala sabse jyada acha tha love you sir ji respackt,Positive
krk bhau london kab jaoge aap abhi bhi india me ho as per background tiles,Neutral
chup beh lukkhe,Negative
agar rajnikant allu arjun ss rajamouli sir jaise mahanayak agar movie ki tarif kar di toh fake bhaando se kya umeed karni movie ke tarif ki,Positive
ranveer singh > ranbir kapoor like thoko jo jo agree karta hai,Neutral
3:12 tere kehne se ghanta farak padta hai tere kehne se teri biwi beti aur beta ko bhi ghanta farak padta hai teri biwi beti aur bete ko bhi pata hai ki tu lukha aur double dholki hai,Negative
hindu ko gali de jaygi kisi movie m or tb hindu kya krenge bycott krenge muslim ko gali dena mtlb picture chal gyi waah bhai chara nahi dikhana bs muslim ko galat dikhana movie ko hit krna hai isliye ise propgenda keh rahe h kaash hindu ko bhi dikhaya jata ki galat dikhna kesa hai brainwash krna kesa h jo yeh movies kri ri h jinko akal h woh sahi h jo kutte hai wahi dhurandar 2 ko best movie khte h,Negative
wo cycle pe chalenge to put jaenge,Neutral
ek point note karojab se lukhha bhai jail se aaya hai bollywood woalo ko pahele jaisa bura bolne se dar raha hai lekin krk bhai tumhare show ki jaan yahi baat hai ke tum bollywood walo ko bahut bura bura bolte ho agar tumne pahele jaisa show me nahi bola to public ka intrest tumhare channale se khatm hosakta hai islye agar tumko apna channel chalana hai to pahele jsa hi bollywood walo ki chaddi utarte raho public ko bhi maza aata haiaor haa apni besuri awaaz me wahi swagat wala gana bhi gate raho usko bhi sunne ko bahut se log taras rahe hai bollywood pol khol me aapka swagat hai ji aapka swagat hai,Negative
kamaal bhai aditya dhar ne propogenda banaya to hai lekin esne saare true events dikhaye fir pulwama kyo nahi dikhaya esilye nahi dikhaya kyo ki ye bjp sarkaar me hua tha mtlb saaf hai,Negative
abe lukhe kitna jalan ho rhi hai isko dhurandar se,Negative
100 150 rupees ki trophy,Negative
dekho dekho aa gaya lukkha apni ghanti dabwane aa gya,Negative
kuchh bhi bolo sar aapke hansne ki style badi jordar lagti hai muje,Positive
aap logo ek chiz notice kiya hoga k mere lukkhe dost ki hasi bhii fake hain,Negative
18:28 abe lodu jawan aur pathan ki corporate booking huyi thi na ki dhurandhar ki dhurandhar ka ticket mil nahi raha tha starting week me,Negative
bhai duggal sahab ko bhi ek aword de dete enko bhi bollywood me 10 saal ho gaye hai,Negative
bachha hai tu mera aaja tujhe triple dholki banao,Positive
jo actor nahi chal pa rahe unke paas ek hi raasta hai proper ganda film,Negative
aapka kehne ka matlab ye hi ki pakistan 500 ke duplicate note 60000 crore ke india me distribute kar de aur baad me note bandi karni chahi thi,Negative
akki shilpa se puchraha thaa apke aam acche lagrahe hai,Neutral
teri movie thi bhai deshdrohi vo movie nahi h tu khud h deshdrohi,Negative
pakistan ke khilaf koi bhi film banao bollywood walo ko problem ho jati hai keya chakkar hai bhai,Negative
sir aap india mai kaise arrest ho gaye aap toh uk dubai or london mai rehte ho,Neutral
teri baton ka koi velu nahi,Negative
dilbura uncle aakhir mard ban gaya budhape me,Neutral
hakla sharukh maha flop hai 15 saal se flop chal raha hai fake corporate booking karta hai,Negative
ek time tha d gang ke paise se hindi movie banti the aur log d se darte the aaj ye halat he ki ushi d ko aaj villian movie me dikhate he samay kisi ka ek jaisa nahi rehta,Negative
abe lukhhe i am buddha ek production company hai koi film nahi hai apne aap ko no 1 film critic kehta hai,Negative
ek baat batao pakistan ko galiyan padti h to aapko q dukh hota h,Neutral
tumhari koum ki yahi to khass baat h galat ko galat nahi boltenot bandi galat kaise h ye bata pehle,Negative
ab yeh paagal jee nahi paayega,Negative
lukkhe ageya,Neutral
shilpa ko trophy isne zindagi main kiya kyaa hai khali,Negative
dawood se paise lekar movie karte hai isiliye dhurandhar ko propaganda to bolenge hi ye bollywood wale,Negative
tumko jyada taklif haibas bol nahi rahe ho,Negative
hame jameel se kya lena dena,Negative
7:29 bhut harami h tu,Negative
kaun kaun chahta hai krk bhi podcast start kare,Neutral
kuchh jyada hi time weast kar ke escape kiya bhai,Negative
bro video upload kab karoge,Neutral
bahut bhadiya hai bhai,Positive
ff kyo chhod diye,Negative
bhai new vidio kab aayegi ff ki,Neutral
bhai sab acha hai par i need herobrine smp back,Positive
ajju bhai ajj bhi apne name ke aage 94 lagate hai,Neutral
jo bhi mere sath turnament kheloge vo reply de,Neutral
bhaiya free fire khelo please,Neutral
bhai aap shorts kyon nahin dalte?,Neutral
agar tum aju bhai ke fan real fan ho or free fire player ho to is uid me emote gift karo only legend 12343723671☠ ☠ ☠ ☠,Neutral
bhai ek bar mlbb khelo,Neutral
ajju bhai minecraft survival series start karo please,Neutral
bhai ap uncharted of lost legacy game series khelo bahut adventures or excited game hai,Neutral
aaju bahi aap kab shadi kar raha ho,Neutral
raju bhai please granny chapter 6 khelo ❤❤❤❤,Neutral
ajju bhai gta 4 khelo,Neutral
ajju bhai payal bhabhi se sadhi karlo ❤❤❤❤,Neutral
ajju bhai free fire ki video kab ay ghi,Neutral
thumbnail me acche dikh rahe ho,Positive
room open hai,Neutral
fir ohi bat agai admi jo garib hai na yoo sala apni adat se garib hai,Negative
18:14 chimkandi giri,Negative
ajju bhai the legend of a granny,Positive
ajju bhai heart dedo please,Neutral
ajjubhai udhar game khel raha hai or mera dil idhar dhak dhak kar raha hai,Positive
bhi ab to aap gu kh lo,Negative
ajjubhai jab se ap ne free fire ko leave kiya ha tab se apke view nahi a rahe,Negative
jate jate instagram ko pela diya,Negative
old squad ka sath gameplay plz bhai,Neutral
log hote honge gf lover bhabhi lover aunty lover apna ajju bhai to granny lover nikle,Negative
ajju bhai ki gaming bhot achi ha ❤❤❤,Positive
ajju bhai ap kya khelte ho wow,Positive
bhai or jada videos banao,Neutral
2026 february kon kon dekrehe ho❤❤❤,Neutral
hello ajju bhai kasa ho,Neutral
ajjubhai amit bhai munna bhai = tabahi,Positive
ajju bhai main aapko change karta hun ki ko do 2 say harao,Neutral
aaj tak jisne bhi mujhse only one kara hai vah hare ja raha hai,Neutral
bhai aap apni id ka nickname batao,Neutral
ajju bhai ek match kheloge mere dost ka,Neutral
ajjubai mere sath ek khelana,Neutral
dam ho to raistar hara kar dikhayo,Negative
are bhai anju hai ka face revile ho gaya,Neutral
bande hee bkl hai kuch khelna ata nahi or 90 level ki i d kharid li bas bkl,Negative
maa kasam jisne like nahi kiya vo exam mein fail hoga,Negative
bhaii plzz meri ak47 max kardo bhaii,Neutral
2026 me kon dekh raha hai,Neutral
aaha tamatar bade mazedar aur _,Neutral
one of the best ajju bhai❤❤,Positive
ajjubhai ko one tap nahi khelna aata hai kyaa bhai,Negative
ajwain to bahut achcha khel rahe ho,Positive
ajju bhai apka real name kya hai? ajju bhai,Neutral
kitna noob khelta he ho ajjubhai or sab kehte he ki ajju pro sab gadhe he es me dam he to raistar ke sath custom kyu nahi khelta,Negative
bhaiya mein bus ek pyari nahin please humko ek dijiye na,Neutral
bhai aapki to tarif hi karte hain ham,Positive
aap jab awm chalate ho tab aem kase aata he sentar me small sacral kese late ho,Neutral
hm dekh rhe he,Neutral
colour change hone wala gloo wall diwado,Neutral
ajjubhai aap itne pro ho to mere sath game khelo mere uid 2992514672 aajju bhai aap ko chelleng,Neutral
kya tum log pc player ho,Neutral
ajju bhai acha khel rhe ho,Positive
dg banjara samaj ke liye kya karen jab tak ki hai ki is tarah se kya hoga yah to kya hua jo bugget friendly room uuo hai kya yah sambhav nahi,Neutral
here after samay s still alive video kyunki carry ki comeback yaad aa gayi thi,Positive
maza aa gayacarry bhai one more ais song banao,Positive
sidu moose wala ki tarah banao any ways good i like it ❤,Positive
2:06 second dhruv rathi ko bhi pel diya,Negative
maza hi aa gaya bro,Positive
kya hai ya ?,Neutral
op song bhai,Positive
5 april wale like karo,Neutral
inki bhook bhi to mene hi mitani hai,Neutral
gana sunkar jis jis ko goosebumps a gaye sirf vah like karega ❤gane ne faad ke rakh diya,Positive
pura fayda utya lockdown ka chu tiye ne,Negative
oh bhai literally,Negative
31 march ko kon kon dekh rhe ho like this comment,Neutral
yeh like ka button nahi dikhra hai,Neutral
then baccho pe right of copy pr bhai mai happy hu aapse pr mera jhat jalta hai bhujao na,Negative
mkc aaj tak comment famous na hua kya aaj ho gya,Negative
ajjj kon aya hai,Positive
motivational ka baaap❤❤,Positive
bhai aura,Positive
dubbing to bohut dangerous hai ☠,Positive
captain : meri haircut copy mat kar,Positive
kaan taras gaye the awaz sunne ke liye,Positive
0:57 pitaji toh nahi par loki zaroor sunn raha hai ❤,Positive
lagta hai ki thor ki fielding set hai isa baar,Negative
0:57 emotional kar diya bhai ne,Positive
kaash bharat ke aur loog samaj sakte marvel ka craze ❤,Positive
gaurav chopra thor voice artist ek number bhai,Positive
aaj 5 january ko dekh raha hu waiting for 18 december❤❤❤❤ paav bhaji eating blood test x ray,Positive
avengers infinity war me bhi thor ke baal chote the or saare avengers haar gaye the thanos se and again thor ke baal chote hai or rumors ye keh rahe hai ki avengers harenge doomsday mai ☠,Neutral
acp praduman will return in avengers doomsday with his famous dialogue ye kya bak rhe ho ma,Positive
duniya khatam hone se pehle ani chahiye thi ye movie,Negative
0:39 thor will die after fight true thor ki bate sunkar hi pata chal rha hai,Negative
hollywood movies ki yeh baat kaafi aachi hai ❤❤❤ apni starcast mein kabhi change nahi kerte same to same rakhte hai ❤❤❤ aur bollywood mein toh kuch na kuch change cast mein hota he rehta hai jaise ki drishyam 3 mein akshay khanna ki jagah jaideep ahalawat aa gaye,Positive
tufannn ka netaa hamara ❤,Positive
abe 26 mein to duniya khatm hai,Negative
ab hoga thor ka comeback ❤❤,Positive
bahi cinemacon mai avengers doomsday ka trailer dikhaya geya hai jahape doom thor ke strombreaker ko apne 2 ungli se rok diya hai,Neutral
1:15 mera masum chris hemsworth sirname me he worth hai ❤ mrte nahi dekh sakta bhai,Negative
i think ab hoga asli endgame dar lag raha hai,Negative
aag lagegi ab to theatere mai,Positive
sir avengers doomsday ka trailer kab aayega ❤❤,Neutral
1:05 agar iss movie mein odin aa gya tab ☠,Positive
ye scene deadpool ke paas thor ke marne wale scene ke baad hi rahega,Neutral
pure saal iska intezaar karna hai ab ❤,Positive
loki kaise ho mere bhai ?,Positive
bhai ❤ ab maja aaega❤❤ old avengers is back ❤,Positive
jab maine pahali iron man theatre me dekhi thi tab main 23 saal ka tha ab jab main doomsday dekhunga main 42 saal ka ho jaunga yeh safar marvel ke saath bahut shaandaar raha aage kya hoga is excitement me 18 saal kaise nikal gaye pata hi nahi chala,Positive
sab movies ka rec tod kar ek naya record banane wapas aa raha hai sab ka baap avengers dooms day,Positive
pitaji sune ya na sune public ka sun na zaruri hai,Positive
1:00 dariye maat thor bhaiya loki apke sath hai yo dekh lega ❤,Positive
thor vs rdj dr doom fight toh banta hai,Positive
mai ye movie dekhne vardi me jaunga,Positive
finally aawaj pushpa serial ke baad aap ka voice sun ne mila,Positive
toofan ka devta ❤,Positive
thor v dara hua hai to samjho dooms kitna kitna khatarnak hoga,Positive
thor ki bate sunkar lag rha hai thor marne wala hai fight ke bad,Negative
yaar ab or intzaar nahi hoga lag bhag 5 saal non stop wait to watch an avengers movie on big screen the wait is finally over ❤,Positive
itni lambi date,Negative
26 me to duniya khatam hai doosday dekhene ka sapna sapna rahgya,Negative
bro thor insane power in doomsday damnn nnnnnn lagta he movie ke end me thor akela hi hara de ga br doom ko bruh insane power hogi thor ki full potential,Positive
pata nahi kya hoga par thor kafi hard takkar dega doom ko,Positive
maa kasam hai jisne bhi subscribe aur like nahi kiya wo pakka board exam main fail hogaa,Negative
thor aaega bhawal machaega,Positive
ek akhri yudh means,Negative
what does it mean uske pass loat sakku is she dead or just not there,Neutral
akhri baar mtlb thor retire ho jayega dr doom se fight kr ne ke baad we will miss you thor❤,Positive
agar koi bole baalo ko dekh ker darr lag raha hai to samajh lena thor aa gaya,Positive
socho bhai odin aa jaaye kyaa scene hogaa,Positive
1:13 me jo 1e:17ber:02020 hai iska kuchh matlab hai ya sirf glich hai?,Neutral
my hero tufan ka devta,Positive
hindi voice mein aisa lag raha hai jaise thor mahabharat ka yudh ladne jaa rha ho or shatru duryodhan ki jagah dr doom hai,Neutral
jab thor serious hota hai toh koi villain tik nahi pata,Positive
thor apne father ke role ke liye nice beard ke sath a gya,Neutral
bhai kuj hulk ke bare mein b bata do,Neutral
thor be like : mai kisi ko nahi chhodega sala,Positive
is video ka kaunsa part aapko sabse zyada pasand aaya?,Neutral
isme spiderman bhi hoga kya,Neutral
lekin 2026 mei duniya khatam hei na,Negative
thor maar dega dr doom ko ❤,Positive
intezaar khatam ab dikhe ga thor ka peak form ⚡⚡⚡⚡,Positive
that param pita is loki now,Neutral
yah banda alag hi level ka hai,Positive
avengers doomsday jaise story aur action na south wale la sakte hai na bollywood wale la sakte hai,Positive
yani dr doom thor ki beti ko kidnap karega doom bhi gor ke tarha baccha chor hoga kya ??,Neutral
thor ⚡ maja aane wala hai,Positive
bas ek he shabd hai gajab,Positive
bade afshose se kehna pad raha hai ki avengers secret war mai apne og avengers nahi rehenge,Negative
thor dar nahin raha hai wo kisi aur duniya main chala gaya hai aur iss dunia ka villain ko hara kar hi wo apni betide duniya main wapis ja sakta hai,Neutral
odin be like mujhse kya mang raha hai mai to khud mar chuka hu,Negative
avengers doomsday series hoti to maja aata,Positive
bhai sahab thor tabahi macha dega iss bar,Positive
iska mtlb thor ka end of era ho raha hai,Negative
thor jo infinity war me tha use khatarnak hoga doomsday me likh ke lelo ⚡ ⚡ ⚡ ⚡,Positive
ab comback hoga,Positive
thor ka fairwell hone wala lagta hai,Negative
sachme yar kya voice diye hai dekhehi malum chalraha hai ki ye movie record banadegi,Positive
ye to mere birthday ke din aa raha hain ❤ ye to mera b day gift hai maja aayenga,Positive
muje captain america vale teaser se ye wala teaser achcha laga,Positive
thor love thunder ki puri movie se jyda acha thor doomsday k teaser me dikh raha hai,Positive
purana thor aa gaya wapas,Positive
ohh bhai ham to sochre the ki vo last part tha,Neutral
itna khatarnak fight hone wala hai jaisa lag raha hai,Positive
dosto taiyar ho jao,Positive
aag lagadi aag lagadi,Positive
thor ko abb realize hu a beti ki value what about our hero stark he already knows then also sacrificed himself for better of whole earth i am not hating thor it is only time of realization ❤,Neutral
mujha abhy bhy goosebumps arha hain,Positive
bhai sahi me na avi doomsday aane wala hai,Positive
goosebumps aa gaye ☠,Positive
yooo ab maja ayenga na bidu,Positive
dekhna movie is trailer se bilkul hi alag hogi ye aur captain america ka trailer ai made jyada lag rha ha,Neutral
ab pata chala deadpool and wolverine me thor kyun ro rhaa tha,Neutral
12 month wait krna padega sala mid me dena tha 26 me to duniya khatam hai,Negative
le beta thorr : the hatoda man,Neutral
apna purana wala thor aa gya bhiyo,Positive
isi ka intezar tha❤,Positive
pura 1 saal baki hai yaar itna late nahi karna chahiye tha,Negative
ye toh big boss mein aya tha uski awwaj hai,Neutral
shri krishan ji pkka sunenge thor ki pukar,Neutral
1saal wait karna padega bhayy thode jldi nahi la sakte kya pta mai kab mar jau,Negative
mind blowing extra ordinary an aayega maza,Positive
0:41 akhari yud iykyk☠ ☠ ☠ ☠ ☠,Neutral
badi jaldi trailer dala,Negative
mr wattset ki bakchodi ke baad doomsday ki bakchodi,Negative
zada time nahi sirf 18 dec bas❤❤,Positive
bhay webseries dekh liye kya bhai log,Neutral
0:05 aura hai es voice me,Positive
kon kon doomsday movie ka intezar h >,Positive
yad nahin baje thor aakhiri fight kar dena to,Negative
26 me to dunia khatam hai : kaise dekhenge @indiamarvel ?,Negative
abhi maaza aayegana bhidu,Positive
marvel be like:system phar dege,Positive
yr marvel kya bana rha hai,Positive
meri loki aur tori ki jodi phirse,Neutral
thor ka hindi dubbing bilkul sher jaisi awaaz hai,Positive
matter bht serious hai ⚡⚡⚡,Positive
itne saalo baad odin ko yaad kiya hai,Neutral
bhai goos bumps agaya,Positive
asadharon video thanks for sharing,Positive
tony sabki faad dega is baar,Positive
lagta hai thor retirement lera hai,Neutral
1 sal bad aayegi ye movie,Neutral
bhaiji lekin 2026 mein toh duniya khtm he aaj last day bhaiji jeelo ache se,Negative
rahman dakait tere sath bhai tension maat le,Neutral
challenge accepted bhaiya,Neutral
mai sun rha hoon putra,Neutral
sukun mil rha h marvel k return se,Positive
bapre hindi me vi available kar diya,Positive
or 12 months wait karna parega,Negative
hum to king dekhne jayenge only srk,Neutral
apna thor kuch bada karna wala hai❤❤,Positive
loki sunn raha hoga,Neutral
ab to stan lee bhi nahi h to haircut kisne kara,Neutral
mujhe yeh voice dedo pls ❤,Positive
dubbing mast hai,Positive
kya yr ab itna lamba wait krna hoga,Negative
doomsday vs king kon jitenge,Neutral
dr doom ab hu ga come back,Positive
big big super dhamaka,Positive
1:02 ab hoga bawal,Positive
akhrri yudh,Negative
yr ek sath sab ka bta dona ki kon kon h ek ek kr q bta rhe ho,Neutral
pela thor ko puri strength use karte hua dekhna hai in normal form,Neutral
yeh devdas bna kyu baitha hai?dr doom ne bajayi na,Negative
arrey marvel jaldi release karo,Positive
0:59 nahi sunega chal bhag,Negative
mention to karo hindi trailer hai kar k thumbnail or titel mai dhundna padhta hai,Neutral
lagta hai marval bale thor ko nipta denge,Negative
ye sab characters ko vapas liyege,Neutral
dar ka mahol,Negative
ahhh pitajiii,Neutral
2027 1 january ko aega bhai log sabar khatam,Neutral
wooden ka betaa aayega jaldi,Neutral
kya thor odin force milegi???,Neutral
ye avengers ki movie hai ya thor ku,Neutral
marvel please increase thor hairmaja nahi aarha chote baalo me,Neutral
doctor gya ab tw,Negative
hello vijay bhai agr tum mujhe phechan jao to reply karo,Neutral
means is bar thor mara jayega,Neutral
voice mai gar gar hai,Neutral
hope in hindi dubbing hagganga nahi ye log,Negative
kal kuch daal dena saaalo,Negative
doctor strange kaha hai,Neutral
wo sb to theek hai pr kya dec 18 tk dunya bachi rahegi,Negative
thor mar jaayenge isme,Negative
wo sab thik hai par thor ro kyun ra tha,Negative
ab maja aayega,Positive
ka thor bhai jbse baal chote krwaye h tbse rote hi rhwe ho,Negative
haan to 1 saal baad,Neutral
yeh girl tho chris ki asli beti hai na ?,Neutral
aawaz me dum hai,Positive
bina inke waise bhi mostly flop hi hui hai tabse,Negative
ek beti jo aap ki khud ki hain india hemsworth nepotism,Negative
ye banda begging kyu kr rha bhai? kiski aukat hogyi jo god of thunder ko iss stage pr chhor de kya apna thor haar jayega dr doom se??,Negative
18 dec kaisa majak hai,Negative
fad den bro,Positive
yaar yeh thor ke voice actor ko kyu badal diya avengers age of ultron and thor dark world vaala badiya thayeh kisko le aaye,Negative
kaas iron man be aata,Neutral
kya fayda 2026 main toh duniya khatam hai,Negative
release date kab hai,Neutral
kat gya bhai 1 saal pehele trailler kon deta hai,Negative
ye sala sab ko ghasit ghasit krr wapis la rha hai krna kya chahta hai aakhir marval cinema band krwa ke manega kya,Negative
itana sudha hindi,Neutral
1 00 se keya bakwas dikha raha hai,Negative
0:02 hath me nunnu pakde ho na,Negative
00:01 all correct bas phone ki jagah laptop hai,Neutral
0:02 itna bhi sach nahi bolna tha,Positive
00:01 nahi bhai ac mai baitha hun,Negative
what if woh morgan stark ke paas bhi jaye joki tony stark ki beti hai ??,Neutral
tujhe kaise pata,Neutral
i think film mein yeh sb nahi dikhayege yeh sb introduction he hai jo excitement badayegi janta ki movie ko leke abi or characters ka shyd promo teaser aye lekin film ki alg story rhe gi,Neutral
0:01 bhai itna relatable,Positive
0 01 mere room mein tera camera hai kya ☠ ☠ ☠ ☠ ☠,Negative
0:03 bhai all correctbut pholo vala kambal,Neutral
00:01 nahi mera purple hai aur koi phool nahi hai00:02 phome to niche hai laptop me dekh rha hu00:04 bas aapka notification dekh kar agaya00:06 nah i m batman,Neutral
thumbnail ne to pani pani kar diya,Positive
0:01 guru me to khana ka raha tha,Neutral
starting me hi pakad liya mera camera on hai kya,Neutral
0:01 sleeping bag tablet hann pookie to hun,Neutral
phulo wala kambal nahi hai baki sab accurate hai,Positive
aag tap raha hu,Neutral
0:00 nahi bhai,Neutral
0:01 bina kambal ke soya hun tablet pakda hua hai or thumbnail dekh ke click kiya hai or pookie ka pata nhi,Neutral
agar koi future se ho to bta dena ki shaktiman movie kab aaye gi,Neutral
meri theory ye hai ki tva ne peggy carter ko arrest kiya hoga aur steve rogers ke bacche ko bhi vo mitana chahenge to aisa na ho isliye steve dr doom se madad mangega ya fir dr doom use apne fayde ke liye apna herald bana lega aur steve apne bacche aur biwi ko bachane ke liye dr doom ka sath dega agar aisa to hua to hame doomsday mai new vs old captain america ki fight dekhne ko milegi aur aisa hi kuch thor ke sath bhi hoga matlab ki hame doomsday mai og avengers vs new avengers and x men dekhne ko mil sakta haiand one thing @pjexplained disappoints ❤,Neutral
lagta hai bhabhi ji ne yehi sab pj bhai se bola hai,Negative
meri video kasi lagi bhaiyo,Neutral
0:01 bhai itne pyaar se toh voh bhi mujhse baat nahi karti,Negative
00:01 bhai kahan camera fit kiye ho mere room me,Neutral
pookie nahi hu,Neutral
0:06 haan bhai haan par kaise pta,Positive
bhai thumbnail,Positive
bhai is movie ko 31st ke din release karna chahiye 2026 me to duniya khatam hai,Negative
ek series me dekha tha future avengers wale scene me ultron sab pe kaabu kr leta h toh sabke bache duniya ko bachate h jisme thor ki beti hoti h jiske weapon ek sword hoti h or ha usme hulk ka bacha nahi hota,Neutral
sab galat laptop pe bina phool wale kambal mein hun ab dekhte hai pj explained,Negative
0:01 pj bhai ne charo taraf se gher rakha hai,Neutral
captain america thunder power bhee abi gain kare❤❤❤,Positive
pj bhai sach bata raha kasam se fulo wala kambal lapet ke hi video dekhna chalu kiya,Positive
0:01 sofa pe bethi hu biryani khaari hu,Neutral
flowers wale kambal ka tumko kaise pta bhai ye video 1 ghante pahle aayi tab main kaam pe tha magar ab 7 baj kar 25 min me rajayi me ghusa hua hu,Neutral
movie 2026 me ani hai to trailer abhi kyu a raha hai,Negative
00:02 nahi bhai mere hath me ho hathiyar hai,Neutral
bhai ne mera actual moment bata diya,Positive
bro ye same vibe de rha vo carry minati ke bhot tez ho rhe ho jaisa,Neutral
o bahi jadugar ho kya sahi bola bhai bilkul sahi,Positive
abhi to mahol set hone laga hai doomsday ke liye,Positive
0:01 nahi yar padhai kr raha tha,Negative
bina fool wala kambal macbook :,Neutral
bhai ka opening,Positive
0:25 are ha bhai haa,Positive
vecnia ko bhi bacche chahiye aur idhar dhoom ko,Positive
pura correct bola,Positive
bhai muze ek second ke liye laga mere phone ke camera se dekh raha hai,Neutral
bro when you ask kambal mein hona main really phoolon wale design ke kambal mein tha,Positive
abe sab sahi bol diya thumbnail m,Positive
agar sab bachon ko bacha rahe hein toh spiderman bhi ironman ki beti ko bachaa raha hoga,Neutral
0:01 nehi pj bhai main phoolon wale kambal mein nehi hoon sofa mein baitha hoon phon pe nehi desktop par hoon aur haan pookie nehi giga chad hoon wayse aya toh doomsday ka theory sun ne ke liye hi tha,Positive
bhai thumbnail ke liye to ek oscar deserve karte ho aap,Positive
nhi khana kha rha,Neutral
bhai agar captain america endgame ke baad peggy ke sath hi ruk gya tha to ice m jo freeze hai us captain america kya hoga,Neutral
sab sahi predict kiya 0:01,Positive
0:13 kyu bhai movie ka maza nahi lena hai kya,Negative
bhai sound low hai ap ki mic ka,Negative
bhai i know algorithm and trend abhi short form content ko promote krta hai but please make at least 15min videos,Negative
ab bolo bhai hype ban gyi na pahle wali,Positive
00:01 pj bhai mere bedroom mein kyun spying kar rahein ho,Negative
naah bro mera kambal dark grey colour ka hai,Neutral
vacna dr doom epstain file har koyi batche ke piche pade hue hai,Negative
0:01 bas chaddi ka color poochna reh gya,Positive
ek dun sahi,Positive
0 02 apko kese pata guru❤,Positive
thumbnail thor ke bijaye strange hona chaiye tha,Negative
arre bahi tumko kaise pata chala 0:03,Positive
koi fayda nahi hai 2026 mai duniya khatm hone wali hai,Negative
sab sahi h bhai ❤❤❤❤ love you,Positive
ha bhai sahi me,Positive
0:09 ha bhai,Positive
saam ko 6 baje kambal me?? haa bhai,Positive
abbe me to sachme phoolo waale kambal me huu,Positive
fantastic 4 me bachcha churane ka scene tha captain bhi bacha ke sath hai thir ki bachchi to gyi,Neutral
0:01 laptop pkda baaki all correct,Positive
hn hn hai hum pookie aaye h theory dekh ne ❤,Positive
0:05 mera phone camera h@ck kar liya kya?sab sach sach bol diya,Positive
thumbnail vai mohit pj badal,Positive
stranger things bana rakha hai pura,Negative
00:08 nah maito walk karte hue dekh rha,Neutral
0:01 kaise pata chala ? ❤,Positive
arreee pg bhai video k first mehi purha sach kaise pakad liya aise kaise bhaai?,Positive
sab ne trials dekha par kaha,Negative
what if doom iron man ki beti se bhi mile?,Neutral
bhai ghost rider ki entry chahiye doomsday me ☠ ☠,Positive
kuch nahi kiya isme se bus me baitha hoon bhai ghr jaa rha new year k liye,Negative
comic verse ke sath live prediction stream karo pj bhai,Neutral
ha vai kaisa pata chala hackar hai vai ❤,Positive
bhai ne milk krke dudh he khatam krdiya hai,Negative
bhai earphone mai background noice bahut teji se aa raha hai,Negative
bhaii pehle wala thumbnail jyada acha tha,Negative
dr doom ko tva ke baare pata kaise chalega,Neutral
sabbbbbb correct ☑,Positive
bro deadpool 3 mein thor ke ek clip the,Neutral
bhai mumbai local mai hu kurla se panvel pakdi hai 7 no platform se tashrif khadi karne ke liye jagah nahi aur tum kehte ho pookie ho na gajab ki prediction hai,Negative
bhai agar captain america ussi same timeline m hai or uske freezed version bhi to ussi same time line m 2 captain america hai,Neutral
bhai thumbnail,Positive
naah bhai beth kr chawal bin rha hu,Neutral
are bhaiya aap bhi na,Positive
thanos batcha lag raha hai doom ke intention ke samne,Negative
agr story puri decode kr lenga to dekhenga kya pj babua,Negative
bhai tum screen se mujhe dekh rahe ho kya ☠ 0:01,Negative
sahi pakde hai,Positive
may be tva ne peggy ke sath past me gye hue captain ko bi pakda ho bcz cap ne new timeline create ki hai,Neutral
bhai kya thumbnail hai,Positive
kash asa hi ho,Neutral
0:02 hagte hagte dekh raha hoon,Negative
sahi pakadey hai,Positive
pj bhai socho agar dr doom iron man ki beti ko hi utha kar le jaaye ❤,Neutral
58 second kr andar idhr aa gya,Positive
bhai apko kese pata foolo wale kambal ke baare mai,Positive
kia deadpool bhi avengers dooms day me hoga kiuki deadpool ki movie me dikhaya tha ki deadpool thor ke tha,Neutral
mohit bhai ki trh ek roast nikalo bhai german pe,Neutral
bhai please cover about a recent gujarati blockbuster movie lalo krisna sada sahayte it is very good movie,Neutral
intro hi itna real kaise ho skta hai bhai?? are you stalking me??,Positive
0:01 last chhod ke sab galat hai,Negative
aa doomsday rhaa hai pagal apna pj vaii ho rhee h,Positive
pagal hua nahi ❌ pagal karne wala hai ☑,Negative
bhai kese pata,Neutral
00:02 laptop hai ladale,Neutral
jabse pj ki gf bani hai ajeeb baatein krna laga hai waiting for comeback,Negative
bro aise bologe to watch time nahi badega hamara ego trigger na kro btw me pookie to nahi hu,Negative
shaam 5 bje kon kambal me hai??,Neutral
bro main pc main shorts aur half sleve jersey pehenke apka video deckhraha huu,Neutral
mujhe intro ke tone se laga pj puchega kaun se color k chaddi pehene ho,Negative
deadpool ka bi baby hoga,Neutral
are pj bhi aapko ye sb kaise pta ki me kaha hu,Positive
bhai azamgarh me meet up karo,Neutral
dhruv rathi per video banaa do,Neutral
sahi pakdha,Positive
doctor doom pennywise or vecna tino hi bacche ke piche pade hai,Neutral
bhai koi pj ko doomsday movie dekha do nahi toh pagal ho jayega,Negative
nahi dukaan per hu time tha,Neutral
me to pc pe dekh rha,Neutral
bhai bhay webseries ki ending explain kro,Neutral
agar aesi baat hai to avengers doomsday me tony ki beti ka bhi to koi main role hoga naaa aakhir me woh tony stark ki hi best hai to usne koi to baat hogi hi or uski wife paper bhi to hai ??????,Neutral
mai to restaurant me hu,Neutral
khushi to dekho chehre pe bahut din se marvel ka goo nahi khaya hai ab bhar bhar ke marvel hagega aur ye goo khayega,Negative
rdj dr doom ayega to rdj ka ironman ka kya hoga wo aayega kya,Neutral
kamaal khan ka kia hoga bro pakistan me toh dhurendar chal raha hai,Neutral
what about spider man woh waapas aayega kya,Neutral
0:01 aapko kaise pta bhai,Neutral
bhai aap kab dhruv rathee reaction video bnaoge,Neutral
yeh kya thaa,Negative
bro tumne dhurandhar pe vdo bnaya tha na 1000cr wala kha gya,Neutral
isko kaise pata mere kambal ke baare mein,Neutral
rathi ko roast karo audience wait kar rahi,Neutral
mujhe pehlei pata tha ki pj gay hai,Negative
abey thor wala trailer ai generated hai ♂,Negative
hawkeye ke playing 11 hai bachho ke naam par par tum skip kar gaye,Negative
kya pj bhai kese ho,Neutral
0:00 bilkul sahi kahe bhaiya ji is thand me mere taraf se ek pyali chai aapke liye ☕ swikar kijiye,Positive
bhai dhruv rathee par video kab aayega pj explained dhruv rathee youtube par search ho rha hai,Neutral
0:01 na bro no kambal only comforter and not a phone ipad pro m5 13 inch 1tb and not a pookie,Neutral
gym me hu bhai,Neutral
tune ajibo garib thumbnail ke banaya bhai tamil,Negative
abe thumbnail,Negative
ab film dekhun ki nahi,Negative
kursi pe baitha hua hu baki sab sahi hai,Neutral
captain america ka haat ma bacha hi doctor doom ho sakta ha,Neutral
mere cumbal ke bare me apko kese pta,Neutral
doctor doom doomsday mai super hero kay bachay chori karey gah movie mai,Negative
thor ki beti? why not beta? future thor should be male na,Neutral
chheee 0:04,Negative
ek bachha tony stark ki ladki bhi toh ho skti hai?,Neutral
king video bna bhai kb ayegi srk ❤,Neutral
kambal nahi hai,Negative
vai mera comment chura lia re comic verse k video se,Negative
thor ki beti ? par kiske sath ? jo lady thor bani thi uske sath ? ya kisi aur ke sath ?,Neutral
0:05 bhai yaar mt kiya kr ye hrkat,Negative
bai aapko kaise pata chala ki me kmbl me hu,Neutral
1:50 yah trailer kahan per hai,Neutral
mitha h ky be ky bol rha y,Negative
pj meetha button ✅,Negative
banao bhai vedios abhi nahi to kb,Neutral
pichhle 7 dino se 7 video same topic par bas kar bhai kar bhai,Negative
0:04 crazy marvel theory captain america ko pata hai ki spider man hi peter parker hai mai isko achise explain krta hoon avengers endgame me timeline 2023 tha uss moment steve rogers past me travel krta hai infinity stones ko unki original timeline me return krne ke liye ab agar hum log mcu ki current timeline ko continue karein to avengers doomsday tak lagbhag 3 4 saal beech chuke honge matlab steve rogers present timeline me exist hi nahi krta aur yaha se theory bahut zyada crazy ho jati hai no way home me doctor strange apna memory spell se sabki memory wipe kr deta hai har ek insaan aur hero ye bhool chuka hai ki peter parker hi spider man hai lekin steve rogers to uss timeline me exist hi nahi krta tha to technically us par spell ka koi asar nahi hua ab agar hum log avengers doomsday me dekhein to steve rogers appear hone wala hai and theory ke hisaab se wo sam wilson ki avengers team ko lead karega team discussion ke dauran steve rogers bolega ki hum log ko peter ki zarurat hai wahi pe sab log hairaan ho jayenge ki peter kaun hai tab steve rogers bolega peter parker is spider man aur waha sab log sunkar shock ho jayenge ab dekho doomsday se pehle brand new day aane wali hai uske post credit scene me ek aisa moment ho sakta hai peter parker apne apartment ki taraf ja raha hoga peeche se awaaz aayegi peter peter peeche murke dekhega aur saamne steve rogers khada hoga wo bolega avengers ko tumhari zarurat hai aur kahega main wapas aa gaya hoon,Neutral
ghar wapas aa gya kya bro?,Neutral
tumne thumbnail change kar diya,Neutral
pj pura pagal ho gaya hai doomsday se pehle 100 video banake chorega,Negative
main future se aaya hu pj ka death hone wala hai,Negative
1:38 bhai par vo to concept trailer hena ?,Neutral
safed kambal mein ho,Neutral
marvel se jyada content farm to aap kr rhe ho,Negative
aag ke pass hoon bhai,Neutral
chomu hona,Negative
ab to daba ke pj video banayega,Neutral
iron man ki beti ka kya,Neutral
bas kar bhai or kitna aur kitna ghisega marvel ke,Negative
ek bhi sahi ni tha scroll krte krte feed pr aa gaye ho,Negative
pookie ky hua bhai ye chapri word use mt kro,Negative
tu aise thumbail kyo banata hai pj 0:57,Negative
sandas me hag raha hu,Negative
pj humlogo ko ek proper reply chahiye to dhruv rathee from you,Neutral
bro ya kya l intro tha,Negative
itna sab 3 hr mein hine se raha kam se kam teen 3 hr movie bana lete toh thik hota,Negative
nahi bro not correct,Negative
bhai kaise pata tereko,Neutral
itna vela hu ki 1 sec mai agaya,Negative
saale kahan camera lagaya hai be 0:05 saari baatein kaise jaan liya??,Negative
aap wapas ghr chle gye kya?,Neutral
0:01 kahan chupa hua hai pj mere kamre main,Neutral
dhruv rathee pe video kab aayega,Neutral
doom ka duth nikal dunga ab,Negative
bro ye sab bhad me gaya tu dhruv rathi par video bana,Negative
0:05 bhai meri bndi se jyada to tere efforts h mere liye,Positive
ghanta kuch samjh nahi aaya,Negative
bc image lgane ka option hota toh jrur btata bhai fulo vali calvin me hi leta hu,Neutral
bc rikshaw me hu office se ghr ja rha jldi kuch sunao,Negative
are haa bhai haa,Positive
bhai marvel ki chatna band kar do ye btao it ka review kab kroge,Negative
nahi bhai japan me hu shibuya crossing pe background me chalte chalte sun rha hu hahaha,Neutral
3:15 background me bacche ka aavaj aaraha hai,Neutral
kya bakchodi karte ho bhai sigma hu mein,Negative
kya bakchodi hai ye start me,Negative
0:05 cringe hogya video band kardi,Negative
bhai kisi din tere thumbnail dekhkar mar jaunga,Negative
saal pookie na bol,Negative
single ho na,Neutral
0:01 nahi bhai padha likha berojgar hu,Negative
mc ye kase thumbnail heh,Negative
beta bakchodi nahi,Negative
agyaaaaa apun dekhne,Positive
bhai saaf pata chal rhe padh rhe hothoda feel daloemotion convey ni ho rha,Negative
bhai cringe mat ban yaar,Negative
persona kyu hora bhai,Neutral
bro thumbnail change karo,Negative
ye kya faltu thumbnail dala hai agar marvel ko disney ki jaga netflix ne kharida hota toh shayad doomsday me yahi ho raha hota par kyoki dc ko kharida hai toh shayadleft side me super manright side me batmanaur middle me wonder woman 3x fun,Negative
bhai janta ho ai sab video se tujhe paisa milta ha par apne desh ke bare mai bhi kuch bata diya kar sirf doomsday aur doomsday aur koi kuch bana nahi chakte kiya,Negative
bhai pura sab sahi bola,Positive
arrey bas kar yaar kitne marvel ki jaath seh laye ga kuchh aur topic pe vid bna,Negative
bawal theory bc,Negative
pagal to tu ho gya 1 week me 10 vdo marvel pe,Negative
0:04 are bhai sab sach hi boldiye,Positive
bro saare sahi,Positive
0:05 ye to meri baat kara hai,Neutral
ye sabh theek hota agr 5 sec phle video dekh rha hota pj maharaj ki jai,Positive
bhai tu khud bhi pagal ho chuka hai,Negative
bhai intro ka ek bhi sabd pe khada nahi utar paya me,Negative
pj be like : paisa hi paisa ab ak saal paneer khaunga,Neutral
are ha bhai ha,Positive
bahi start ma kya kah dya,Negative
itna berozgar hu mai,Negative
bhai aapne to pura hi nichod liya ek ek trailer ko,Neutral
but bhai wo dhruv rathiii ? ?,Neutral
thank you algorithm ramayana ke teaser se compare karne ke liye,Positive
picture buri nahi wahiyat hai pj never disappoints,Positive
pravash ek bada star honge mager ramayan se bada nahi pj 0:41,Neutral
prabhas bade star honge par ramayan se bade nahi the pj 2023,Neutral
5:55 picture buri nahi hai wahiyat hai,Negative
kon kon ramayan ke announcement ke baad aye hain?,Neutral
when pj says main manta hoon prabhas ek bade star honge par ramayan se bade nehi ❤,Neutral
04:54 yahan pj pighal geya,Neutral
@6:59 min of pure truthmai toh phele se hi nahi dekhne wala tha,Positive
apne dhan aur yash k posan krne k lia inhone hmare bhagwan k mjak bnaya h best line❤ pj never disappoints,Positive
fun fact is that : adipurus ek aisi movie hai jis ko har dharm ke log boycott kar rahe hain,Neutral
that line buri nahi hai waahiyaat hai goes like a knife in the butter,Positive
4:15 ek dialogue repeat hogaya ig,Neutral
the level of criticism bhai sahab props to pj for having the balls to not sugarcoat any of the criticisms makers will be noticing his views and they will try to take some sort of action but we got your back pj,Positive
bhai aap ki yahi bat to lagati hai movie ka bahut achhe se review karte ho 5:25,Positive
i m christian but bachpan se hi ramayan aur mahabharat ki kahani dekhna mujhe bahut pasand he par kaal mene movie dekhi aur inhone ramayan ka mazak banakar rakha he,Negative
prabhas ek bare star honge par ramayan se nahi this line touched my heart pj,Positive
03:21 ramayan legends of prince rama ne bhi 3 ghante se kmm tym ki movie m better story represent ki hh,Positive
6:45 yaha pj ne bahut badi baat boli pr kisi ne dheyan nahi diya,Neutral
best film hai ajtak ki ise 5 oscar milni chahiye1 best vfx2 best acting3 best direction4 best casting role5 ye sab barbad karne ke liye,Positive
bhai totally agreee but nowek baat bta 1:20 min pr ek awaj ayi thi kya gira tha,Positive
0:25 gober mai chini pj bhai,Negative
that pause before mat hee dekho yaar,Positive
inse atcha toh spiderman across the spider verse hai bhai aur ramayan the legend of prince rama 4k remastered dekhne mein maza ayega,Negative
ztv me jo pahle jai jai bajrang bali name ka serial deta tha woh ab mujhe adhipurus se jyada acha lagne laga hai,Negative
manlo bhai isse to legend of prince ram hi 1000 times better hai sachme lagraha hai ki south hi justice de payegi aisi stories ko,Negative
bhai bahut sahi bat kri ye logo ko khud hi nahi pta bhagvan par movie bana rhe hai to bhgvan ke shabd kya hone chahie aur kuch sawal pucho to kha ki bat kha le jate hai kharch to 700 sau karod kr dete hai par logic ki bat ek nahi krte isse acha 5 karod unhe de dete jo ramayan aur ram charitra ka acha gyan rakhta ho kya soch ke itne itne paise barbad kr dete hai,Negative
pj bhai ka last dialogue shukra manao ki apne prabhu ramji pe movie banai hai bach gaye varna apko pata chalta internet ka prakop kya hota hai was ultimate,Positive
this line prabhas bade star honge magar ramayan se bade nahi ❤ ❤ ❤ ❤,Positive
bhai i m a muslim bachpan me maine cartoon mai ramayan dekh ke hi bada hua mujhe abhibi utni hi excitement hoti hai jitna mai school se bhaag ke aata aur aram se ramayan dekhta ❤ mujhe ram ka dhanush todne waala maruthi se milne wala aur ravan ke saath fight aur sab kuch acha lagta hai leking e movie mujhe niraash kar gayi ☹,Negative
3:01 use acha pj se likhva lete,Neutral
1:25 saapo ke saath maalish,Negative
bhai ne starting me kaha ki chalo bhai log thoda thanda dimak se charcha karte hai lekin director ka yeh masterpiece thanda hone nahi deta kisi koo bhai ne kaha se aggressive mode leli pata hi nahi chala,Positive
yeh haters ka bol nahi he sach ko sach ka himmat he,Positive
bhai main bahut zyada dukhi hun aur nirash bhi mujhe bahut khushi thi ki koi aisi movie ban rahi hai lekin ab yaar india wtc final ki haar se bhi zyada dukhi hun,Negative
picture se jyada goosebumps to review me aagya ❤pj never disappoint us❤,Positive
jo bhi ho bande ne end tak aap kaha tum ya tu nahi kaha,Neutral
recommend baad mein kissi ko bata bhi nahi sakte ki aisi ek film bhi bani hain,Negative
pj bro liked your last wala dhamki,Positive
pj never disappointyeh trend kabhi end nahi hoga,Positive
5:41 bhai hmare prabhu shree ram ki bhi bezzati h ye movie toh ban honi chaiye,Negative
bhai saab aj to sare emotions hi aa gye bahar goosebumps aa gye bhai,Positive
bhaiya aapne ekdm khul k btaya ❤ salute bhai apkoaur movie maker ki m ki a movie agr bhgwan k upr na hoti to mai bak deta,Positive
agr poster mai parbhu ram ka naam hota na cenima hall kai sara poster faad deta h,Negative
aaj pure 1 saal ho gye adipurush ko,Neutral
adipurush ko boycott kro 3:58,Negative
bhai iss production ko bol dena ki mahabharat ki taraf katai dyan nahi dengei love golden gatha mahabharat❤,Negative
bhai ramaya ka anime tha vo boht badiya tha ye mai soch ra tha dekhne ko but mai phir vohi animated movie dekh lunga dobara,Positive
ab samjh mein aya tanhaji kisne direct ki thi,Neutral
1:32 jis time pj khud ko ek female ki trah treat kia main jis par keh sakti hoon,Negative
pj bhai ne pura apna frustration nikal diya,Negative
mitti pe cheeni daal dene se woh muffin nahi ban jata is still better than the whole script of adipurush,Positive
adipurush bakwas hai humare culture ko humare history ko aur toh aur humare bhagwano ko bhi disrespect krti h pr 6:25 pr ek kutta bhauk rha h background mein ap apne studio mein sound proofing krwa lijiye,Negative
me toh dekhte dekhta so gaya tha ab opinion kese du,Negative
mai soch hi rha tha ki apni bhadaas kaha nikalu is film ko dekhne ke bad pr ye explanation sunkr thodi man ko shanti mili,Positive
to bhai pj raavan assur tha 1:10to osse kaise present karega yaar tum log bhi na itne immature ho kya batao,Negative
3:03 aise dialogues sunke hi mere hall mein kuch uncle o ne keh diya yeh kis mc ke aulad ne bana diya ye picture,Negative
bhai ravan ka mahal bhi mcu ke asguard ke mahal ko black karke banaya gya hai,Negative
end me kya hi mast bola hai pj ne :,Positive
bahi bilkul sahi review diya aur aik chij bhul gye indrajit ko to flash banna rakha hai inho ke vo thir kaman chala hi nahi rha upar se tatoo de diya sarir pe aur,Positive
i am very disappointed with this movie bhagwan ke naam per kuchh bhi banaa dete hain aajkal,Negative
ye movie toh adipurush se jyada modernpuruush lagraha he,Negative
video ki script and writing achi krte ho pj bhai,Positive
aaj to pj bohut garm ho gaya bhai,Neutral
sabki review ek traf aur pj ki review ek traf❤,Positive
6:30 pj bhai background azaan hori thi bhai thodi der rokke video bana lete bhai sorry bhai you disappoint me because this my reasonand you never disappoint on your review ❤❤❤love you bhai,Negative
600 cr wasted isse acha to starplus mahabharat serial wale bana dete,Negative
isse acha writing to asur web series ka hai i mean the dialogues of shubh joshi and anant were the best❤,Negative
hamen trailer dekhte hi samajh jana chahie tha ki yah ramayan nahin hai yah adipurush hai jiska ramayan se koi lena dena nahin agar aap sach mein ramayan ko dekhna aur samajh na chahte hain toh 1987 mein aaya hua 78 episode wala ramayan aapko dekhna padega aur agar aapko itne sare episodes dekhna boring lagta hai toh ramayan ke naam pe adipurush dekhne mat jao aapko bata dun ke agar aap 1987 wala ramayan ka sirf ayodhya kand dekh liya matlab 25 episode tak toh shri ram ji ka aur shri bharat ji ka ek dusre ke liye jo pyar aur ijjat hai woh dekhkar aap itna royoge ki sare episodes dekhne per majbur ho jaaoge,Negative
creative liberty ke naam pe yeh last mein raghav janki ki ek lip lock bhi dikha dete to main hayraan nehi hota,Negative
bhai ye roast nahi tha ye to complete annihilation tha well deserved annihilation though good work,Positive
adipurush dekhkar pata chala katappa ne bahubali ko kyun maara tha,Negative
prabhas bde star honge par ramayan se bade nahi ❤,Negative
acha bola vai proud of you mere vai❤ ❤,Positive
actually it s not a original ramayan it s just a fictional movie which deserves criticism n roasting,Negative
3:31 asur webseries ke dialogue writer ko afford nahi kar paye to manoj hi sahi,Negative
prabhas ak bhade star honge par ramayan se badkar nahi s i respected a lot for that line,Positive
bhai dil se bol raha hoon shayad aap meri comment padho ya na padho lekin puri video dekhte huye ye lag raha tha ki me saans hi nahi le raha at the end aapne jo pause liya uss time me like husshhhhhh hum aap jaise logonke video dekhte he movie dekhne se pehle it s not that ki movie ka ticket hume kharidna chahiye ki nhi lekin kya sach me uss movie me taste he muze aap ke vajah se pata chala ki cinematography kya hoti he screenplay kya hota he flik kya he aur bahut kuch than you for your videos aadipurush team ne sach me sirf paiso ke bare me socha he,Positive
bhai iss reaction ko dekh k sukoon mila bina manoj muntashir jaise dialogue k bhi kisi ko aainaa dikhaya jaa skta hai ye bta diya aapne sachme wahiyat movie hai acha hi hoga ki isko koi baccha naa hi dekhe varna vo humaari sanskriti aur shuddhata nahi samjh paayega aur kaha gaayab ho gyi boycott gang yha to puri ramayan hi galat dikhayi gyi ab kyu nahi ho rhi boycott infact ye so called hindu pms bhi iss movie k blessings section me kyu hai,Positive
mitti oe cheeni dalne se wo muffin nahi ho jata kya dialogue he yar,Positive
memers ki moj la ghai,Positive
bhai mahakavaya nahi history h,Neutral
bhaiii nitish tiwari ke ramayana ke announcement ke baad yahan aaya hun,Neutral
bhai tune dil jeet liya jai shree ram ❤,Positive
bechara pj explained apna gussa nahi chupa paya suru mai khosis kr rha tha ki thoda naram se baat karu krke pr baad me to movie ka gussa to nikal hi jata hai,Negative
bhai movie was great maza agaya dekh ke wese i am from parallel universe,Positive
pj isse acha to me legend of hanuman vali series ka wait kr lu unhone kya khub animation kra he dialogue bhi kya khub he bhai ek video vo series pe banao,Negative
pj bhark gya ajj toh,Positive
maine to trailer ko dekh k hi maine haath khade kr diye,Negative
ek tarf vo muslim makers dekho jinhone mahabharat aise banayi ki hum aaj bhi bar bar dekhte hai aur ye dekho,Negative
watching this 3rd time i love the way you roast akho ko thadak mili,Positive
pj vai ❣from bangladesh ap to ekdam vardak gaye santi rakhiye santi ❤❤✌✌,Positive
dharam ke naam pe hindus ko kuch bhi chalega wali mentality is well prevailed after 2014 set by our beloved pm with the main ingredient hate,Negative
yarr koi bhi mukut kyu nahi pehan raha hai ramayan me,Negative
me gaya tha gf ke saath movie dekhne first day 2nd show then first scene me bramha ji aate hai ravan ko vardan dene jo varda dia wo actually me hiranyakashyap ko mila na ki ravan ko to me or meri gf 2no confused hogaye ki ye ramayan hai ya kya hai,Positive
case a file against them though i m a muslim i think that this movie is insulting for hindus,Negative
yahi reason hai ki new generation sub bhoolte ja rahe hai bache ye dekhenge to unko to ye hi real lagega,Negative
the legend of prince rama 4k mein kab tak aayega,Neutral
abhi sunne me aa raha he ki writer bol rahe he they are inspired from ramayanwo tu ramayan banaya hi nehi sirf inspired he,Negative
0:51 ramayan 5th century bce me likhi gayi thi,Neutral
pj bro video toh achi hai pr yaar minor cut ka toh dhiyan rakh liya kro,Positive
i like the statement picture buri nahi h wahiyar h lol,Positive
bhai wo chamgadar abhi bhi he kya movie me,Negative
broh aise hi rahna you nailed it,Positive
hum sab jaante he ki raavan bhagavan shiv ka kitna bada bhakt tha iss movie ke raavan ko to puja ke samay shivling ke saamne hath jodne bhi sharam ati he you have to notice ki kis tarah se hath jode he,Negative
ramayan ki isse jyada bezatti aur kya ho sakti hai dialogues dekh ke to lagta hai ki makers ka kya hi hoga,Negative
yar matlab pj apna 0 001 power use kar rha hai apna gussa ko control karne ke liye,Neutral
bhai ekdam meri language me bol diya ma chod diye bhaiya ji ❤,Positive
wahi me socha mere area me movie ki ticket 100rs bik rahi hai me smj gaya ye nahi chalni wali,Negative
galti board ki bhi hai jinhone ye muvi pass kari jaane kitna paisa unhone bhi khaya hoga isko pass lrne ke liye hadd hai,Negative
bhai mene movie dekhi final trailer se lg rha tha ki movie me kuch good changes kiye h but cgi bilkul bkwas tha seen ese change ho rhe the jese koi bda part hi cut kr diya ho i am very disappointed from the movie,Negative
pj bhai to dhaga khol diye,Positive
what a review by pj maza aaya,Positive
pj ne 1 million logo ko iss film se bacha liya,Positive
i love you pj bhai kya hi bolte ho aap main toh fan ho gaya aapka❤❤❤❤,Positive
bhai cartoon wali ramayan hi best thi jo bachpan main dekhi thi,Positive
bhai mera to poster dekh ke hi man udgaya tha,Negative
increased my respect for kisi ka bhai kisi ki jaan,Positive
mai toh yahi soch raha hu wo kon si sasti film festival hai jis mai is tatti ko liya tha ?? ♂ ♂,Negative
100 brother censor board ki bhi galti hey isme,Negative
mukhe sbse jyada dialogues ne disappoint kiya baki sb toh phir bhi theek tha,Negative
main bas shri ram ko dhundtha he rhe gaya is movie mai movie katam hone par maine ek wakti sai pucha tho usne bataya ki bahubali he ram the,Negative
vai ko itne gusse me kabhi nahi dekha gaya hoga,Neutral
main to achambhit ho gaya ki in logo ne iss tarah ki ghatiya or wahiyat dialogues likhe hain though i did not watch the film and of corse will not agar justice nehi kar sakte to banao bhi mat yrrr,Negative
itni badi epic legend ko wahiyat banake rakh dia ham bahar walo ko bahubali or rrr recommend karte hai par isko kaise dekhne ko bolenge pathetic quality,Negative
pj ko maine pehli baar itna gussa mein dekha,Neutral
3 ghante mein agar ramayan nahin ban sakti to fir cartoon wala 2 ghante mein kaise ban jata hai bus yahan per cartoon ki jagah asali character hi to be thanethe ???,Negative
yea movie maine dekha nahi per i can feel this movie from his expression,Negative
side kar diya indian abhi bhi shant hai aisi ghanghor bezati kahun humare pujniye shri ram ji ki gantha ki picture director kidialogue writer ketou backlash bhi inka,Negative
gussa nahi pj bhai gussa nahi,Neutral
bhai amish sir ki triology ravana sita aur ikshwaku ke wanshaj hi padh lete script aur dialouge dino mil jate visual effects khud hi ban jate kya banana hai,Negative
bahut sahi bola bhaiyya,Positive
even pj s script is better then adipurush and jab pj ne kaha ki ramayan pe movie bani hai isiliye log zada khulke nahi bol rahe hai toh bat mene khud me bhi notice kari and as we all know this guy never disappoints,Positive
mere pyaare bhayya kisi bhi movie dekhne se pehle disclaimer pado bhaii bhai aap se ye ummed nahi thii aapko padna nahi aata,Negative
kal mene socha thaa janekoo dostho ke sath lekeni reals me ayya ki kuchbii banaya gaya he esliye 200 rupya uske upar invest karnese acha bachpan me dheka huva animated series hee acha thaa,Negative
achaa hua mene nahi dekha barna eye drop ke jagah prr dettol dalna padta,Negative
lanka ka structure bhi marvel ke asgard se ditto churaya hua hai sirf usko grayscale kardiya,Negative
i haven t saw movie yet but by your reaction mujhe bhi ghusaa aa raha hai,Negative
wo attachment to feel hi nahi ho rahi jo ramanand sagar ji ke ramayan se ho rahi thi,Negative
bahi yar mann ki baat bol di,Positive
maine adipurush movie the flash ke bad dekhi mera pura mood kharab ho gaya mujhe theater mein nind aane lag gai thi mere baju ke uncle aunty to dekh ke movie ko hansne lag gaye the unki bacchi boli ki movie bahut acchi hai bahut comedy hai and credit bahut jaldi ja rahe,Negative
choro bhaiya en dialogues ka cut out dakh dakh kar or dil nahi manta,Negative
aaj maine mummy ke sath dekh kar aya adipurush mummy ne bola kal se movie dekhne mat bulana,Negative
very true kaha apne bhai,Positive
kya hi bole inko ramayan ka dialogue wala hi news channel pe bol raha hai ki aajki youth ke hisab se dialogue lika hai taki vo connect ho sake it s shame vo esa sochta hai ki aaj ke gen saral aur sudh hindi naa samaj sakte,Negative
extraction pe review dedo bhai ab ye toh maine dekhna hi nahi hai,Negative
ab sala curiosity jag gyi hai ki dekhe to shi hai ki koi movie kitni vahiyat ho skti hai,Negative
adipurush dekhne k baad meri race 3 k liye jada respect badh gyi hai,Negative
adipurush ramayan ho hi ni skta,Negative
1 5m viral ho gyi re teri video,Positive
jala do us theatre ko jismein adipurush lagi hai,Negative
isi baat ka darr tha language ka lets see in telugu somvaar ke jaunga dekhne,Neutral
at least koi to he jo honest opinion de raha he,Positive
bhai mein apnilife me kabhi nehi dekhunga,Negative
jaa raha hu bro anime wali ramayan dekhne,Neutral
bhai isa achi move to olde age ma hi bana dali ti,Negative
❤❤❤❤honest reaction movie buri nahi ghatiya thi sayad inhoñe intentionally banayi itni wahiyat movie,Negative
bilkul sahi baat pj bhai,Positive
bhai thoda ybp ki comments main dekho appka tarif he tarif❤❤❤,Positive
apki baat sunkar sukun mila yaar,Positive
yeto parbas ko khod sochna chaiye tha jo intni moti rakam le rha tha yebi nei socha ke hum dekhe ge nei pese kha se aye ge,Negative
movie kitni wahiyat hai wo hi dekhne kiliye log movie dekhne jayenge,Negative
adipurush movie kisi cartoon se kam nahi hai mai to kehta hu jise ramayana dekhni hai to legend of hanuman dekhlo vo adipurush bahut achi hai,Negative
bhai pehli baar itna gussa dekha hai isko,Neutral
waahiyaad hai re actual word,Negative
pj bhai ki suddh hindi far batter than adipurush s chappri language,Positive
abey ohh disclaimer pada nahi kya kyu padna nahi aata hai kya pad na nahi aata aur channel kol rakha hai bhai tu,Negative
isse acha hai ki ramanand sagar ki ramayan dekh len,Negative
bollywood never disappoint us in humiliating hinduism shame sabko pata hai ki bollywood ke ye dalle log kaise hinduism ko bar bar galat tarike se represent kiya hai in besharmo ko hinduism ke upar koi film banane ki permission dena hi nahi chahiye,Negative
bhai thanks mai dekhne wala thaa pr aab nahi jaounga dekhne,Negative
mujhe to pehle se hi pata tha ki ye bhut hi bekar movie hone wali hai thank god maine ye theatre me jake nahi dekhi or nahi kabhi ise dekhunga ramand sagar s ramayan is the only on screen ramayan for me ❤❤,Negative
ye kya bana hai yrrr ravan ka castle to gold ka tha or bhai ladayi to din me hota tha to isme raat me abe chal kya rha hai,Negative
ab smje inn logo ne trailer ke review wala video kyu down krwaya tha,Negative
mja aa gya pj bbai,Positive
ek batt toh hai ki yeh religion ka established hona hi problems yarr religion apko sikanee aur sahi margdarshan ke liye banne naki religion ke naam pe ladhiya aur conflict ke liye,Negative
bhai maine dekha 1st day hi acha hi laga but isko ramayan nahi kah saakte,Neutral
pehli baar pj ko gusse hote dekha hai,Neutral
after watching this review me to aadipurush movie : ye to tattti h obviously not for the ramayanabut the way makers represent this movie,Negative
ye film mene isliye nahi dekhi kyu mujhe pj ka review dekhna tha par ab pj ke review ke baad mein ye movie harkiz nahi dekhunga,Negative
i am sorry to say this but listen adipurush movie aap logon ne negetive perspective se hi dekha hai ha main manta hu movie me bahut bahut saari kamiya hai but kuch achii baate bhi hai achii batao se mera matlab music s and songs ni unki mehnat se hai jo unhone ne try kiya ushko aap logo ne dekha hi nahi lekin mujhe lgta hai pj bhaiya aap log to reviewers ho aap log ko to mere se jyada knowledge hai in sab ke baare me isi liye sach hi bola hoga lekin main bhi movie dekhi aur maine bahut injoy bhi kiya movie ko bina ushki kamiya nikale aur jo log meri ye baate sunkar mujhe sacha hindu ni hu ye bolne wale hai na main unko pehle hi bata du hindu hu isi liye is movie ko dekhne gya aage aap log khud smajhdar ho jai shree ram,Negative
bhai adipurush pr finally kisi ne case kr diya h chlo boht bdiya hua adipurush ke saath,Positive
disappoint ka dusra naam om raut,Negative
bhai ye movie na dekh kar old wala anime ramayan dekhlo 1000x acha hay,Negative
bhaiyaa mere muh se nikl gyii,Positive
adipurush movie of prabhas and kirthi adipurush movie ghatiya to bani hi hay lekin daylog be like haan meri jaan,Negative
3 ghante mein ban sakti hai bilkul ban sakte hai lakh guna achi ban sakte hai,Negative
pj is mixed up with krk virson of him but actually movie wahiyat thi,Negative
movie k dialogue se ache toh pj k hai,Positive
mohit bhai jis tarike se om rout ne hamare bhariya mahagatha ka mazak banaya he humare bhawnao se khilwaad kiya he wahiyaat shabd bhi kam lag rha he,Negative
overall video achi nahi h balki bawal h mere mayne sy toh,Positive
bhai ji aapki mandaari ka dil se fan hu sach m saalo ne majak bna diya hai yr saala itne gande dialogue,Positive
ye movie release kese ho gyi,Negative
bhai aj first time apko etna gussa ma dekha hai,Neutral
bro maine ramayan ka trailer dekha mujhe bahut acha laga phir ye check karne ke liye ki adipurush kitna ghatiya hai lekin wo mera sabse bada bhul tha kisi torture say kam nahi bus ye samjo maine kaise dekha chalo thik hai inka vfx bekaar hai lekin historical incident aur dialogue itna bekaar hai ki ye alag hi trauma de diya,Negative
prbhas puri movie mein sirf 1 bar shree ram jaise lage or hanumanji hamesha ram ram he bolte rehte the yaha puri movie main unhone 1 bhi bar shree ram ka name he nahi liya,Negative
phirse ekbaar ramayan banai jaye or isbaar paiso k liye nahi sanatani logo k liye banai jaye jisme har ek hindu ko garv ho,Neutral
app bilkul sahi ho mene dekha hai bhaut bekar dialogue hai 3d may dark typ lag rha thi very bed movie,Negative
picture buri nahin hai wahiyaat haii,Negative
himat hi nahi hui dekhne ki,Negative
hamare mahaan itihas ka bahut ganda mazaak bana diya hai in logo ne sara mood kharaab ho gya ye film dekh ke,Negative
google par hit bata raha hai 3din ke collection se,Neutral
yah sita hai sita ji wah thi jiske sir se kabhi ghunghat nahi hata jiska chahara sri ram ke siva kisi ne nahi dekha tha laxman bhi nhi ek wah sita thi ek yah hai jiske sir pe ghunghat nahi jiski kamar dikh rahi hai sach kahu to puri ramayan ka satyanaash kar diya aane wali pidi yahi dekhegi sochegi pahle ke log bhi ese the to hum kyu nahi rahe ravan to jaise kisi tik tok se aaya ho,Negative
ye movie salar movie par bahut jada negetive response karega pravash ko movie selection karna sayed nehi aata yash matlab rocky vai kabhi aisa movie nehi leta kgf universe barbad na ho jaye is movie k karon,Negative
agar prabhas aur om rout ki jagah koi or actor ya director hote to ab tak logo ne unke ghar pr attack kr diya hota aur unki betiyo ka rap karni dhamki bhi de diya hota isse bolte h andhi fan following,Negative
bhai isse achi ramayan to japanese walo ni banai thi,Negative
yahi hota hai jab politics ke liye movie banayi jaati hai,Negative
movie ko ban kar dena chaiye sat hi sat director ko bhi,Negative
the flash bhi tha isme,Neutral
i m sikh but i love ramayan movie ko ban krr dena chahiye aggr hindu bhai chahe to kra skte hai main nhin chahta hmare bchhe aisi historical movies dekhe,Negative
wikipedia ki source se bahut safe khel rhe ho,Neutral
pj bhai tumne mujhe pehli baar disappointed kar diya i hate adipursh,Negative
me ek muslim hu but makers ko creativity ke name pe ramayan me jo ghatna hui ye actually use simple tarike se dikhana tha vo bhi inse nahi hua,Negative
sahi bat he,Positive
bhai main soch bata raha hu main unse a6a scripting kar sakta hu,Negative
bollywood wale pagla gye hai,Negative
last me bo background music kya tha,Neutral
ek bachha isse achi ramayan bol sakta haiaur usme isse zyada emotion dikh jayega,Negative
ramanand charit manas ne jo shree krishna leela and ramayana banayi hain uske jesa koi bhi kesa bhi insaan bamahi nahi sakta kyoki usne ye apni purn shradha and bhakti se banayi thi lekin yaha to sabkuchh paise kamane k liye ho raha hain to esa hi hona tha,Negative
bhaiya lagta marble ke paas paisa jana padega,Neutral
jaago saalo jaago,Negative
bhai agar kisi me dimak ho to vo ramayan ki ek series nikal sakta hai jiske smane got wagera ke war scene bhi kuah nahi lagenge aur rahi paiso ki bat agar sahi se invest karje dil se acha banaye ache holliwood se bhi ache vfx lagake to ramayan itna lamba hai ki uske bache aur potte bhi ameer hijaynge agr sab kush original ramayan ke hiasab se detail me dikhane ki koshish bhi karenge to dekhna akhir me angrez hi ramayan banakar paisa bhi kamayge aur naam bhi,Negative
vai tu carry jaisa lagta hai,Neutral
in logo ne movie ka title diya: hr bhartiya ki adipurush ye sbse gnda mjak tha kiuki ye kisi bhi bhartiya ki adipurush nahi h,Negative
maine bas suru dekha fir phone se delete kar diya,Negative
aacha hue hanuman ji ne movie nahi dekha varna pura bollywood jala dete,Negative
bhai logon ek hi baat kahana chahunga agar movie nahin dekhi hai to mat dekhna paisa barbad hai iske upar,Negative
adipurush delh ne k baad zindagi ke 3 hr or 250 rupay barwaad,Negative
bhai is movie ko bana nahi ki kiya majburi thi,Negative
wow ❤ dhodiya,Positive
aaj pj gusse me hai,Neutral
ptani kya hi bana daale sale ye log sale sab 600cr apne jeb me bhar liye honge ye bollywood wale,Negative
pj bhadak gaya,Neutral
bhai lakshman ko dialogue hi nahi diye,Neutral
ye script khas kar chhapriyon ke liye hai,Negative
ise aacha the legend prince of ram dekh lo,Negative
maine to movie se phle hi kaha tha kisi ko bhi ram kaise bna dete hai or je hindu bhai kuch khte kyu nahi je movie sare world may release hoi hai ram ji ki sari respect gai ab krlo ram ram bhut khus ho rhay thay movie se phle,Negative
itne khraab reviews ke baad bhi movie crossed 240 cr worldwide isi se pta chal jata hai ki makers ko pta tha ram naam judte hi log daude chale aayenge aur wohi ho raha hai,Negative
movi ko movi ki tara dekhe to sab sahi lagega,Neutral
prashna ye nahi hai ki movie kaisi hai?prashna hai ki ye movie hai hi kyu?,Negative
ye movie dekhna k baad muja bp kii problem ho gyii,Negative
pj background se noise aa ri hai,Neutral
yaar bhut gussa aarahe ye log pe puri ramayan bigadi he,Negative
ab samajh aaya kee picture itnee kharb kyo h,Negative
dekh e se dar lag raha hai,Negative
shri ram ji ko jb tir chalate hue dikhaya to sirf 2 pr thik thak cgi use kiya baki kisi men bhi cgi use nahi kiya sare simple tir hi dikaye,Neutral
bhai isko koi thanda paani pilao,Negative
paisa barbad benstokes,Negative
is se achi to stage wali ramayan hai,Negative
lekin hanuman ji ne iss movie me kitni bar jai shree ram bola,Negative
koi bhai btaega pj bhai k hath mai kya chiz hai ?,Neutral
tabhi na dekha humne,Negative
bro ye movie dialogue scene sirf 2014 mai bane hindu ke liye banai gayi hai,Negative
bro teaser tak me paad ki gandh aa gyi thi phir bhi gaya huga hua dekhne aur ghatiya dialogue aur direction k liye om raut manoj muntasir really deserves joota chappal,Negative
us hindu writer ne itne ghatiya dialogue likhe aur aaj tak par baith k bol ra mughal iske zimmedar hai aise dialogue to humne kisi normal film mei b ni sune,Negative
ramayana the legend of prince rama ko india mein ye keh kar hate mila tha ki bhagwan ko cartoon ke roop mein darshaya gaya h or yahan ek ye film h jo 600 cr khake bhi us movie ki 1 percent to chodo 0 bhi nahi h japan walo ne literally humari muh pr chappal mari h humari sanskriti ke upar humse hi crore guna zyada badhiya picture bnake wo bhi bc 30 saal pehle,Negative
ap ka or mara opinion balkol same hy,Positive
disney land me kaisa chal rha he,Neutral
bhai bollywood ko boycot kar do movie hi mat dekho friends fam me ye inform karein,Negative
koi itni sasti nashe kar k dialogue kese likh sakta hey,Negative
ye peeche aazan ki awaaz aari thi kya ??,Neutral
sukar hai is movie ko banane wale aur dialogues likhne wale hindus hai agar iske jagah koi muslim person hota toh ye bajrang dal aur bjp wale kattar hindu log na jane unke khilaf kya kya nahi karte,Negative
aaj dikha andar ka bhadas pj bhai,Neutral
mood kharab ho gya dekh ke,Negative
bhai mene jis din prabhas ka getup dekha tha usi din predict kar diya tha ki movie ghatiya hone wali he kam se kam un ram ko to ye makers mind me rakhte ki logo ke man me kis ram ki chhavi he,Negative
wahiyat wahiyat wahiyat,Negative
bhai ram ki movie hanuman ne ek bar bhi ram ka naam liya,Negative
zero zero zero bhi kuch acchhaa nahi h is movie mharamkhor h puri ki puri caste,Negative
over all picture buri ni hai wahiyaat hai,Negative
ab kaha mar gya hai godi media rawan sungh kr gya kya?koi aalochna nhi koi aarop nhi koi cheekh pukar nhi kahi jeebh to nahi lakwa maar gyi,Negative
mughe to lagta hai bhai ye picture bannane vale paisa deal ke kala paisa safed karte hai,Negative
i am also a muslim but mai ram ki ijjat karta hu aur apni indian sanskriti ki bhi but is movie me bahut bura kaam hua agar dusre desh ke log ise dekhenge to ve kya sochenge ki ye real mai hi aisa hoga and rawan ki bhi ek negative image unke dimag me aaigi boycott to is movie ka hona tha but it s a religious movie isiliye kisi ne boycott hi nahi kiya,Negative
uss director ko jail main hona chahiye no wonder usko pichhe se propaganda paise mile hai ki kuchh bhi banao bas controversy karo,Negative
prabhas genda,Negative
jab bhi ramayan k upar adharit koi bhi movie ya show dekha jae to sabka man positivity se bhar jana chahiye man shaant ho jana chahiye par ye kya script h iss movie me tu tera jali jalegi isse ramayan based movie kaise bana dii,Negative
koi ye bataye ki harry potter ka dementors adipurush kya kar rha hai?,Neutral
pj totaly ghusbums review bilkul justice karta hai adipurush pe iss ghatiya sahed hi kisi movie me dekha hai,Negative
bhai ramayan hi kyu ? sabkuch bigad diya bhai hamari classic ramayan bigad di,Negative
3 to kya 30 ghante ki bhi film banate to kam se kam in logon ke bas ki baat to nahi hain,Negative
aadipurush cgi vfx bahut kharab haithe legend of hanuman ka cgi vfx super hai,Negative
ab toh kabhi nahi dekhungaa movie,Negative
kaha h boycott gang??? ab himmat h to boycott kr k batao andhbhakkato pathan ko boycott kre the ab kr k batao bhakkto ???,Negative
jaladi ticket,Negative
apne sentiments hurt mat kariye mat jaiye yeh movie dekhne,Negative
isse achi movie marvel bale hi bana dete,Negative
tv pr mat lana ye movie ban krdo,Negative
ghanta perspective puri ki puri team sirf dharm k naam per dekhne hi aayenhe sochke jaise v banadiya ye log koi serious hi nahi they sirf paise k liye jaise taise kardi aur aap perspective bolte hain,Negative
aaj pata chala pj ko bojot gusa ata h,Negative
elvish yadav ke baad ek aap he ho jisne khulkr bolaa ha itna,Positive
legend hanuman se hi sikh lete kuch,Negative
yaar sab chhodo inke bajrang ne to puri movie me ek baar vi shree ram nahi bola yaar sharam karo,Negative
prabhas ko bahubali ke alawa jab bhi dekha usne disappoint hi kiyamujhe lagta he ane wali salaar bhi wahiyat movie hogime to nahi jaraha dekhne,Negative
sach mai bahut bakwas hai jiski jalti hai wahi janta hai chee,Negative
hamari hindu sanskriti ka apman kiya he ye movie banake,Negative
hanuman ji fir jai shree ram nehi bolte he yaar kya banaye ho yr,Negative
om rout bacha hai ramayan ko destroy karne ke liye puri koshish ki hai prabhas is good in telugu movies looks like a tower only suits for action movie,Negative
mic kon sa use karte karte h,Neutral
bhai movie ke ticket price se ram charitmanas book ajayengi woh kharid lo or pad lo pr movie mat dekho,Negative
5 hazar saal pehle to kalyug aya tha or 7 hazar saal pehle ramayan bhi ho gai jo ki treta yug ki hai phir duapar kaha gaya,Neutral
i think paheli baar pj gussa hua hain,Neutral
kya review hai,Neutral
yeah kya bhawasir bana diye ho,Negative
ma adiproush nahi deakh sakta mere mo se gali niklgi jo ma nahi dena chata,Negative
ramayan ka apamaan he ye,Negative
1 scene dekha tha jalli na wala sala tbhi itna ghtiya feel ho ra tha k sala iska writer kon h,Negative
paisa barbaad,Negative
rahi baat dialogue ki to haa bhut kuchh gadbad hai and men point is a hindu dialogue is not available,Negative
bhai kya kachra kardiya yaar ramayana ki god pls remake this with better director and vfx,Negative
andh bhaktt be likeee meri umeede todhi hai tumneee,Negative
bahut badhiya movie he bro 1 no,Positive
best thing that i want to say adipurush ki cast ne kabhi ramayan dekhi he nahi our na he government ne dekhi hai warna is jaise chu movie ko green flag dekha te he nahi sala bas andha pisa dekhaya udaya hai haare jahnde dekhane walo ko nikalo pahle fer movie ko haata doo bc kuch bhi banate hai yi bollywood wali kabhi bhi hamare bhagwan ka samman nahi karti,Negative
b ike ase 600cr barbaad kiye kahi daan kr deta,Negative
director jaha dikhe waha gira kr maro,Negative
bhai mene pahli baar hi muskil se dekhi thi ab dusri bar nahi dekhu gaa pese dene pe nahi sorry sorry sorry sorry sorry sorry sorry sorry sorry sorry sorry sorry sorry sorry sorry sorry sorry sorry sorry sorry sorry sorry sorry sorry sorry sorry sorry sorry sorry sorry sorry sorry sorry sorry sorry sorry sorry sab bakwaas,Negative
wahiyad wahiyad wahiyad wahiyad wahiyad,Negative
hamare dharam ko dusrom ne nahi apno ne mara hai,Negative
sab jhola utha ke boycott karne chale aate hai,Negative
@tseries itna pesa he to hame de do isse achchi bana denge,Negative
me bollywood movie dekhta hi nahi to ye dekhi hi nahi paise bache,Negative
6oo crore ka hag diya hai,Negative
bhai aapke ek ek shabd se i agree itni ghatiya film banai hai,Negative
mere to 3 ghante waste ho gaye,Negative
sach me wahiyat bna diya,Negative
abhi ka review ko kitne paise mile yaar,Neutral
prabhas murkh ban gya bollywood me aake,Negative
acha hua meine is movie nahi dekhaa,Negative
muje ye movie dekha te ulti a raha he,Negative
paisa barbaad issey dayanand sagar ramayan was 100x better,Negative
bollywood se app umid kar rahe ho ki ye hindustan k culture ki respect karenge,Negative
inka boycott boycutt karne se ghar ka kharcha chalta hai,Negative
mujhe mera ticket ka paisa wapas chahye refund warna mai fir likhwa dunga adipurush k director pe,Negative
writer actor and director kese ko bhi sharam nahi aayi hadd hai bc that s why i don t watch any fuc bollywood movie,Negative
durector ki auqat hi nahi hai,Negative
kamse kam abhi to boycott karna chahiye,Negative
kit na pesa mila h bhai,Neutral
pj bhai kitne paise mile,Neutral
bhai adipurush ramji thy aur vahiyat naam mat likho uss ke sath film critic karna aalag hai aur apne dharma ke baare mai kuch bolna aalag hai please request you to change the title for now jai shree ram,Negative
chhodo yr kuch bolne layak nahi h,Negative
hanuman ji ka v jisne acting kiya h vo bhut bekar he,Negative
aaj dekha maine wakai bahut bekar bnaya hain,Negative
ghor kalyug hai vai ye ha jo log sabse jada god ki bat karte hai o hi sabse bara devil hote hai dipika ki serf bikini colour ki waja se boycott ho raha tha film ab kaha hai,Negative
ab na dekh rha ab,Negative
yaar sita ma ke kapde dekho ban karo iss film ko,Negative
ab to ramanand sagar ke charan dho k pine ka man kar rha hai dekho ab kb prabhas resign krta hai bollywood se pan india bnne k chkkar me south ka bhi na rha to lanka lg jaaegi iski bhi,Negative
i dont support adipurush movie par 240 cr worlwide collection hui kaise,Negative
kisne bola prabhas bada star hai pj bhai dil par hath rakh kar ek baar sochna prabhas ko unnecessary chadhaya jaya raha hai saare bade budget ki movies mai hi kyu prabhas ko hi cast kiya jaa raha hai us bande ko acting nahi aati sahi mayno maiprabhas ka maano patent ho gaya ho 500 600 cr ke budget mai kaam karne ka mazak chal raha hai kya?bahubali ke baad kon si movie hit ho gayi prabhas ki ? saaho nahi chali radhe shyam nahi chaliuske baad bhi pata nahi in directors or producer ko kya latt si lag gayi hai abhi salar ban rahi hai or tum dekh lena uska bhi wahi haal hoga are bhagao yar dusro ko chance do puri movie ko waat laga kar rkh di om raut neesa laga raha hai ki 250 2050 crore in logo ne apne jeb mai daal liye or bache 100 cr movie bana dali galti sabse zada public ki bhi hai are bhai jab ek bande ki tukke mai ek movie chal gayi toh uska yeh matlab toh nahi hai na ki uski aane wali sari movies wesa hi response deyeh baat toh humne marvel ke phase 4 mai hi dekh liabhi b smj nahi aa rha hai toh jaake pogo dekho,Negative
aapko kase pata ki ramanand sagar ki ramayan hi sahi ramayan hai aapko ye pata hai ki humare pass 50 se bhi jyada type ki ramayan hai aapko bhi nahi pata ki aapko ramanand sagar ki ramayan kyu sahi lagti hai agar aapse koi puche to aap bas kehe do ge ki aapki bas aastha hai or koi jawab nahi hota logo ke pass,Negative
aub to nahin dekhenge,Negative
adipurush me jo hindu devtao ka galat tarike se pesh kiya gaya to usko kisine ban nahi kiya ya fir uspar kisine bycott nahi kiya par jab pathan realise honi thi tab kuch bhi faltu karan dekar usko ban karne ki koshish ki gayi to ye kya chal raha hai wakai me bharat me sarvdhrmsambhav mar chuka hai ye me guarantee ke sath keh sakta hu,Negative
a wise billionaire once shared the secret to his success: girta tha uthta tha fir girta tha thak jaata tha fir uthta tha fir kadam se kadam mila kar maine 50 se 500 karod tak ka safar tayy kiya,Neutral
honestly i d be crying too agar koi meri bandi leja kar aese kar gaya kar gaya pe dance kare with one leg hanging in the air,Negative
dahej me naya cooker,Negative
mei chalta tha gir tha uthta tha phir chalta tha esay 500 crore kamay,Negative
preeti ranu mondal aur anjali ko kahan koi chhu ska hai this is hilarious,Positive
4:02 naya cooker,Neutral
only desi s sarcasm is so high he can burn anyone with his observation skills only desi ka vyang itta ucha hai ki woh kisi ko bhi bhasm kar sakta hai apne avalokan kaushal se,Positive
dahej main naya cooker nahi a ayega lol,Positive
50 se 500 crore ka safar is the most hilarious part,Positive
dil mera bhi bada hai 1:38,Positive
india mein jo parents honor killing krte hai wo toh prashad hota hoga bruh i am dead xd,Positive
is aadmi ki presence of mind mujhe mil jaye to main duniya jeet lunga way to go my friend,Positive
only desi: like kiya kya? audience: kar gaya kar gaya kar gaya,Positive
after watching dhadkan jab baap ki marzi se hi shadi krni thi to pyar bhi baap se puch kr krna chahiye tha,Neutral
lekin preeti ranu mandal aur anjali ko kaha koi chhu saka hai epic,Positive
sees only desi s notificationmy mind: bharo maang meri bharo,Positive
dar gayi and kar gaya was so on point,Positive
dahej mein naya cooker nahi aiga,Negative
dev ki maa ko pata chalata hain ki ab ghar me naya kukakar nahi aayega,Negative
english: total annihilationhindi: poora phod daala,Neutral
4:17 jaise hi maa ko pata chalta hai ki dahej me naya cooker nahi aayga saala has has paad nikal gaya,Positive
7:20 bc sabko bata de scheme i am dead lmao,Positive
2:41 ab bnaty hain bro yhi trend hai,Positive
8:33 savage bro bhago tumhri ma ke,Positive
arey teri maa ki khud hi toh puchhi this is cracking me up,Positive
dehej mein naya cooker nahi ayega bruh too humorous ankit,Positive
3:58 utar do apne baap ke seene me goli kid is playing pubg with father papa is in opponent s team aamne samne utar de apne baap ke seene me goli,Positive
2:02 dil nahi gussega anjali,Negative
ghar mein naya kukar nahin aaega ❤,Positive
6:10 uth jaa bhai,Neutral
the cat meme had me rolling park me jhari ke piche gandi gandi harkate karo na,Positive
2:27 toh kitni mohabbat karte ho tum mujhse video editor ko salaam hai,Positive
this was too funny ye bohoth mazzakiya tha,Positive
how did u missed the bidaai part that is so funny bichari dulhan ro rhi hoti hai bt instead of going from another door he goes frm the same rote rote shift hoti,Positive
6:52 muje dev ka side ka bhi sunna hai ab,Neutral
funniest part jaise hi maa ko pta chala nya cooker nahi aayega ghar pe,Positive
2:10 dev ki gaa d jalane k baad,Negative
how small things you notice bro kitni chhoti chhoti batein tum notice krte ho,Positive
her sister maine bhi notice kiya tha,Positive
jo bhi ho is movie ka music script ashi thi cd player pe laga tar 2months mere dada ji is movie ko lga kr har roz dekh te the,Positive
wtf after listening his struggle she asking maa kaisi hai pehle to kab nahi puchi maa k bare me u know real brutality is still these story happens mostly ghar ghar me,Negative
5:23 that erection joke indeed the way how he ties that male robe s strings in an erect way is really a good catch bhai tera 20 20 vision next 2020 mey bhi kaayam rahey all the best,Positive
bhai ne fact pkad liya dictionary,Positive
observations me tho phd kr rakha hai 4:38,Positive
everytime when that irritating sound hunnnnnn [00:42] comes with that cat face i was like ise band karo mad d,Negative
in real life if people died just like sunil shetty s mom did i guess i wouldn t mind dying sab jhamela khatam,Positive
bollywood kya diya hume lun itna,Negative
meri mummy ki favourite film,Positive
5:00 kam se kam hairstyle same kar dete,Negative
aur isi tarah dev ki ga@ d jalane ke baadthat was hilarious man,Positive
bhai tu kya aadmi h yrrr aisa koi nahi jo itna bdiya bolta ho,Positive
lip ke charo tarf outline maine bhi notice kiya yrr,Neutral
dev ki yehi wealth multiplier strategy ram ne chori ki to repackage it in phir hera pheri,Neutral
7:38 pyara dost,Positive
bhai gazb observation hai om jai jagdish wali,Positive
aakhir aisa kya h mujhme,Neutral
but ek din zee cinema mai aa rhi thi toh dekh li time pass ke liye relatable enough how ankit howww,Positive
sar plzzzzzzzzzzzzzzz laadla movie par bhi videos banye please plzzzzzzzzzzzzzzz from pakistan,Neutral
har video 5baar dekhta hu kam se kam,Positive
ye ladka meri nazro se movie dekhta h isliye mujhe sb bolte h tu mt dekha kr movie,Negative
hasa diya na sabko aapne ❤,Positive
brother god mode hai tumhara,Positive
main yogi baba wala dekh k aa rha hu iska level abhi bhi bht high hai,Positive
bhot raees h vo log bhot dhan daulat h unke paas i laughed too hard,Positive
bhai ke awaaz mei tharak bahut zyaada hai,Negative
dev gya tel lene,Negative
dharmesh darshan ne jo tatti failayi hai and that background sound,Negative
it s done ho gaya,Negative
only legends know the father is playing role of sammers nanaji in the show yeh un dino ki baat hai❤,Positive
ngl the same thing is happening with my sis being blackmailed to get married umar ho gayi hai hmari maar do humein etc etc,Negative
shilpa ka bhagana itna lamba tha ki maine is video me bhi 10sec skip kiya,Negative
in my childhood i really used to think ki wo america chal ke gya hoga,Neutral
bhai thank you kafi time baad itna hasa hu,Positive
bro shaadi karke pass gaya movie ka revisit karo,Neutral
that line mai bas yahi kehne aai hun us insaan se jo pehle mera dost hua karta tha bruhhh ese hi kat ta hai logon ka,Negative
gane ko ek number hua krte the phele ke movie ke yeh baat koi badl nahi skta,Positive
dark humour ka definition sense full baat rakhi you are good at everything philosophy b dete ho vedo se reference b dhun lete ho ya arranged kr lete ho comedy b everything you have except talent hahahaha humour,Positive
4:36 didn t know koreans bhi selmon bhai ke fans hai,Neutral
bhai aapki background commentary opp,Positive
bhai han mene bhi pyar kya he pe bhi videos banye please plzzzzzzzzzzzzzzz from pakistan,Neutral
hahahahahahah yaar kasam se love u as bhai,Positive
bhai bachpan me jb pehli baar ye film dekhi thi tb mene ye socha tha ki shilpa shetty aur sunil shetty dono bhai bahen hai inko baad me pata chala isiliye ye log shadi nahi kiye is movie me,Neutral
seriously rolling what rani mukerji did to kajol in kuch kuch hota hai came back to her in mjhse dosti krogi outer look matters,Negative
virana ke uper b aek video banavo bhai ❤ ❤,Neutral
gazab ka talent aapka paas,Positive
7:06 ye sunkar warren buffett hospitalize ho jaenge,Negative
ankit naye videos nahi banate so i rewatch the old ones over and again,Positive
om jai jagdish hare ke piche pad gaye bollywood wale inn sabke narka main alag se ek kadhai,Negative
revisits ki bhi revisit krte h hm itna amazing content superb aur b vdeos daliy,Positive
dill bada hona chahiye,Neutral
awsome ho yr tum smjh ni ata ki video zda mazedar h ki comments,Positive
wuthering heights sasta version,Negative
kuch bhi kaho this movie was part of me while growing up enjoyed it back then still enjoying it,Positive
jhar k pechy ja k gandi harkaty karo hilarious,Positive
bhai son of sardar par video banao,Neutral
mast banaau chhu tu bhai,Positive
anjali ko dekh ke mujhe apni yaad a gyi mood swings,Positive
nice video bohot hi achchi video thi,Positive
i crack this joke with my wife s friends they loved this movie my question was same how the fukc can someone make 500 cr by chalta tha girta tha utha tha bc i can do this all day give me atleast 1cr,Positive
last wala sahi tha,Positive
very nice review bohot hi aacahi sameeksha ki hai,Positive
bohut funny tha bhai,Positive
uske intentions bilkul clear h,Neutral
aur boby ram ko kabhi pata nahi chlne dega ki vo kaun hai,Negative
kyu kyu kyu kyu itna acha videos bnate ho,Positive
sasta wuthering heights,Negative
bhai tab jamana piche tha jaise ki 100 saal phle ke logon se aaj k logon ki compare nahi kr skte,Positive
bhaia kabir singh ka bhi banana,Neutral
dev ka 50 se 500 crore ka safar is still a mystery,Neutral
local train mein dholak bajane wale,Negative
sab se mazay ki bat thi: sanskari song,Positive
paisa jeet gaya saars paisa bnao ladkiya khud girengi,Neutral
dhadkan pr ek ar revisit banaya jaye,Positive
current time me ye story crime petrol par aati hai aur sare news channels pe,Negative
dil bada hona chaiye,Neutral
bhai 500 crore toh chodo bhai ke paas 50 crore bhi kaha se aaye,Negative
ek bar galti se papa ke upar chai gir gyi and papa said han han jala de mujhe,Negative
wo uski sister wala change maine bhi bahut pehle notice kiya tha,Neutral
7:24 pyara dost,Positive
0:45 heart beat shoulder par kon sunata h??,Neutral
bhai mera naam bhi dev hai mere pass bhi big muscle and hairy chest hai haste haste ro dia mein toh jab tumne yeh bola,Positive
black pink ka advertisement aya h video pe budget badh gya hai,Positive
korean subtitles me bhi he ye movies sab kya baat he,Positive
om jai jagadish hare means sanskari yeh toh maine kabhi notice hi kiya tha,Positive
sound of beep has been used as a warning ab gaali aa rhi h,Negative
main has has ke pagal hogaya,Positive
dev ko agar baad mein ameer banana hi tha to pehle hi ban jata itna lafda to na hota,Negative
starting is sooo good with tattii dast waali,Positive
7:47 bio logical truth abe ye uski bhook hai she can t control,Neutral
baghban ke om jai jagdish clip me korean subtitles kyu hai?,Neutral
5:18 bhai anjali ka to video aa gaya hai come to 2022,Neutral
when my name s anjali iske piche ke dard ko dekho,Negative
h@rami youtuber tu sada gareeb rahe so that we get such awesome content always,Positive
aaj hi dhyan dia maine behn change hui,Neutral
dead at mai kar gya kar gya,Positive
lips ke charo taraf outline,Negative
toh yeh raju shyam ki itne dino pehle se le rahe hai,Neutral
go away your mothers bhaago tmhri maa ki,Negative
ram ki sister changed seriously ye abhi pata chala,Neutral
iss movie ka sequel banao to ye jarur dikhana ki dev ne 50 se 500 crore kaise banaya,Positive
bhaiya main bhi aapke jaisa focus pana chahta hoon koi tips doge,Positive
gaali bhi do sath me beep beep bhi daalo,Negative
ab devdas ka bhi bana do,Neutral
bhai pahle kyu ni mila tu mujhe,Positive
iska daurna ho jaye toh mujhe utha dena,Negative
basic sabko ani chahiye,Negative
haaye me kr gaya kr gaya nibba nibbi ki kahani yaaha de shuru hui thi,Negative
but bhai movie zabardast hai,Positive
next koi mil gya,Neutral
mst bro,Positive
bhai mera toh galti se dost ke jagah papa ko call lagaya tha bhai,Neutral
abe park me aye ho to jadiyo kr peeche jaake gandi gandi chize karo na no shit just straight on the point,Negative
itne dyan se toh script writer ne script ni likhi hoghi jitne ghor se inn mahashe ne video ki editing ki hai,Positive
mela ka banao,Neutral
please count kitni baar dev bola 6:23,Neutral
6:54 3 logon ko jodne m kuch zyaada hi paisa nahi hai,Negative
2:39 lip makeup bhai banate hai line lekin,Negative
ram ka intention bilkul clear hai itna details to koi nehi pakadta,Positive
4:36 bhagban ke korean sub kaha se mile bhaiya,Neutral
50 se 500 crore kaisa banane h ye seekh gya m,Neutral
bhai aap moonh se supari nikaal ke baat kiya karo yaar,Negative
gandi gandi hrkate kro n jhadi k pichhe that line,Negative
ye movie kam english speaking course jyada lag raha hai,Negative
5 sal laga thah gadhe banane me,Negative
yarr kitni bariki se note karte h ak ak point matlab hatke hi,Positive
channel taak guess kr liye isne too,Positive
4:35 korean kabse dekhne lag gaye movie,Neutral
i wasn t wrong when i used to sing paise wala love,Neutral
i can t stop laughing on vaha bhi bakchod bacchi aur yaha bhi bakchod bacchi,Positive
script likhoge kab?,Negative
agar unhe kuch ho gya to i m sure woh bhi baat nahi krengi kisi se i m crying while laughing,Positive
frd: why do u still watch tarak mehata?me: mujhe rishte todna acha nh lagta,Neutral
waha bhi bakchod bachi yahan bhi bakchod bachi also ending ka song cracked me up,Negative
aadhe to saalo se sauce wala love gaa rhe hai was epic,Positive
hahaha waha log maa ke darshan kar rhe hai aur yaha ye angpradarshan kr rhe hai,Negative
i was immature when this movie released at that time i liked this movie but after watching this video i be like: ye kya dekh liya bachpan mai,Positive
brands wala pose wala zabardasti wala sab gucci prada balenciaga paise wala sab script likhoge kab ?awesome,Positive
itna concentrate kaise kerte ho bhai duniya ka end hi ker dete ho hahaha,Positive
the part he says script likhoge kab dil touch kr liya inhone,Positive
i subscribed your channel do you know why? coz mujhe rishte todna aachha nahi lagta,Positive
4:55 but even worse than that is they re making a sequel of this tatti i mean soty so cool loved it ❤,Positive
i completely lost it when he said waha bhi bakchod bacchi yaha bhi bakchod bacchi,Positive
bhai c i d kyun nahi join krlete daya ko tmhari zarurat h ♥,Positive
02:30 ghanta yaha pe goa ka trip nahi hopaata aur ye thailand groom rahe hai lol,Negative
finally only desi agreed to upload on regular basis because ussr rishte todna aacha nahi lagtaedit : thanks for the likes,Positive
2:14 ye ek aisa school hai jaha bahut sari extra curricular activities karai jaati hai jaise padhai compulsary nahi hainahi karna hai to koi problem nahi hai,Neutral
yaar teri har video mujhe hasa hi deti hai :d,Positive
like kiya uske baad video dekh raha hu cuz i know ur content will be awesome like always love you brother,Positive
wahaa baat baat me maa k darshan yahaa baat baat me ang pradarshan ek number bhai,Positive
bhai agar possible hota to 100000000 likes de deta yaar u made my day u deserve more than this seriously ❤ ❤ ❤ ❤,Positive
bhai agar 50cent ki university hoti toh uska naam st cent hota nhi??,Neutral
bhai hum tumhare video kabhi miss nahi karenge kyonki hame rishte todna acha nahi lagata,Positive
4:38 or mne teri girlfriend k sath,Negative
aa gaya apna bhai,Positive
surkh wala soz wala paise wala love hota hai jo love se jyada paise wala love ~,Neutral
21 topo ki salami bhai ko jo hamare liye jisne hamko ye sab dikhane ke chakkar me ye film ek se jyada baar dekhi,Positive
yeh mera 2nd favourite youtube channel hai first nahi kyunki mujhe rishtey todna acha nahi lagta hai,Positive
humare bhi future mein college life karan johar directed hi ho,Positive
kafi der baad koi acha channel milla jiski hrek video awesome hai,Positive
sunn meri baat its her choice became famous in this movie,Neutral
was in bad mood laugh instantly after 20 sec of the video to good bro i will ask the same question at last bhilai kab aarahae ho,Positive
ohhh mere bhai gazab,Positive
kitne years baad bollywood ka koi song favourite ban gaya,Positive
waha bhi dadi yaha bhi dadi waha bhi bakchodh bacchi yaha bhi bakchodh bacchi amazing man,Positive
didn t even know about half the brands you pointed out gareebproplus,Negative
i love bharo mang meri bharo part so freaking much,Positive
being an urdu person let me tell you all meaning ofsurkh wala ♡ = passionate love red color is used to describe passionsauz wala ♡ = sauz means jo dheemi dheemi anch pe jala ho wo pyar jo dard deyfaiz wala ♡ = faiz ka asl matlab faida hay iska mtlb kbhi bhi victorious nahi hota wo fouzia ka hota hay to faiz wala love matlab wo love jo reason banay faiday aur blessings ka,Positive
i am sure unhe kuch hogaya to vobhi kisi se baat nahi kregi funny tha bahut,Positive
att meri jaan bhai tu unn youtubers mein se hai jinko main kabhi nahi chaunga ki woh you tube har video each and every punchline and joke is hilarious ❤ keep doing it god bless you ❤,Positive
you should have added a scene from the ratta maar song where you can clearly see alia bhatt is holding a quantitative aptitude book of rs agarwal singing ratta maar wtf was that ?? i mean quantitative aptitude koi ratta maarta hai kya,Negative
i used to hear paise wala love,Positive
seriously bhai louis vuitton wala classic tha :,Positive
they are making the sequel of that tatti i mean soty bro u r really a legend ♥✨,Positive
bhai main prem ki diwani hoon ka revisit karo pls,Neutral
watched this video 4 years ago aaj phirse yaad aa gaya,Positive
why i thought ki ye college me the and today he told me ye school tha wtf,Negative
bhot hard bhot hard,Positive
amiro ke bache or amir ban rahe hai,Neutral
i was laughing so hard through the whole thing genius especially song in the end i died phakkad wala love from pakistan ❤ ❤,Positive
ye mera bhaaai to go into that much detail you must of watched this movie thrice at least which means you destroyed quite a lot of your brain cells aisa jokhim uthane k liye jigra chiye apne fans k liye kitna karta hai re tu bawaaa :d :d :d,Positive
5:01 jabardasti ko jabarzasti bolne ka maja hi kuch aur hai,Positive
i was among the chutyas who watched student of the year but i will not be among the mahaa chutyas who gonna watch it s sequel,Negative
bhai aapke itna kam subscribers kaise main toh subs kar raha hoon,Positive
aaj mera is channal per 2 day or ab ye mera favourite ho gya h,Positive
bakchodi wali ladki mujhe rishte todna acha nahi lagta pumaaa pumaaa pumaaa,Negative
bhai kya nazar he,Positive
this is the best on your channel so far gucci wala prada wala paisa wala sab script likhoge kab omg,Positive
the song at the end was best script likhoge kab,Positive
har baar ki tarah is baar bhi like karthi hoom kyonki mujhe rishhe todna acha nahi lagtha kya aankh hain bhai aapka saara products tune detect kiya sherlock holmes ke koi hai kya,Positive
script likhoge kaab? that was awesome,Positive
apna indian screen junkies btw u have made a great job guys,Positive
superman v batman ke bare mat bol bhai woh jabardast hai,Positive
these movies that shows happy college life should be banned because reality sucks college = study work karan johar kaha para tha???,Negative
script liko ge kab?,Positive
wha pe baat baat pe maa ka darshan yha pe baat baat pe ang pradasan hits me different and i laugh liyt loud like i can t even explain,Positive
waha bhi dadi yaha bhi dadi waha bhi bakchod bacci yaha bhi bakchod bacci this was toooooooo much deep,Positive
last wala acha song acha tha,Positive
kya observation hai bhai tera,Positive
script likhoge kaab was epic,Positive
zabardasti wala sab hahahahaah when i say cracked,Positive
i love you all because mujhe rishte thodna acha nahi lagta bahahaha,Positive
sahi hai patel,Positive
kya editing hai plus the words you choose to describe,Positive
ooo bhai kya roast kiya hain 100 100,Positive
mujhe rishte todna achcha nahi lagta,Positive
pls make more revisit bhot relief milta h khul ke hs kr ❤,Positive
omg this channel is like humare man ki baat,Positive
you re my fav kiyun ki mujhe tumhara rishtey nibhana bohut pasand aata,Positive
yr i just love your content ek hi video bar bar dekhti rehti hu,Positive
brands waala pose waala jabardasti waala sab gucci prada balenciaga paise waala sab script likhoge kab ? just love this version,Positive
ye meri favourite movie thi ise dekh ke lag rahaa hai kyu? xd thak you mr hasaane wale aadhe angrez,Positive
i m mean it just woww❤ your skill of spitting facts script likhoge kab wala part is good in last,Positive
bhai aap ne toh jabarjasti boldiye,Negative
waha baat baat par maa ke darshan yaha baat baat par ang pradarshan hilarious,Positive
when he said bhai i m sure agar unko kuch ho gaya na toh woh bhi baat nahi karegi kisise,Positive
bhai i love your channel maza hi aagya,Positive
bro pays nice attention to details bs abhimanyu jitna hi middle class bnna h,Positive
bhai main unlogon ke bare main soch raha hun jinhe yeh movie achi lagi thi kitna chota dimaag hoga aise logon,Negative
masttt vro ekdum jhakaas video,Positive
bhut badiya bhut hi umda new lense to look at movies,Positive
jabarjasti wala love,Negative
we sang paise wala love to waise wala love,Neutral
start hi mze ka tha wesesoz mean dard,Positive
only desi i want to grab your attention jis building ko ye school bata rahe hain wo actually indian forest research institute hai jo ki uttarakhand main hai,Neutral
kisi maha purush ne kaha tha she s such a dumb girl iski yhi pta nahi ki wo kisse pyar krti hai,Positive
bhai pls naya kuch dalde purana sab ratt liya hai,Negative
i recommend everyone here to also watch tvfs gana wala song after watching this,Positive
script likhoge kb my favourite part,Positive
brands wala pose wala jabardasti wala sb gucci prada balenciaga paise wala sb and the epic script likhoge kb??,Positive
bro you are superrr ke uparrr,Positive
2 saal lg gye youtube ko is epic channel ko suggest krne m,Positive
bc wo virginity wala joke was so good,Positive
i used to think saunf wala,Neutral
they are making seque of this tatti i mean soty,Negative
and now after watching soty2 i d have to say yeh movie achi thi bhae,Positive
last me gaana achchha gaya bhai,Positive
fri dehradun tha kya vo jab gate open hota h,Neutral
last wala gana sabse best h,Positive
bhai tu solan se hai na,Neutral
it s actually ufsooz wala luv,Negative
iss baar london nahi thailand gye movie was shot at assumption university of thailand,Neutral
maybe abhimanyu sarojini market se kharidta hota kapde,Negative
bhai bahut mehnat kar rehe ho,Positive
1:42 movie theater mey yeh scene nehi tha,Neutral
last song was epic brands wala pose wala jabardaasti wala sab gucci parada balenciaga paise wala sab script likhoge kab,Positive
song at last is,Positive
brands waala love song is op est thing ever,Positive
oh i like that gucci vala belanciaga vala sabpaise vala sabscript likhoge kab??,Positive
bhai i am sure agar unko kuch hogaya toh woh bhi baat nehi karegi kisi se hahahahahahahahhahahahahahah omg wth hahahahahahahhahaha,Positive
ye school tha????? mein ise clg smjh rhi thi,Negative
but the sad part is abhi bus interval tak hi aaye hay lmao,Positive
english m bhi acha h lekin hindi m hoga to maza aa jaega❤,Positive
h r college me yeah sab hota hai?,Neutral
paise wala loveeeee,Neutral
bhai please tarak mehta ka ulta chashma ka revisit video banao,Neutral
2:07 london nahi dikhaya par london walo ne jo banya wo dikha diya,Neutral
that ang pradarshan line,Positive
literally these movies make me think itna sundar school college bc waste ho gyi life kitna depressing hai,Negative
this men change my mind aaj se bollywood band,Negative
abhi ko sympathy nahi virginity chayaaa haha bhai the best one,Positive
bataya nahi k pakistani song bhi chori kia tha?? nazia hassan ka,Negative
aur movies pe bhi video banao please,Neutral
gzb dhoya h,Positive
student of the year 2 ko bhibroast krdo,Neutral
sala yeh log movies me aisa school college dikhate hai jinke saamne amarica fail hai,Negative
awesome yr,Positive
shurk ek colour hota hai jise english me red kehte hai,Neutral
principal ka bete real me le gaya,Positive
bahut gandi move thi yaar mere hostel roommates dekh re the 2012 m mujpe apna laptop nahi tha isliye dekhna pad gaya kyunki mai bi siddhart malhotra ki tarah bahut hi middle class family se hu,Negative
sequel of that tatti maza aagya yaar ❤,Positive
script likho ge kab ?????,Positive
bollywood ka bhosdawood bana diya bhai ne good job bro,Positive
yaar ye daadiya bhi same thi,Neutral
he didn t spare any of these bollywood movie he made us feel like every movie is bakwas,Negative
martha wale scene ka inner meaning deep hai tum student of the year ke sath use compare nehi kar sakte,Neutral
3:35 agar daadi ko kuch ho gaya toh vo kisi se baat nahi karegi,Positive
apki aawaj mast hey,Positive
sidharth malhotra ne iske baad acting seekh li per varun dhawan wahi fuddu raha,Negative
thank god dharma productions ne shershaah me taang nahi adaai wahi siddharth malhotra ki asli acting dekhne ko mili,Positive
college ki building dehradun mein hai,Neutral
apki voice nice hai,Positive
u forget st francis,Positive
samaj gai muje b abroad me admission k liye thumka lagani paregi,Positive
hme to paise wala love lgta tha,Negative
aajkal ke tatti ke comparison me ye movie toh godfather ke barabar hai,Positive
bhai dance competition wala video kaha se laya,Neutral
ar video lao bhai,Positive
jawan movie mein baat baat pe poco phone,Negative
baba ye video k end pe konsa song ata hai? kumar sanu ka hai,Neutral
o wahi bachi hai,Positive
yaha kafi extracurricular activities krayi jati hai jaise pdhai,Positive
bt yeh school nahi dehradun ka fri h,Neutral
dadi ko kuch hogya to woh bhi bat nahi karain gi kisi se,Negative
script kab likhoge extra activities like padai,Positive
kuki muje rishte torna acha nahi lgtaaa lmaooooo,Positive
thumka lagake admission,Positive
brand pe poora gaana b likha tha,Positive
bhai jb tk tum aisi viedo bnaate the to mza aata jbse samne aya sara mood khrab hogya,Negative
yeh channel ke contents par copyright claim yeah reused content nahi ata hai kya ?,Negative
though i know this video is for entertainment purpose only which actually did what is was suppose to but out of curiosity i had a question kya cheating ke badle me cheating ko cheating kehte h?,Neutral
bollywood : kyu izzat nikalra,Negative
ksm hai is c lnd movie aajtk nahi dekhiedit : suna hai second part zada lnd hai,Negative
maa ki darshan aur angg pradarshan,Positive
hahahahah its the script likhoge kab for me,Positive
puma puma puma puma,Positive
aree re re singer kab ban rahe ho??,Negative
3:41 lekin abhimanyu ko uski sympathy nahi virginity chahiye,Negative
the pshycho of indian culture of the song and film ka yahi attitude ki problem hai aliya fail 10wi up board,Negative
the scene where alia cries mai competition ka hissa nahi hu you should have covered that too worst acting ever,Neutral
gpa sat and act ye sab kya hain bhaiii,Neutral
mujhe esa laagta hai kahan kahan maine apne rs barbaad kre hai,Negative
koi mujhe bas yeh batade koi yeh college hain ya school?? kyuki kahin bhi itne bade nahi hote log yeh sab kam se kam 10 saal bade hain college walo se,Negative
yaar kaay ho tum,Negative
mza ni aya plz make another revisit isme to bhaut kch tha,Negative
tumhare dialogues,Neutral
shanaya did clearly cheat on her bf but uska bf to waise bhi usko bhav he kaha deta tha he would hit on other girl in front of her he was least involved with her wo to fir hona he tha,Neutral
i like your revisit but itna bura bhi nahi hai is movie ka story jitna tum dikha rhe ho,Neutral
script lekhoge kb awesome,Positive
script likhoge kb epic,Positive
bhai karan arjun pe mat jana yr,Negative
isko adipurush achi lgi thi ye yaad rakhna sab,Negative
bhai yaad rakhna ise to adipurush bhi pasand aayi thi thanks for like ❤,Negative
maine yogi bhai ke lie itne ache ache comment kie uspe itne likes kbhi nahi aaye jitne iss prr ek baar critisize krne pe aa gye 1 din bhi nahi hua aur 1k likes ho gye,Negative
yogi ko paise do paise nahi diye te usne negativity start ki,Negative
yogi bhai tumne disappoint kr diya humko,Negative
guys pura theatre enjoy kar raha hai bhai maza hai old style classical type comedy,Positive
chalo bet lagate hain peisa nehin mila he thanks for likes,Negative
abhi ye khans ki movie hoti toh ye chatna shuru kr deta,Negative
3:32 aapne humlog ko disappointed kar diya,Negative
mai dekh ke aaya tha movie achi hai and 3 5 stars to 4 stars tak ki movie hai full vibe thi bhai theatre mein raat ko dekhte wakt ❤,Positive
4:05 comment section me to aapki ki bhi khol ke rkh di bhai,Negative
0:13 payment nahi aaya isko,Negative
yaar movie acchi hai pura na thodi comedy rahenga esa hoga to story ka plot nahi banega,Positive
3:08 surprise kya tha? mujhe to nahi mila,Neutral
ajkal ek trend chala hai ki purane actors ki filmo ko hate karo aur south ke 2 kodi mass masala films aur bollywood ke brutal films ko tarif karo,Negative
isko aadi purush acchi lagi thi yah yad rakhna sab,Negative
yogi bolta hai ❌yogi kuch bhi bolta hai ✅,Negative
rip stree 2 bhoot bangla ne aate hi hawa tight kar di,Positive
comment section yogi ko gali dene wale ☑,Negative
bhai top notch comedy hai sach me dil khus ho gaya ❤,Positive
comment section mein oggy ki itni tarif dekhkar sukoon mila baad mein yahi bolta hai ki akshay ki movies achi hoti hai but fans dekhte nahi hai aaj pahli baar comment mein yogi ko pela ja rha hai,Negative
lagta pisa nahi mila,Negative
1:26 is admi ka mat suno koi,Negative
bhai ye movie online kha dekhe,Neutral
aaj pta chala k triple tap karne se comment reply hota hai,Neutral
0:13 bhai yaad rakhna isko bhagwath kesari acchi lagi thi,Negative
fake reviews karta hai bhai only for money review,Negative
bhai to ja raha hoon movie dekhne9:30 par jaipur,Neutral
mein aap ke review dene se pehly smjha gaya tha ki aap aisa hi review doogee❤,Positive
bhai sahab comedy yarrr,Positive
aisa hi hota h jab pese na mile koi kasar nahi chhori burai krne me,Negative
iska sahi hai paise nahi diye to aajate hai negativity karne,Negative
yahi south ki hoti movie jo ye subtitles ki help se dekhta toh iski taarif band na hoti,Negative
hamko toh ummid b nahi tha es film se hit th bhut dur ki baat hai ajkal th south wala hi tabahi macha rai❤,Positive
jabardast movie hai bhai sbko dekhni chahiye akki paji ka comeback,Positive
wtf yogi bhai disappoint toh apne kar diya yaar,Negative
mene pehle hi guess kar liya tha ki aap negative bologe hi yogipidia me mene aapka udass chehra dekha tha jab iska news cover kar rahe thee,Negative
isliye mai kavi bhi single person review pe believe nahi krta sbse best public review usme honest review ka pata chalta hai,Neutral
agar movie acchi nahi hai descent hai toh 21 cr day 1 mein kaise collect kar liya,Negative
movie bahut acchi hai songs bhi bahut kamal ki hai full on entertaining sabki acting lajawab hai friends and family walo ke sath dekh sakte ho negativity heaters ki baato me matt fasoo movie enjoy karo ❤,Positive
1:05 main bataata hun kya karein ghare jaake sutti babu,Negative
thodi der mein comments section disable hone wala h,Negative
galat review de diya bhai aapne is bat par unsubscribe toh banta hai because boss is always right,Negative
pahle main dekhunga uske bad review bataunga,Positive
yogi bhai krishnavtaram ke trailer ka review karo ek number hai,Neutral
suraj kumar and filmi indian ko ye movie achi lagi hai to acha hi hoga,Positive
bhai bahut achi movie h ek bar ja kr jarur dekhna or ha tere review ko meri taraf se 0 5 out of 5 star ✨,Positive
yogi bhai month me 4 movie dekho taavi atcha laagega ab bhai one day me 4 movie dekhoge to khakkk mazza aayegaaa,Negative
1:09 ab kya har ek scene me comedy hi de kya,Negative
bhai mai iska khud nahi maanta ye paise leke review krta h aur dusri baat ashish chanchlani se paise leke ekaki ka review kia tha isne aur upar se i remember bhai akshay ki ram setu aayi thi jab tab bhi isne negativity kri thi balki ram setu ka climax aakhiri me twist bahut sahi tha lekin isko dikkat thi,Negative
lagta hai half payment mili hai,Negative
yogi bhai mere piche baitha tha cinepolis me,Neutral
ab kuch log yogi ko oggy bolke apne aap ko komedian smjhenge,Negative
00:24 agar yogi ne kuch bi average bola to unsubscribe pakka,Negative
aaj se iska viedo kabhi nahi dekhoonga,Negative
kiya comeback hoga,Positive
bhai inhe itna gyan hai to 5 min ka add ho bana de,Negative
is se acha movie thumbnail to me free me bana du,Negative
4:10 me unsub kar kar rha hu yar tumne dil tor diya aaj,Negative
dhurandhar se bahar aa,Negative
comments dekhne me jyada maja ata hai,Positive
movie achi thi 4 out of 5 ✅,Positive
unsubscribe kro,Negative
apne bilkul sahi bola ki movie me tabbu ka kuch khash roll nahi tha mene tabbu ke liye hi movie dekhne gayi thi aap bilkul right bolte ho movie ke bareme very good job,Positive
half ke baad puri dharm ke athe chdaa di,Negative
charo vor se review ache nikle hai tera kuch samjh nahi aaya ab ki baar,Negative
adipurush ko achi btane wala cutie aadmi ❤❤,Positive
payment nahi mila hai ✅,Negative
abhi just movie dekh kr aya hu one time watch h bs fr bhi apne sahi btaya h yogi ji review me bht forced situation scene ate hai jo nahi hone chahiye thee offcourse screen time ki whj se but dale gaye hai and songs jaise apne bola movie dekhne bad ek bhi song yad nh ata bs rajpal yadav hi yad rhta h and casting bhi glt h kuch chr ki specially paresh rawal sir ke kuch scenes u explained it really well thanx fr your genuine review,Negative
2:40 kya baat kar rahe ho the legend arijit singh ka gana tu hi disda wala gana acha hai lgta hai aapko pese ni mile movie review ke,Negative
bhai tu hi bana le movie priyadarshini sir ko hum samjha the hai,Negative
isko aadipurush best laga tha,Negative
yogi bolta hai❎yogi bikta hai✅,Negative
paise nahi mile kya yeh wahi hai jiko adipurush acha lagta hai,Negative
hats of to rajpal yadav jinhone ne apne career main naa jane kitane diffrent charector nibha kar logo ko hasya hai baki akshay ki same comedy wali acting pe log baar baar kaishe haa sakte hai mujhe samajh nahi a araha hai baki movie bhul bhulaiya 2 zada lag rahi thi,Positive
yogi bolta hai ❌ yogi kya bolta hai ✅,Negative
humne to free mein movie dekhi hamen to bahut achcha laga download karke dekhiae humne bahut majedar movie hai aur badi interesting story hai,Positive
ye sahi review nikla baki suraj kumar ne toh tareef ke pool bandh liya hai is movie ke,Positive
bhai ye bollywood wale ek real horror movie kyu nahi bnate,Negative
it s like old bhool bholaiya story lineup boht acha he bilkul boring nahi he comedy bhi mst he must watch,Positive
pichhle 4 saal se yogi ji aapki movie review dekhta aaya hu lekin aaj first time aap se bharosha uth gya movie bahut achi hai iska first half story ko bild karta hai baki 2nd half me jaise story hai uske hisab se hi movie chalti hai,Negative
review sahi kiya karo bhaiya ap ne devra movie ko bhi average hi bola tha par wo movie bahut achi thi,Negative
bhai lagta h payment nahi mila baukhla gaya h isko adipurush achi lagi thi,Negative
muze pehale se pata tha ye burai karega movie achi hai bhai log,Negative
bhai tum wahi ho na jo trailer ane pr tarif kr rhe the,Negative
south to repeat karta hai kabhi kabhi aapko achcha lagta hai kyu,Neutral
very good reviewmaza aagaya yogi bhai,Positive
bhaii time nikalkar krishnavataram part 1 hridyam pr bhi ek review video bana do bhaii please,Neutral
adipurush isko blockbuster lagi thi iska review kaisa hoga,Negative
main to sirf comment per bharosa karta hun comment mein pass matlab picture acchi hai kal parson mein jata hun❤❤,Positive
are bhai krishnavataram part 1 movie ka trailer review nahin kiya,Neutral
tum ne bola tha k kerala story propaganda hai abhi nashik mein corporate company mein hua us pe kuch bolo ge ke,Neutral
jo kisi ko achi nahi lagti wo isko achi lagti he jo sab ko achi lagti he wo isko nahi lagti,Negative
yah south wala repeat karta to aapko achcha lagta hai,Negative
abhi dekh k aa rha hu blockbuster movie h ❤,Positive
mai yogi kai pudi bakchodi nahi dekhi bs commant mai kon kon yogi ki pelai kr raha h ye padhne aaya hu,Negative
bhai ye nahi bika aaj pese nahi mile points ginane ke,Negative
bhai adipurush re release kab hogaa,Neutral
bhool bhulaiya 4 de dena tha naaam,Negative
bro krishavatarm movie trailer ka review karo na,Neutral
yogi bhai eaabar apko paise nahi mile movie block baster hogi dekhana ❤,Negative
0:38 dhurandhar 2 ye kya bol diye,Neutral
bhai inki saari film jab release hui thi to flop thi but jab ye tv pe aayi to sabko pasand aayi thi,Positive
aare abhie dekh kar aaaya movie aur honestly aacha laga,Positive
2 star itna bekar hai kya movie,Negative
iska to hil gya h,Negative
first movie jo leak nahi hui me kgud theater me dekha kafi enjoy kiya,Positive
ramayan walo ne bahut paise diye the bhar bhar ke tarif ki balki teaser tha fir bhi jam jam ke tarif ki moje bilkul ramayan ka teaser achhchha nahi laga,Negative
jo muthal bol rahe the ki bhooth bangla hit jayegi vo dekh lo unke nosh tell jiya ki maiya put gayi bhoot bangla ki bhi,Negative
yogi ko koi bhi movie me kami nikal deta hai,Negative
spoiler alert but one mistake agar vadhusud ko light se darr lagta tha to last scene me itni fire kyu jal rhi thi ?,Negative
bhaiya ham movie dekhkar aaye hai wo bhi first bahut achi movie hai great directon by priyadarshan sir,Positive
movie aacha h sare log dekhne jao kiski baat pe barosha mat karo,Negative
you broke the trust of giving honest reviews bhai yogi bhai apse ye umeed nahi tha,Negative
akshay rajpal yadav paresh rawal late asrani sir❤ togeather movie always besti hope yeh sb mil k aisi movie banati rhai gi please akshay sir,Positive
iski baton per dhyan mat do doston jakar movie dekho enjoy karo,Negative
ye sirf south ko acha kehta h,Negative
yogi bhaii seriously aaj pta chala aap itne negative v ho itni criticism ek subscriber kam ho gya aapka aaj god bless you,Negative
2 5 star dena matlab kuch bhi very shame full yoji bhai,Negative
wamika gabbi ki hasi thodi zyada hogya hai,Negative
_agar movie pasand na aaye to suddhikaran ke liye bhool bhulaiya dekh lo _,Positive
ek comedy movie se aur kya dekhna chahte ho tum yogi tum oggy jaisi baat karte ho,Negative
surprise kya haa iss film mein ?,Negative
yogi bhai aap pehle hi acha review dete the ab toh aapki video dekhne ka man v nahi krta hai pehle aapki videos k intijar me rehta tha me,Negative
mai dekh k aay hu raat ka show tha yahan pe 1st show was too much funny and 2nd show bhi acha h but thoda fun type kam h but acha h maja lagega 4 star out of 5 dekh lo sab acha h,Positive
kya hua be payment nahi aaya kya,Negative
bi muja acha laga mera famelly ka sath,Positive
kl raat he movie theatre mein dekh kar aa rha hun bhai kya movie bnayi hai yrr❤ ❤ ❤ yogipedia ko almost 1 year se follow kr rha hun but aaj sach mein lga k ye review biased thaa movie hum bhi dekhte hain aur as a audience humko bhi pta hai kon c movie kitni achchi hai,Positive
mast review,Positive
aaj movie dekhunga agr tera review galt nikla to last time aapka video h mere liye,Negative
film superb hai,Positive
finally ye time kuch toh acha bola movie kie liye,Positive
apne abhi tak krishnavataram part 1 ka trailer ka video nahi banaya hai,Neutral
bhai krishnavatram ka review kab aaega,Neutral
bhai inko yeh 10 saal bad cult classic movie lagegi,Positive
yeh movie 4 star deserve karti h entertainment ke liye mujhe personally aryan ki bhool bhulaiya se to 100 acchi lagi hai,Positive
saly tujy role milta phir achi thi,Negative
mene kal dekhi bahut achchhi movie thi comedy and horror,Positive
bhai gaane ke alawa tho story humour sab tho badiya hi laga thode time stretch kiya uske alawa vo wamiqa gabbi ka bahan aur jo family pehle mara gya unka plot jaldi khatm kiya sorry for little spoiler,Positive
yaar last main samajh nahi aaya agar akshay baar gaya tha sabko kese dikhta tha please reply,Neutral
achi movie h bhoot bangla,Positive
paise nahi mil le kya ?,Negative
honest review hai bhai mene bhi dekha kal movie itni bkwass movie hai mt hi pucho,Negative
sab ko badiya review de raha hai or ye negative hi deta hai humesha akshay kumar ko haad ha be movie badiya ha mene dekh liya sab jao dekhne khud dekh k samjho awsme hai comedy khatarnak hai,Negative
abe ye movie bahut achi hai mai abhi abhi dekh kar aaya hoon sach mein mjaa aa gya ye sab youtubers k behkaave mein matt aaya karo,Negative
movie achi hai especially first half me comedy kamal thi bs itna kehna tha second half me comedy aor daalni thi wo thori kum reh gayi,Positive
ye yaad rkhna isko durandhar psd nahi aaya tha 1 part 3 5 star,Negative
bilkul sahi ho aap only first half acha he second half,Negative
1 minute ki baat pr 4 minute ki video bnadi apki video ko 1 star out of 5,Negative
aapnehi aadipurush ka trailer acha bola tha,Negative
adipurush acchi lgi,Positive
isko bhool bhulaiya 2 3 achi lagi thi to bhai log ye yad rakhna baki badiya movie h enjoy karo,Negative
review to koi bhi de sak ta hai ek movie bana lena pement nahi mila kya,Negative
yogi bhai ko promossion ke tips nahi mile,Negative
khud toh dek aaye hume rok raha hay jane se,Negative
totally agreed decent movie h time pass h comedy bhi itni khas nahi h itne mnjhe hue actors hone ke bad bhi vo wali vibes nahi aayi movie se jo socha tha thik thak movie h bs,Neutral
do rupe ka youtuber ab movie review karega jisko ek short film banane ka awkad nehi hain,Negative
meine ye movie dekhi aur mujhe to first half bhi utna kuch khaas acha nahi laga lakin kuch sences wakai me ache the bhut ache nahi lakin average the aur hn movie bhut ji jada predictable hai to mere taraf se is movie ko 2 5,Neutral
ye dogla hai bhai log bas betting apps ki promotion krta hai aur adipurush isko achi lgi thi,Negative
vaazha 2 ki review de do vai,Neutral
bhai ye movie jaani dushman ki story base vo jaani dusamn jisme amrish puri saitaan bnta h,Neutral
bhai please krishnavataram ke trailer ka review karo,Neutral
mujhe maja nahi aaya bilkul bhi,Negative
me to bahut hasa yaar or movie bahut achi thi or bahut maza aya,Positive
yogi bhai kitne din se bol raha hoon please alice in borderland pe ek video please,Neutral
kya guarantee hai ki next year same pattern hoga,Neutral
mujhe bahut acchi lagi movie rajpal ne such mai hasa diya,Positive
paise nahi mile hai kya,Negative
hamlog jugaar wale jugaar krke dekh lenge,Positive
isko peysa nahi mila hoga,Negative
ye yogi ye v bola tha ki dhrundhar 2 ki release date change hogi kyuki toxic us din release hogi but toxic hi bhag gya dar gyaa,Negative
vadhusur kahoo jeepers creepers kahoo lights out kahoo ya kehdoo tumhe chamgadro ka batman,Negative
mein to unsubscribe karraha hon wrong review de raha hai,Negative
chalo main movie dekhta hu aur agar mujhe movie pasand ayi aur acchi lagi to aapke review ko bekar samjhunga aur har movie apke review ke bina hi dekhunga,Negative
0:38 isse kehte hain movie agar acha na ho toh log title bhi bhul jaate hain,Negative
phele bar lag raha hai yogi ku bol raha hai common broo just tell it was good no need to rafe bait yrr eiti achi toh hai sorry to say agar ye south ki hoti toh tarif karte karte thakta nahi,Negative
bhai aapko review naa dena aaye toh mat diya karo waise bhi yogi bhai achi movie kaa review aap kabhi sahi tarike se nahi karte and agar mein himmat hai toh superstar by kunaal khemu sir ki movie ka review dalo apne channel pe yaa recently realised hui film nukkad natak ka review karo toh maan jaaunga,Negative
audience ko tumhare opinion se fark nahi padega abb audience khud samjhti hai achi movies ko appreciate karti hai tumhare samne hai reason after lockdown malayalam industry ne kitna rise kiya aur audience ne bohat pasand kiya to yeh audience decided karegi par yaad rakhlo movie blockbster hogi jarur kyuki audience akki aur priyadarshan ke wajh se ja rahi hai the og,Negative
tum log itne hi gyani ho to koi achi khoj karo ya tum logo mei dum ho to khud banao movie ya sirf sirf faltu dusro mei kamiya nikalna aata hai,Negative
yogi to man se bhi batti de deta he bhai ke pas to pesa aaraha he,Negative
oggy bhai ek do film aap bhi banao tab review dena,Negative
jise adhi purush pasand aayi use hum seriously nahi lete,Negative
bhai comedy movie nahi hai jo second half me bhi comedy dekhoge horror cum comedy movie thi toh itna bhut tha,Negative
ab to horror comdey se bharosha hi uth gyaaa priyadarshan jaise director bhi fail ho gye comdey movie delivere krne mee first half is bhool bhulaiya 1 but second half bhool bhulaiya 2 and 3,Negative
public ko movies dekhna chor dena chahiye,Negative
bhailogo sab is video ko report karo taki agli baar jhuta review karne se ye 1 lakh bar soche,Negative
license movie ka review karna masoom sharma ki❤,Neutral
bakwas movie tha bhoot bangla isse atcha bhool bhulaiya 2ya3 tha,Negative
bhai ye movie mujhe stree 2 se best lagi,Positive
bhai sambhavam hotstar pe movie aayi hai uska review bana lo,Neutral
super hit movie mai bhi kl rat dekha benglore me super comedy movie hai,Positive
ysko toh bas south movie pasand hai bhhot banga is too good movie plz family ke saath enjoy karo,Positive
movie dekho bindas iski mt suno,Negative
mujay movie literally bahut achi lagi same flavour jo priyadarshan ki movie ka rehta hai kher ese review mene tab khatta meetha l liye sune the aur aaj woh movie cult bani hui hai,Positive
yogi bhai koun ho tum bas bahut huwa boycot kro yeh yogi ko kuch v,Negative
men abhi movie nahi dekhi par mujhe pata hai ki achi hi hogi movie to par eski yogi ki video mat dekha karo kyuki eski achi nahi hai video,Negative
isko acha movie dekhna bhi hai aur time bhi kam kese hoga yar,Negative
yah hai kon vaise,Neutral
bhai acchi movie hai,Positive
bhat the boys dekha hay apne ???,Neutral
bhai 100 mujh se le lo but positive bol lo,Negative
aapka review bilkul sahi he bhai,Positive
yogi bhai mujhe horror movies dekhna bahut pasand hai ekdin mere office ke boss ne bola ki itna horror movies mat dekho dimag pe bura impact padta hai to maine unko bola ki yea mera personal interest hai unhone mujhe bola ki office mai mat dekho,Neutral
bhai m dekh kr aaya hu movie aaj subh wala show to movie ka review ye rha movie ka first half best hai comedy ke hisaab se and intervel ke baad movie thodi si mid feel hoti h shayad vo back story sunate hai is vajah se movie ka end thoda rushing huaa h mtlb vha thoda improvement ho skta hai baaki overall movie dekhi jaaye to achi h family orr friend ke sath dekhna maja aayega m friends ke sath gya tha to mujhe to make aaye the m movie ko 3 5 star dunga baaki yogi bolta acha hai,Neutral
mast film hai bahut din ke baad film acha laga,Positive
maine toh phele hi predict krliya tha wahiyaat movie hogi,Negative
kya bhai kitna jhuth reviews de rahe ho maine dekha movie bahut achi movie hai bhale interval ke baad comedy scenes nahi hai par story to achi hai na or presentation bhi acha hai ❤❤❤,Negative
bhai movie me kuch khas nahi hai but ha ab tk jis tarah pahle ki movies me bhi pandit ho ya koi pujari ya purohiton ki insult ki jati thi ussi tarah is movie ke last me bhi hai,Negative
aisa review dekha to mulakat kabhi nahi hogi,Negative
must movie thi bhai,Positive
matlab mai movie dekhne jau ki nahi ?,Neutral
0:27 tu pagal ho kiya,Negative
achi movie hai aaj hi maine dekha bhut achi comedy movie hai❤,Positive
bhot hi bekar hai ye movie,Negative
bollywood ka sabse bada dushman hain ye,Negative
main aaj dekh ke aaya hu audience full enjoy kr rhi thi movie i don t know why everyone is talking so negative about it,Positive
sahi maine bina review dekhe movie dekhi wrna tumhaari baat sunke nahi jati well movie achi hai,Positive
bhai aapka taste abse kabhi follow nahi karunga first half mai hi comedy hi kyuki yeh horror fantasy bhi hai bhool bhulaiya mai bhi yahi hua tha yeh movie bahut achi thi ager isko support nahi mila comedy genre dead hojayegi classic comedy 4 5 5 stars,Positive
ab bollywood ghode lag gaya hey,Negative
bhai enke akshay sa phati hi,Negative
movie ek bar dekhne layak hai bus jyada acchi bhi nahin hai aur jyada kharab bhi nahin hai story acchi hai,Neutral
bhai interval k baad hi acchi hai madam to yahi bol rahi hai,Positive
movie bhot aachi ha yar 5 out of 5 ha moj kar di movie na full pasia vasul ❤❤,Positive
aaj 7:15 ka show hai evening ka,Neutral
kya yogi bhai theatre me maja aa gya movie dekh ke sab log enjoy kr rhe the itni badhiya movie h fir bolte ho aaplog pehle jaisi movie nahi bnti ab pure bhool bhulaiya vibe aa rhi thi aapka review acha nahi lga movie bhot mast h,Positive
gaana kaha se us level ka hoga kk thodi na h,Negative
isko koi badass rajkumar dikhao bhai,Neutral
mai bhi kuch time se feel kar raha hu ki ab yogi ke reviews scripted ho gaye hai,Negative
movie acchi toh ha bhai,Positive
isko director bana chahiye tha sab dekhta hai yeh tho,Negative
movie amazing hai bhailog in logo ki baaton mein mat aana logic ghar rakh k jaana horror comedy ka perfect comboagar bhul bhulaiya 1 acchi lgi thito yeah bhi jarur lagegi ❤,Positive
movie bahut acchi hai aur bahut comedy hai ❤❤,Positive
ye bhi bikau nikla is film ki comedy bakwas hain bahut bekar hain,Negative
krishnavatarm ka trailer dekha ya nhi??,Neutral
ek din kl maine dekha achi movie h,Positive
yogi bolta hai❌ yogi paise leke bolta hai✅,Negative
bollywood ab acchi movie nahi bana pa raha ghuma fir kar repeat kar raha hai,Negative
guys no doubt movie bahoot badhiya hain bilkul 2007 ki bhool bhulaiya jaise fun wali aur horror wali inko chodo ye to negative bolenge hi,Positive
iske liye mai chup ka story repeat kar du kya?,Neutral
movie bahut achhe hai our story to bahut hi jyada achi ❤❤❤rajashaab se 1000 guna achi ❤❤,Positive
mana dekha bhut bangla acchi ha bhot sahi hassi bhi aai aur maja bhi aya,Positive
yogi bolta hai ❌ sona se chandi compare karta hai ✅,Neutral
bhi movie achi thi iska review mat suno kuch bhi bakwas kar raha hai aur isko movie ke naam bhi nahi pata 120 bhadaur ko 140 bol raha hai iske review na suno toh he acha hai direct movie dekho isko adhi purush achi lage thi hai kya review dega maine khud movie dekhe bhai audience enjoy kar rahi thi,Negative
kya family friendly movie hai ya nahi,Neutral
@yogiboltahai tera kiyun path ta hai,Negative
maine aapko follow kiya tha lekin ab unfollow krunga kyun ki aap paise le kr ke ab review dete ho,Negative
movie to thik hai yrr maine dekhi aaj puri movie me comedy hi thodi hogi yrr story bhi achi hi hai,Positive
mujheto film acha laga han song bura tha lekin movie ke liye 4 5,Positive
mene kal dekha movie bahut hi mast he,Positive
bhai tu khud apna ek movie bana hum log review dege,Negative
ye wala thik review dia,Positive
har movie buri nahi hoti bahut acchi comedy horror tha bhai thoda review skills ko upgrade kar most of reviewers ko ye movie pasand aayi hai sab galat tu sahi wah bhai wah,Negative
tum apne bekaar review se priyadarshan x akshay kumar ki jodi ko tod nahi sakte ho tumhre review ko meri taraf se 2 out 5 stars,Negative
bekar movie hai,Negative
movie badiya h yogi bhai puri ki puri ek baar ap phr se dekhoo dono half,Positive
bhai bhoot bangla ka review pj ne sbse best diya h uski vdo dekho,Positive
agr koi muje 1 lakh bhi de to m ye movie dubara nahi dekhunga,Negative
bhai aajkal ki ladai wali movies se to ye family wali comedy movie kafi achi maja aa gya,Positive
review karna band kar de bhai tu itne saalon baad koi achi movie dekhne ko mili hai aur tujhe usme bhi problem dikh rahi hai,Negative
esko north se south bej do jisko koi logic movie na ho,Negative
bhai movie hit hai don t give me your fucking fake reviews,Negative
akshay kumar ki comedy ko troll koyi nahi krskhta ❤,Positive
bhai tu review aise deta hai jaise ambani hai teri life youtube se chal rhi hai kal band ho jaye to kya karoge??? akshay kumar hai wo khiladi kumar? mene movie deki hai baut mast hai yrr,Negative
yogi bolta hai ❌ yogi kyon hi bolta hai ✅,Negative
12:15 ka show dekha aaj jaipur me and movie is literally super entertaining ab dikkat ap me h ki aaki bada actor h to you just over expected to him otherwise movie was really good,Positive
lagta hai akshay kumar ne isko paise nahi diye hai,Negative
adipurus ko 5 out of 5 star diya tha ye,Negative
sab chize chodo yeh sab video dekhne ke baad bhi public movie dekhti hai or achi bhi lagti hai,Negative
aaj main aapko un subscribe kr rha hoo 1:03,Negative
itni achi movie ka itna ganda review ps paise nahi mile kya sir just kidding dekh skte ho movie raat me dekhoge to aur maza aayega,Negative
ye review walo pe bharosa krne se kuch nahi hota movie mujhe acchi lagi all actors are best must watch,Negative
kisi ne kaha tha agr movie psnd nahi aayi toh khud ki movie bana lo,Negative
bhoot bangla = hera pheri bb1 stree2 thama mast movie hai do not miss this in theatre,Positive
bhai mujhe toh maza aaya bahut badhiya movie hai,Positive
mujhe to achi lagi bhai pata nahi tumhe kya chahiye i am disappointed with your review and rating,Negative
adipurush acchi lgi thi yogi ko,Negative
bhai muje toh maza aaya movie main,Positive
movie ko movie tarah kab dekhoge har kisime kami nikalni hai,Negative
yogi bhaii ko aj kal paise ni mil rahyy,Negative
achchi movie hai yaar tum iss ko itni rating kese de sakte to,Positive
tu itna bol raha hai to kyon na tu hi movie banana,Negative
blockbuster akki,Positive
sir aap ek movie banao na,Neutral
mujhe to aachi lagi ye movie ❤,Positive
nice movie❤ dekhne like h bro,Positive
mein kal dekha hun mast movie hai is loduko pata nahin konsa movie pasand hai,Negative
bhai pura theatre hass rha hai aur app kaha rha hu ki comedy nahi hai bhai ya app ka liya average hogi lekin mera liya best hai aur bus srk ki movie dekhi bus aur uski tariff kariya,Positive
honestly bolu to movie bahut badhiya hai mene dekhi and comedy entertainment go and watch,Positive
ho sakta tha ho sakta kya ho sakta tha bata na bhai,Negative
you are wrong brother first half somehow kaam nahi karta it s definitely bahut achhe se likha gaya hai,Negative
bhai sabka alag alag test hota hai movie me en sir ko chahiye sir has ke fatt jaye,Negative
pelo yogi ko aur pelo ekaki m avengers yad hai,Negative
maine abhi tak iss movie ke 2 reviews dekhe and both reviews are completely opposite ek ne 4 star diye and 2nd half ko 1st half se better btaya with climax as mind blowing and yogi ne 2 5 stars reviewers pe trust karna mushkil hai,Neutral
yar pehli bar dekhi itni gora wala bhoot or 1 bat kisi ne notice kiya ki ye movie me dikhya ki sab purani model phone use kar rahe hote hein but jab akshay ki father jb airpot me hote hein wahan 1 foreigner smart phone pakad k record kar raha hota he,Negative
bahut achi ovie hai maja aayga jao dekhne,Positive
bhai ye movie akshay bhai ki supar movie he,Positive
bhai bahut achi thi,Positive
sahi pakde hai,Positive
u r fake bakwas movie hai aaj dekh kar aye hum,Negative
bhai ko har movie average lagti hai,Negative
kya bat krte ho yar itna must movie hai,Positive
bilkul best movi hai ekdam best movi hai bro jakar dekho dil khus ho jayega,Positive
lgta hai bhai ko paisy nahi diye is bar,Negative
bhooth bangla movie me mithun chakraborty ke bareme koi kuch nahi bata rahe hai asal me mithun chakraborty movie me hai ya nshi,Neutral
second half main boring ho gayi thi,Negative
movie acchi bani haibhoot wala song bahut acha hai,Positive
first half achchha h,Positive
akshay kumar ke bs ki nahi reh gyi hai ab,Negative
bhai 100 agree with you aaj hi dekh k aya movie morning show 8 log mushkil the first half kafi acha hai lekin 2nd half utna hi wahiyaat itne bekaar gaane khas kar ke vo classical wala maha wahiyaat jheli nahi jaa rahi thi movie ek time pe akshay kumar ko hi vadhusur bana diya hai last mai matlab akshay kumar hi akshay kumar ka baap hai aur baap wale akshay kumar ko vadhusur dhar leta hai,Negative
acchi khasi comedy h story bhi acchi h 5 saal baad is movie ko cult classic bolenge yogi jese log,Positive
ye movie review karne wale movie banayenge toh kaise banate honge,Negative
pisa nahi mila he isko believe me movie is nice,Negative
payment nahi mili pakka,Negative
i watched this movie super lagi hame,Positive
jis movie mein akki wo movie sabko khadkati,Positive
humhe toh movie acchi lagi ❤,Positive
paise nahi to tareef nhi dhurendar par to 20 video bna di thi,Negative
bakwas movie hai time west money west,Negative
bahut badiya movie hai sach me,Positive
matlb adhe paise wasool hoga,Neutral
iska review hamesha suraj kumar ke baad hi aata he or jo suraj kumar bolta he ya wahi dohrata he,Negative
bekar hai movie,Negative
yogi bhai tumse umeed nahi thi itni achi movie ko bekar batarhe ho sharam karo tum,Negative
koi acchi hai pahla half gajab ka hai second half khincha hua hai bus yahi tha review ismein itna long video banane ki jarurat nahin thi is short mein banaa sakta tha,Neutral
bhai didi ne to sidha bol diya bhad me jao,Negative
aapka riview kabhi galt nahi hota,Positive
movie to acchi lagi thi❤,Positive
bhoot bangla ko bhool bhulaiya ke jese banane ki koshish ki hai,Neutral
isko salmaan khan ki movie achi lagti hai,Positive
bhai muze maza aaya movie acchi he❤,Positive
bhai ko mila nahi sayad baki apka decide to comment me bhar ke mil rha hai apko,Negative
ye video me kuch to zhol hai mene movie dekhi achi hai but is video me dal me kuch kala hai,Negative
bai tu wahi yogi jisko adhipurash achi thi paise nahi is baar,Negative
toh isse pata chalta h bhai ko nahi aata review karna ye bas time pass karta h pj never disappoint,Negative
hello yogi ji aap is movie ko dusri movie ke sath compare kar rahe jis ke karan aap ka review galt lag raha he always akshay kumar sir x priyadarshan sir ki jodi ek golden era he and aage bhi rahega bhoot bangla movie blockbuster hain aur rahegi,Negative
yogi bhai tumna phele movie dhek k aao aache se dont criticize the movie it is best on it i m form nepal and here too people are totally enjoying the movie there s nothing the backdrop there are few flaws but movies deserve 4 5 stars,Negative
yogi to sach bol ra tha movie sachme boring hai,Negative
is se achi movie nahi dekhi abhi tak 5 5 stars,Positive
bhai isko chuspa 2 pasand aaya tha,Negative
movie normal audience ke liye badhiya hai yee jaan lena ye wahi insan hain jisko adipurush aachi lagi thi,Negative
jyada khash nahi hai only one time watch,Neutral
bhai log dekho mst movie hai maza aa gya❤,Positive
pta nahi isko hindi movie se itani jalan kyu hoti h,Negative
bhai movie achi dekho sub,Positive
unsubscribe button dosto,Negative
paise nahi mile to kuch bhi,Negative
maine bhoot bangla dekha kam se kam bhool bhulaiyaa 2 or 3 se to achcha hai,Neutral
super dizaster hai,Negative
paise isko nahi mila is bar,Negative
movie is good itni bhi buri nahi hai jitna ye bata raha hai mujhe bhi aisa kahene ka man kahe raha hai ki paise nahi mile kya ? kyu ki iska review dekh ke vaisa hi vibes aa raha hai puri movie thodi na comedy bana sakte hai 3 5stars above out of 5,Neutral
ye ummid to nahi thi is se achi movie ko bura bol raha,Negative
movie to achi lagi hme,Positive
2 5 to 3 bas itna hi wo bhi first half ki wajah se,Negative
movie bahut acha hain,Positive
ek toh hai bollywood king akki akshay kumar ek toh hai bollywood ka khilari iska jaisa na tha na koy hoga bollywood main my hero always superfast hr chij main acton comidy emoson hr chij main hum apke bhi fan hai or deksha ji ka bhi lekin ajj sahi ny bole yogi bhaiya deksha ji sare 3 start diye hai or dhai start q ?,Positive
are yogi bhai movie dekhne ka audience ka reason priyadarshan aur akshay kumar hai the og aur dekh lena movie blockbster hogi audiences priyadarshan ki films ko pasand karti hai baki tum kamiya nikalo ya fir nahi audience ko tumhare opinion se kuch ghanta farak nahi padega par dekh lena movie chalegi,Negative
unsubscribe karne hi padega fake reviews karta hai,Negative
second half toh bekar hai hi lekin first half toh bilkul bardaad hai comedy puri tarah banawati hai,Negative
bhaio mast movie hai,Positive
isko paise mile to ye bekar movie ko bhi achche review dega,Negative
achai movie h fir q mere taraf se 5 4,Positive
mast movei he bhai,Positive
south ki movie hoti to ye 100 star pel deta,Negative
bhai log ham bhi akshay kumar ke fan hai par sahi batau maine kal dekha movie bahut nirash kiya jay hind jay bharat,Negative
yar isko ek dewaane ki dewaaniyat achi nahi lagi thi mana kro ke love story movies aur comic movies pe review na hi kare to acha hai,Negative
sambhavam dekha apne dekho 1 bar,Neutral
ye ho sakta tha wo satkta tha fir kudh ek movie bano aap fir hum bhi dekhe aap kesi bana sakte ho,Negative
4:09 comment section dekhr lag rakha hailogo ko disappoint movie ne nahi aapne kiya hai,Negative
tera face b thoda sa thikh hoskhta thaa,Negative
kattalan teaser review please kar do verna subscribe nahin karenge,Negative
bro paise barabar aa rahe hai,Negative
yogi ko bhog nahi chadaya gaya,Negative
isne salaar ke bhi bad review diye the,Negative
entertainment ke naam se enjoy kro na yar itna kya sochna ab comedy movie me just enjoy,Negative
bahot maza aya ur fir,Positive
bahut hi achi hai bhai movie,Positive
yogi bhai kya hain ye? itna late review? bhai aise kaise views aayenge? bhai agar late night show dekha hai toh raat ko 12 baje video aa jana chahiye,Negative
horror comedy movies sauth ki hai,Neutral
bhai movie mast hai,Positive
bhai ranbir iska baap hai isko ramayana ka teaser toh historical laga tha,Negative
samose nahi mile,Negative
movie achi hain mja aa gya,Positive
bahut achi movie thi ❤,Positive
aap hi koi movie kyu nahi banate jisme maja aaye,Negative
payment nahi mili kya yogi bhai,Negative
story copy hai old jani dushman 1979 movie se kuch to naya story laao bollywood walo,Negative
akshy ab comedy mein over acting krta hai,Negative
payment nahi mila bhai ko,Negative
1half me maza agya yaar sech mr,Positive
i just love this movie tum jo v bolo,Positive
aaj paise nahi mile kya ?,Negative
kul mila ke baat ye hai ki yahi hai,Neutral
lights out movie ke scene copy kiye hai,Negative
bhai yar tu he bana leta movie ko,Negative
ye yogi bhai kuch v bol rehe hai movie ekdum badhia hai adipurush ko achhe bol dete ho isko,Negative
in logo ki video mt dekha kro ye log movie dekhne k phone hi man gira dete h,Negative
is gogi ko paise nahi mile kya,Negative
sach m dosto ye movie ek dum bakwas h na comedy na horror na kahani na acting movie ek sar dard h mera sar dard ho gya movie m,Negative
acche to hai,Positive
film na bahut achi lagi yaar,Positive
mujhe to dhurandhar ke aage sab fika lag rha hai,Negative
bhooth bangla ko 3 0 dena tha,Neutral
film achi thi,Positive
yeh sab bolke kya sabhit karna hai chahata hai kya sabhit karna hai chahata hai,Negative
matka king pe review banavo na,Neutral
yogi tumse better ki umeed kiye the,Negative
paise nahi mile,Negative
too late review kyu de rahe hoabhi abhi aaya amount shayad ???,Negative
yar iska aab jajment bahut kharab ho gya hai,Negative
iske kahne pe mat jana bhaiyon movie achi hai entertaining hai,Negative
bhai mai abhi film dekha hai mujhe to bahut achi hai dono half me tum log pta nahi kya dekhate ho critic banana hai bas,Negative
kejriwal ek honest leedar hai aur modi sirf ram aur dharam ke naam par vote mangta hai aur kejriwal kaam ke naam par ❤,Positive
bhai sab jagah movie ki tarif ho rahi haii ye akela sirf aisa bol raha haii,Negative
yogi bhai kabhi positive socho,Negative
movie acchi hai bhai,Positive
4:10 ab to inke bhi review par vishwas nahi hota achhi movie ko bekar aur bekar ko acchi batane lag jaate hai,Negative
1 no movie thi bhai eski na suno,Positive
yaar kuch bi mast hai movie,Positive
ye chomu ne bhool bhulaiya 3 ko 3 star diya tha jaake dekhlo sab he is completely exposed rahi baat bhoot bangla ki toh last jitni horror comedy aayi hai usse better hai especially bb2 bb3 definately not level of old priyadarashan movies but we all no that was due to neeraj vora,Negative
comedy ka itna gira hua istar nahi dekha aaj tak,Negative
jali nah teri jali nah akshy kumar bhoot bangla,Negative
movie achchi he,Positive
movies acchi hai,Positive
mohit aur sab log na bhi timepass hi kaha film ko yogi ko inta hate kiyu,Neutral
movie acchi ha,Positive
inhe payment nahi milta to negative review dene lagte hai aur sab theatre me dekho iske review ke chakkar me apni movie ka enjoy mat kharaab karo jao aur dekhkar aao bhoot bangla main dekhkar aaya hai pakka enjoy karoge ❤❤,Negative
only rajpal yadav ki acting thik thi baki over acting time pass movie h hollywood ki movie jiper kiper ka vilen light off ka action,Negative
lekin 2 5,Negative
mtt jaya krrr tu raato me ta morning me dimag or kaan sab band rehta hai iska,Negative
tune disappoint kiya tabhi comment kiya you lost a subscriber,Negative
paise nahi mile h review ke liye,Negative
lak ta hai iss ko dhunrander ka bhoot abhi tak nahi nikal,Neutral
rajpaaal yadav ka part chod diyaa to purvi movie bakwasss lagti hainsaraa vfx andhera karne me laga diya movie kab khtam ho jaye yahi raah dekh rahaa tha main,Negative
jo review teaser kharab kahate hain vah last mein movie ko bhi kharabi kahate hain yad rakhna,Negative
such mai maine ye movie ab tak nahi dekhi hai mai pak se hun lekin 100 bol sakti hun k ap galt bol rahe hai bekar se bekar movie ko acha bola hai ap kalki adipurush aj kal k tense bhare mohal mai fresh krne wali movie ap ko 2 lagi haad hai,Negative
yeh bnda kahin se negative le he ata h,Negative
isko konsi movie achi lagati h pta nahi,Negative
tu movies ka director kyun nahi ban jata hai bhai,Negative
akshy kumar ka movie flop hogi tab bhi bahut achcha lagega akshay kumar and rajpal yadav road per chalegi tabbhi bahut maja aaega so tension lene ka nahin movie bahut achcha hua,Negative
yogi bhai mafi mango,Negative
paise nahi mile,Neutral
yehh isko aajkal paise nahi milte fs,Negative
horror comidy me pehle half me comedy or second me horror elements zyada hota he to ye movie reviewers ki baat kabhi maat mano apni instict pe biswas karo us se tai karo movie dekhne jana he ki nehi kisi vi faltu reviewers ki baat maat suno,Negative
wohi purane jokes wohi purane dialogues repeat kar k kachra kar diya rajpal yadav to udhari k case k tension me lag rahe the poori movie me nothing new in acting from akshay paresh sir ki energy kaafi low lagi aisa he banana hai to heraferi 3 to bilkul mat banao plz,Negative
paise nahi mile kya,Negative
bhai aap is bar galat ho movie overall bahut achi hai meri puri family enjoy kr rahi thi second part bhi acha tha time ka pata hi ni chala aap km se km achi movie ki review sahi to do apke review se ab bharosa uth gaya,Positive
vadhusur wali kahani bahut hi ghatiya thaa bhai,Negative
isko akshay se hi problem h,Negative
negative review mat do yar genuine review do paise mile na mile apna masla hai,Negative
ye bhai saab sab movie 1st day 1st show dekh kar aata hai or sabko movie ke baare me negetive negative baatein bol kar movie dekh ne ka maja kharap kar deta hai,Negative
khud ko jada smart samajta hai,Negative
boaring hai yrrr halki fulki comedy hai,Negative
kal hi dekhi sala movie kam aur clip jyada lag raha tha akdam bakwas,Negative
yoggi ki bkwas sunne se achchha h jao aur ja kar movie enjoy kro isko adipurush hi pasand ati hai mujhe bhi ye review achchha nahi lga but editor ne achchha kam kiya h pta nahi iss yogi ko kaha se utha kar rkh diya h isme meri tarah se iss review ko 0 1 5,Negative
is movie ka review sahi nahi kiya yogi bhai,Negative
movie aachi hai,Positive
movie mast hai bhai total dhmal hai jao jake dekho,Positive
jaa ke film dekho isko mt dekho best movie hai ye,Negative
sab tarif kar rhe hye negative review de raha h,Negative
tu ek kaam kar tu ek movie bana,Negative
unfollow karraha hoon,Negative
the movie was totally bakwaass dialogiues and punches combo of bhool bhulaiyaa hera pheri bhagam bhag and story line somewhat same to bhool bhulaiyaa,Negative
yogi ne pesa khaya he dam sure,Negative
ek hi baat me ek number third class movie he,Negative
sorry yogi bhai ek hi dislike tha apke liye ap use 100x me convert kr lenathanks,Negative
faltu me kyu negativity kar rhe ho bro movie sab ko achi lagi hai,Negative
yogi ab bahut bolta hai,Negative
algi bar writer or director k sath tumhy b behta dangy onko batana k yeh jaga kato yeh jaga choro,Negative
dekhi yaar bakwaas se ek step upar hai,Negative
bache k paao paalne se bahir aa gy ha,Neutral
itni ghatiya movie maine 10 15 saal ke baad dekhi hogi isse acchi to war 2 thi,Negative
bhai unsubscribe kr diya bhoot bangla ek achi movie h yogi bhai tumse ye umeed nahi thi,Negative
a yogi nahi dhongi hai,Negative
movie utna khas nahi tha,Negative
aap hi ek movie bana lo bhai khud ko director samjh leta hai,Negative
pahle movie dekho fir review dekho tab inke content ka pata chalega,Neutral
movie achi hai review par mat jaye,Positive
iska downfall lana padega bhai log sab milkar un subscribe karo jaldi,Negative
achi movie he,Positive
yar kya ghatiya review dekh rakhi h maine 16ko hi and trust bhot acchi h,Negative
aap ho kon,Negative
aisa kro bhai tum kyu nahi movie bna dete ho dekhte hain kaisa rhta hai apki story had hai bhai kaise review de rhe ho,Negative
akshay ki har film ho promote karne ki kosis karte ho lekin flow ho jati hai akshay ko promote karne ki kosis band kr do ab sir,Negative
first time tumhara review mere ko galat lagra ha,Negative
achi movie hai ye baketi kar raha hai,Negative
paise nahi mile is movie k,Negative
itni achi entertainment movie hai par itna gnda review,Negative
sabine positive and kuchu mixed reviews diye hai or ratings bhi 3 3 5 and 4 stars dhe rahe hai or apne isko 2 5 diya sirf bhai muje paat nahi hai ki app kis tara se movie ko dekte ho ham sab ne isko khub enjoy kiya hai thori bohut technical problems hai woh main manta hu but overall movie bohut hi shandar hai atleast they try to give us entertainment shame on you bhai,Negative
bhool bhulaiya ka ssaaastaa copy,Negative
bekar movie hai hungama 2 horror version,Negative
iss mai dulan ko maar kai baal ke puja karte last mai bataya aur akshay kumar b us ke baap kai jaisa he hai wo puja kar kai logo ke baley chara tha comdey ziyada actor ko nahe deke akshay ko deye mager comdey actor ke bath nahe ate akshay kumar ke acting katta metta movie jaise hai,Neutral
review band kar do bhai,Negative
vadusur tabu hogi,Negative
agar herapheri movie bhi agar is time me aata toh wa bhi ye average hi bol ta aur 2 5 rate hi deta ye kon movie kaise review dena h na dena h kch aata nahi hai isko yogi pogi koo,Negative
bhai movie sirf review k lye hi dekhte ho kya first time wrote because i have also watched mere theatre mein toh sab ne enjoy kia,Negative
yaar tune mera mood kharab kar diya,Negative
mja ayi fir bhi isko bekar lgi or revel na kr ke revel kr rha hamesha 2 5 3 star deta hai akshay kumar ki movie ko,Negative
taqreebn 2 sall bad apki video dhakna aya hoo kafi kalla ho choka ho app or bodha bodha lg rha ho,Negative
7star movie hai,Positive
ek kam q nahi karte yogi bhai ap khud q nahi move banate zara humbhi to dekhen keya hota h q k ap ko to sab malom h eyssa hona chahye weysa hona chahye bolna bohat aasan hai ki ke kam mein kharabi beth kar nikalte ho khod banao move phir hum apki movie mein dekho keyse keyse kharabi nikalte hen,Negative
film bhooth achi hai jake dakho enjoy karo isko dhurandhar kichi hui nahi diki or yeh isse khichiwi di ki wah bhai yogi tum to oggy nikla,Negative
isko paysa mila nahiye,Negative
bhai to director ban ja,Negative
lagta hay pise nahi mile,Negative
arey kuch bhi bol rahe hai bhaiya akshay kumar super hit they or rahenge,Negative
paese nahi mile kya,Negative
asal mein jab se akshay kumar andh bhakton ki tarah se hogaye hai tab se unka movie banane mein man nahin lagta hai aam mangoo khane mein maan lagta hai,Negative
movie banane se pehle apse puchle to sab sahi ho jayega,Negative
ye admi har movie flop krvae deta hai,Negative
bhai such bol movie best hain lakin tujhe pasand nahi aayi??? aadipurush fir tujhe itni acchi kyon lagi thi,Positive
are bhai aapko kuch acha bhi lgta hai kya kyoun is baar paise nahi mile,Negative
o yogi babu adipurush kaisa laga apko zara batana us bare me inka baton me mat pado bhai movie bahut achi hai maine dekha app v dekhlo,Negative
bollywood ghatiya movie south best movie,Negative
yogi bina paise k review karte huwey,Negative
bhai tune is movie ki itni burai kar di ki jisko dekhna bhi hoga vah bhi nahin dekhne jaega main bhi soch hi raha tha jaaun dekhne per tune mere mood l laga diya ab nahi jauo ga,Negative
kuch bhi bol raha h first half se 2nd half better h comedy horror,Negative
bhai main tumko unsubscribe kr rha hai tum humko disappoint kiya,Negative
isko sunkhe maat jana bhai lok kuch bhi bolta hai ye,Negative
yogi bhai tum ab apni review mein hutiyapa to karne lage ho,Negative
ye zarorai tu nahi apko jo pasand na aye woh baki audience ko pasand na aye,Negative
movie to thik hai yogi bhai app galt review deto hooo,Negative
sabko acchi lag rahi hai to tumko kya dard h bhai,Negative
aaj yogi bhi app na galat bola ha i don t agree with u,Negative
bdiya hai movie sir,Positive
is aadmi ko adipurush acha laga tha aur ekaki bhee acha laga tha to is insaan ko ghatiya movie acha lagta hai aur acha movie ghatiya lagta hai,Negative
tu director banjaa aur subko sahi se use krke dikhaa dekhlenge,Negative
iski baato me mat aana movie mast maine dekhi hai hasi control nahi hui bcz ise nahi mile paise aur iska name hai yogi to ise jaln hogi,Positive
yup actors buddhe ho gaye forced comedy chal raha hasi vi nahi aa raha,Negative
ye yogi ka sabse bekar review tha movie achi hai,Negative
bhai ek kaam kar second half tu phir se bana le director by yogi maggiie,Negative
maza nahi aaya movie,Negative
mughe sb bda chahiye tm humesha chhote ke chkkar me pde rhte ho,Positive
aur hamari taraf is review video ko 1 dislike,Negative
yogi bhai hmko to lgta hai isme wo asur akshay hi hai,Neutral
bollywood ko nicha dikha ne ka kasam kha chuke bhai log bahut achi h movie h bhai itna kharab nahi jitna tum bol rhe ho,Negative
ap acchi movie ko bhi galt review deto ho,Negative
ghatiya movie he ek or movie ka milta julta ghatiya copy,Negative
ap jese k reviews dekhna ka kya faida ek na ek din ap log bikh ho jate hain,Negative
ye jhoot bolta he,Negative
bandar kya jane adrak ka swad,Negative
are shekhchilli sudhar ja rogi,Negative
tumko kuch acha lagta hai ki nahi,Negative
bhai ap sy accept nahi kya ta achi film ko bhi ap 2 or ab pta chal gya ki ap ka bhi review fake hy,Negative
mazak h movie,Negative
itne ache bolte ho bohut kuch jante ho khud ak banalo fir movie,Negative
iska review sab bekar aata hai isne border 2 ki bhi tadif ki thi,Negative
yogi bhai ab tumse nahi hogi,Negative
bakwaas movie hain zero comic timing,Negative
bahut bekar story not worth it dhurandhar ke badh pata nahi log bhoot bangla jaisa ghatiya movie kaise banaya hai na horror hai bekar story hai bahut boring comedy sirf acha hai,Negative
one more flopbuster by akshy,Negative
delete kr de bhai koi teri baat nahi maan raha,Negative
tum ko itna samajh me ata hai to movies direct kar na itana bata raha jaise bahut knowledge ho,Negative
bilkul bakwas movie hai bas jabardasti hasane ki koshish kar rahe the bilkul third class movie,Negative
tum log ke leye bollywood barbed hai,Negative
bekaar movie heroine k 5 6 scene bekaaaar hai,Negative
ye yoggy worst review deta hai iska adipurush review dekho,Negative
sabse faltu critic hai ye banda,Negative
fir se bakwaas movie,Negative
bilkul bhi maza nahi aaya,Negative
tu shirf dhurandhar jaise movie ko hi acha bol skta hai,Negative
bhai jhooth to mat bolo,Negative
dhurandhar dekhne ka baad sala koi movie achi hi nahi lag rahi hai nhi aditya dhar ye tune kya kar diya,Negative
tum bas dhurandhar ko hi promote kro,Negative
pese khakar bol raha hai,Negative
bhai rhne de tere se nahi hoga yogi kuch b bolta h,Negative
is film me ye ho sakta tha is film ye or bhi acha ho sakta tha is film me ye or or bhi acha ho sakta tha yar tu jo tatti film h unko to bada chada k bata ta h jo acchi film h unko aise isme ye ho sakta tha bol bol ke bekar bta ta h,Negative
acchi nahi hai,Negative
ek bhi dhang ka comedy nehi hain,Negative
tum logo ne movie ko itna overanalyze krna chalu kr diya h ki tum logo ke liye koi movie acchi hoti hi ni h har movie m kuch na kuch kami lgti hi h arre har chiz analysis ke liye ni hoti some things are just to enjoy,Negative
jhut movie 4 star ki hai,Positive
achi movie ka kachra kar diya tumne,Negative
ye pagal hoa gya hai yogii,Negative
bkwas rewie title bkwas rkhty ho,Negative
yogi bhai movie kitni aachi hai bor nahi karti aap ko chenel delete kar dena chahiye aap ab thak gaye,Negative
juth mat bolo movie jordar hai,Negative
me aj hi unsubscribe kr raha hu apko aj pehli baar comment padhne aya or me apse najar hu ki ap bollywood movies ko hype nahi dete bas south ki movies ko dete hai,Negative
bht acha movie hai tum chup reho n agar wolog acha acting nahi kar rehe thi to tu hi ja kar kar de,Negative
140 yogi tu kyo bolta hai,Negative
channel bandh kardo,Negative
tu na itne bade ache reviews deta hai kitna knowledge hai tuze tu na ek kam karte ja agese na tu hi sab movies direct karte ja matlab sab hit ho jayegi,Negative
meri tarfh se unscribe,Negative
ye feku hei ek number ka isko har film achi lagti hei,Negative
ye galat review de raha he,Negative
tu rehne de yaar,Negative
jhot bol raha hai movie zabardast hai no doubt,Positive
to itna bahsha dyta ha kuhd koi movie bna kr dikha,Negative
buhat fazool film hai abhi deka,Negative
iss jhaatu ki har baat bhi mat suno guysss mujhe bhi iske reviews ache lagte hai par yaha ye galat hai movie dekh kar maza aa jayega priyadarshan sir ke direction mein bani wo hi old vibe dekhne ko milegi or sabse badi baat koi forcefully comedy nahi hai bilkul natural comedy hai vfx ka overuse bhi nahi kiya hai in jhatu reviewer ko sirf ek video lagti h har movie ko tatti bolne mein itna aata hai to khud bana k dikhao ek comedy movie sach batau to kafi time baad bollywood ki taraf se ek achi comedy movie dekhne ko mili hai good to see the old cast of akki sir paresh rawal rajpal yadav asrani ji back in form and this all happens because of priydarshan sir ❤,Negative
isko unfollow kr k mast kaam kiya main,Negative
yogi bhai aapko ab review karne nahi aa rha hai aap channel band kar do aur dusra kam dhundho,Negative
yogi ko unsubscribe krne ka time aagya pese leke review deta he aaj saabit hogya,Negative
kitna chiye view bhai kara deta hoon tera ghar chal jayega lekin dusro ke pet pe lat mat mar ja jo kam karta hai kar yaha c mat kar tum logo ke vajah se sab ko believe nahi hota news pe,Negative
iss saaly ko ghanta kuch pta ni achi bhali movies ko bakwaas bolta rehta ha,Negative
are isko reviewer q aur kisne banaya isko paise do to adipurush ko bhi achi movie bolega isko bycot karo,Negative
ye yogi baba ko paise nahi mile isliye aisa bol raha hai ye sirf propoganda movie ko hi acha review karta hai,Negative
abe sale achcha nahin kah sakta to bura bhi mat bol,Negative
tere ko kya,Negative
kya ye ajeeb yogi ha movies ko khud dekh kr dosry ka dimag mein bas bad reviews dalta ha actors mehnat krty ha 1 movie pr or ye kuch smjhta nahi ha onn ki mehnat ko khud he keh raha hots ha ye thk ha ye thk nahi ha itna bara toh faisla krny wala kay ye achi nahi lagy toh ye sahi nahi ha ye yogi sahib ko achi lagi ha toh sahi ha qadar kiya kro ajeeb loggo mehnat krny walo ki,Negative
are ye sab tatti chhodo aur street fighter ka jo trailer aaya hai uska review karo,Negative
sambhavam adhyayam movie dekho aisi movie hoti hain kya faltu episode dalta hai jake movie dekh aur review dal,Negative
bekar movie thi,Negative
akshay kumar = flop ultra pro max slim,Negative
bhai schi ye bnda bhi ab sach nahi bol rha ab paise leke bolta hai bahut mst hai or baar same same gaane nahi hoga mst hai bhai family movie owsm mst hai ye is ko aj u unnscribe krunga ksm,Negative
south movihoti toh 4 5 star deta yeh iss se acha suraj review deta hai tera traha bewakoof review nahi deta,Negative
isko to kerala story jaisi movie aachi lagti hai,Negative
bahut bekar review laga h tumhara aaj ayese hi or review kar do koi nahi dekhne ayega tumhe,Negative
bakwas movie thi,Negative
boring movie h akshay kumar ki over action h bas,Negative
bakvas movie he,Negative
tum log durandar movi 4 gante ki dekh aaoge lekin akshay kumar ki movi ko hmesa avrge bta doge tere ko kon review krne ko bola to apna kam kar tere ko ajj mai unsubscribe kar rha hu be,Negative
bakwaas movie,Negative
bhaii tu movie se jyada bor kr deta hai,Negative
tujhe kya bolu tu bekar movie ko acha bone bala,Negative
tu ek movie bna ke dikha ludu,Negative
super falto review movie,Negative
ghatiya movie,Negative
bilkul bakwas hai buddhon ka show hai sabhi buddhe hain,Negative
boht ghtiya review diye ho yogi yr boht badhia h movie second hand me bhi,Negative
tu dar kyo gye fudu,Negative
bkwas review movie bahut acha h,Negative
movie acchi he aaj hi dekhi with family ye fraud review de raha he,Negative
bada ghatiya movie,Negative
yesko unfollow karo,Negative
bakwas movie koi mat jana dekhne,Negative
bokbass move he,Negative
bhai tere jaisa admi agr director ban jaye na to fir koi v movie flop hi nahi hogi jitna gyan h na tere andar pakka tu ek v movie flop nahi hone dega,Negative
bhai tujhe sharm aati kya sharm ek bhai ne comment kiya hai ki tujhe aadipurush movie acchi lagi thi kuch to sharm karo bhai itna imaan gir jata hai kya paise ke liye insaan ka abe log bharosa karte hai tujh pe tere videos dekh ke movie dekhne jaate hai ab agar himmat hai to comment ka reply de kyuki jane de ab royega to aur kuch boluga mai to,Negative
bekaar movie hai,Negative
tum jhoot bolte ho,Negative
dislike karo sab log galat review de raha hai,Negative
aaj movie dekhne jaa raha hu agar tera review or movie kaa asli review match nahi hui toh saam ko wapas aake tera channel unsubscribe karke aaj k baad meraa review video dekhna band,Negative
bekar h movie,Negative
froud and fake level gira dia tu khudkaa ab tera channel ko visit ni karunga kabhi,Negative
bekar movie he and tera review bhi,Negative
bakwas movie,Negative
it was a bakwas movie,Negative
ye fake reviews krta h unsubscribe now,Negative
bakwas bakwas bilkul bakwas h,Negative
bakwas h movie,Negative
bakwas movie h,Negative
faltu bat karta hei,Negative
bakawasss bina sar pair ki movie,Negative
faltu review,Negative
mai khud priydarsen se naraj ho gya,Negative
ankho se lag gai ankhe,Neutral
khatam movie hai bhool bhulaiya ko takkar kabhi nahin de payegi bhale kalakar sem hai bade doctor se main bhul bhulaiya iconic movie,Negative
ye bhul bhulaiya ko kabhi nahi payenge,Negative
kul milake bekaar hai kyoki isko bhul bhulaiya se milayenge,Negative
makers ne paise nahi diye isko isly itni burai kar raha hai,Negative
ramayana ♥ kaisa laga teaser? ♀,Positive
emotion tab aate hain jab scene real aur natural ho nahin toh yeh vfx toh hollywood main bhar bhar k hain so the maker should focus on real scene,Negative
kitni bhi ramayan ban jai but jo baat ramanand sagar ji ki ramayan mein h woh feel kisi ramayan mein aa hi nahi sakta jai shree ram,Positive
mujhe to koi problem nahi dekh raha hai kalyug me big beef guy ramji nahi banega to kalyug kis baat ka,Negative
mam vo monsters adipurush wali feel de rhe hain,Negative
gaali nahi de raha bs pr ranbir as ram i can t imagine,Negative
narsima mahavarat bhale hi cartoon vfx movie thi but next level movie thi har ek seen next level tha nd sound effects mind blowing,Positive
sab kuchh perfect hai but sach me vo villains video game wale monster lag rahe hai,Neutral
eyes ko believe hi nahi ho raha next level vfx,Positive
3:01 exactly rakshas insaan bhi toh play kar sakte hai kya dikkat hai,Neutral
anjali arora wali ramayan dekhne ko kahan milega jii???,Neutral
kya baat kahi mam ne ki hume kyu banana hollywood k jaisa unko bannne dona hamare jaisa very well said,Positive
0:46 ap jab bole rongte khade ho gye tab ye soch je ki ap tareef kroger ye sunken mere bhi rongte khads ho gye,Positive
world me realise ho rha hai acha lga wait rhega best hai,Positive
1:31 kyuki ye valmiki ramayan pe based hai usme shri ram ek bohut bade yuddha bhi hai,Positive
om raot be like ab under ground hone ka time aagya,Negative
my soul hrithik sir shree ram bante to brahamand yaad rakhta ✅✅,Positive
kafi visuals adipursh ko takkar dete hain kuch scenes acceptable lg rhe hain,Neutral
jai shri ram,Positive
sabse pehli baat makers especially namit malhotra ramayana ko global scale pe promote karna chahte hai,Neutral
1:26 axa didi ek baat btaun hritik roshan as rama bhi ache lg rhe hai ❤,Positive
jai shree ram,Positive
last 1 second me ravan pushpak se bahar niklta he towards right side,Neutral
jai shree ram ❤,Positive
kon kon review ka intezaar kar rha tha,Positive
ram ram jiapp tho ekdum expert ho ❤❤,Positive
jo bhi bole this ramaya will break all records,Positive
aapka hi intezar kar raha tha,Positive
god level ❤❤ movie me 50k dedunga dikha do film ❤❤❤❤❤,Positive
iss video keh wait kar raha tha,Positive
7 10 because 90 vfx makes it feel unrealistic and game like rajamouli ki tarah set banake shoot karna chahiye tha ram ji raat ko vanvaas ke liye nikle nahi koi bhi raat ko jungle mai safar nahi karta,Neutral
00:22 om raut like: ab underground hone ka time aa chuka he,Negative
jai shree ram,Positive
apke review hamesa genuine lagte the but seriously is baar ye sab bolne pese mil rahe h jesa lag rha h,Neutral
ranbir ki jagah ram charan chahiye tha❤,Neutral
pehle ai laga,Negative
future me apko ek aisi hi kisi ek film ke liye assistant director ke taur pr dekhna chahenge ❤,Positive
2:05 for your kind information part 1 mai sita haran tak hai usme hanuman ji ka koi role nahi haai toh dikhayenge kiyu??? hanuman jayanti toh thik hai lekin itna toh oata hona chaiye part 2 mai bajrangbali ayega tab dikhayega,Neutral
ham dekhenge is film ko jai shree ram ❤,Positive
ai lg rhe cartoon se hai isse toh baithar phela bali hai bo lgti hai original jise yah toh sab dekhba hai,Negative
jai shree ram ❤❤,Positive
dil se hai ye ramayana,Positive
thank you for saving my money pirated hi dekh lunga,Negative
kya kisi ne the legend of hanuman nahi dekha kya?,Neutral
ramayan ek he hai ramanand sagar ji ke dowara banayi gayi ramayan serial bhagwan ram ke roop me bhi ek he hai hamare arun govil sir ❤,Positive
innocence missing hai jo pichli ramayana me tha es trailor me baki lets see jb pura tailor ayega tb dekhenge,Neutral
mujhe lagta yeh movie ram sey jyada ravan k liye hit hogi❤ jai shri ram❤❤jai hanuman❤❤,Positive
are toh isme bhi kya entertainment dekhe ye toh mahara culture hai❤,Positive
kuch aisa feel nahi hua h ki extraordinary nahi hai simplicity emotion is required rather than budget,Neutral
yahi dikkat young hai generations ka,Negative
ek mythology ko kab tak or banana hai?,Negative
ram ban gaye rama ramayan ban gaya ramayana ab aur kuch kahne ki jarurat nahi hai,Negative
ram ji mai jo shanti hai vo ranveer mai nahi hai; aggressive lag rha hai 5 10,Negative
hame hollywood ku tarah monster laane ki jarurat nahi hai hamare garntho me bahut se danav hai unse inspiration le sakate the❤,Positive
inko sita haran ka seen majedar lag raha hai,Negative
yeh picture ramayan ko historical nahi myth hi banayegi,Negative
hame ek aisa ramayan chaiye jho pure text pe based ho and realistic ho naki peak detailing hame global spread se koi matlab nahi,Neutral
101 honest reviw dia hai apne ramayan is all about samvaad ye ajeeb se creatures dikhane ki jarurat nahi thi mujhe bar bar yad aata hai kalki climax ka wo 2 minutes ka mahabharat wala scene usko dekh ke nostalgia feel hota hai wo bachpan ki ramahan and mahabharatwese hi kuch create karte with nayi soch toh maja double hota or hamari trah hi west wale bhi insaan hi hai emotional wo bhi ho jate definately unko dikhane ke lie ye creatures dikhana jaruri nahi hai ho sakta ho in sab se wo bhi bore ho gae ho,Negative
bhagwan raam ko mooche hothe hain valmiki ramayan,Neutral
adipurush wali yaad a rhi hai,Negative
jo bhi baat boli hai kya baat ho rahi hai❤,Positive
yash ka scene wala vfx bhut mstt tha kyuki monstermind creation yash ki hai,Positive
i wish movie acchi chale,Positive
aisa lag raha hai k cartoon dekh raha hu,Negative
is bar to a movies oscar mea jaiga,Negative
mujhe ranbir kapoor hindi tv serial ke indra lag rahe hain,Neutral
the introduction par khub tarif kri ti aapne hi,Positive
maii to aur 2 bar ramanand sagar ji ka ramayan dekhu,Positive
main dekhane jata if ranveer nahi hota usko dekhne jau,Negative
hume duniya ko dekhke movie nehi banana he hume dekhke duniyako movie banane do,Neutral
sab k sab experts ban gaye hain vfx or cgi ke kaam acha h lagi raho munni bahin,Positive
bhai log vfx mai sudhaar kar liya jayega film nov mai ayegi ❤❤,Positive
visions clear hai release mein time boht hai vo log thik kar denge,Neutral
madam apne shamshera k liye bhi yahi bola tha3 aadmi dekhne nahi gye use,Negative
humari bachapan wali ramayan zada better thi bhai itni purani hone ke bad mai cheze real lagti ti usme isko dekne se acha hum uska hi dubara revision kr lege,Negative
ranbir kapoor acche actor hai aur nitish tiwari behtreen director ek acchi film acche bhavna ke saath dekha ne ko milegi ❤daya agar me likha ne baithu hote hai anuvaadit ram ravan ko bhi naman kiya aise the maryadit ram jay siyaram,Positive
bas pushpak viman hi acha laga pure trailer mein,Negative
vfx vfx vfx ne bollywood ka bera gark kar diya hai,Negative
or jo inhone ai use kiya hia beech beech mein uska kya,Negative
yes i agree with you hollywood jaisa touch dene ke chakkar me film ko joker type bana dete hai real location par shooting impactful dialogues and shaandaar casting se bhi bahut badiya film ban sakti hai jo sadiyon tak yaad rakhi jaa sakti hai ye sab director ke vision par depend krta hai,Neutral
but i think for ram role it s about just acting looks ranbir is best actor therefore his suit on the ram role but jo ram ka role kar raha hai vo real life me bhi vo thoda uske layak ho,Neutral
siya ke ram show dekhne ke bad to mujhe koi aur ram sita pasand hi nahi aate us show ki casting itni pyari thi ki har ek character real lgta hai ❤,Positive
sunny deol ki awaaz thi jab ram ko pukarta hai,Negative
waise ramji ki character ko jeneu nahi pehenaya h makers ne jabki raamji vanbash mi bhi jeneu pehnte the,Neutral
deeksha ji agree 100 on your review but maan nahi maan raha ranbir ko as a shri ram ke kirdar kate hue casanova ranbir very difficult to digest thats my thought,Neutral
kuch real lag hi nahi raha hai,Negative
perfect review kisika review toh match kiya mere thoughts se,Positive
aawarapan 2 par koi update aaya please uspar koi video banaona,Neutral
10 me se 5 dena chahunga kiuki bahut se sizh mujhe atcha nehi laga jese ki kuch kuch jagah par sound effect and screen effect metch nehi ho raha,Neutral
kaise hoga connect jab kabhi valmiki ramayana study ki hoti i think jo 1st video h wo devasura sangrama ki h jhan raja dasharath or kaikeyi ne davtaon ka sath diya tha agr wo hi h to peek detailing ❤,Positive
ranbeer ko hanuman ji ka role karna chahiye tha usme jyada best lagta,Neutral
bas mujhe ye dar hai sunny deol galti se ye dai khilo ka haath lanka jala dega bol diya to,Negative
mujhe ye samajh nahin aa raha ki jinko experience nahin woh itna gyan de rahe hain aur jis insan me dangal jaisa blockbuster movie diya chhichhore jaisi movie di unki kadra aur samajh ke baare mein naadan kya jaane ❤,Positive
ranbir tho gomas khata hai na,Neutral
ramayan dhekungi sirf or sirf yash ke liye yash ke samne sab fike par jayenge,Positive
bhagawan sri ram ki wibe nahi aa rahi he,Negative
humko acche actors aur acche dialogues chahiye,Neutral
ranveer kapoor ko ram ka roll acha lagta hai aur usko jachta bhi hai,Positive
0:32 kuch khas music nahi tha waise jab film dekhenge tab pata chalega,Neutral
mai abhi bhi bol sakta hu rajamouli is perfect for any epic mythological movie,Positive
new web series update please please please please please reply to next video new web series update please please please,Positive
hatni ka role apko offer ho skta hai,Negative
i don t know but i can t imagine ranbir as rama use dekh ke raam nahi sakuni bali feeling ati i don t know jyada se jyada ranbir indradev se relate kr skte bss,Negative
aadipurush ke jaisa iska bhi haal karna hai dosto taaki ye log aage se ramayan me faltu kaa vfx aur holliwood ko naa ghusede,Negative
casting pe to question h hi qki character less ko ye character wala role diya gya h,Negative
jo insaan kehta hai ki i love to eat beef usse shri ram bana diya,Negative
animation aur acha hona chaiye,Negative
itna jarur hai ki ramayana is emotion and culture mainly agar vo nahi hua toh yeh khatam ho jayegi aur vo hua toh bestjaise devo ke dev mahadev itna acha hai ki aaj takk vo disney par chalta hai kyunki vfx jyada na hokar dialogues music and emotion ko priority di hai,Neutral
sri lanka 7000 year history maha ravan powerful leader ❤❤❤,Positive
chanakya ramanand sagar chopras should have been a reference but strangely its lotr got orbs trolls dark cold distant dull yellowish vfx milieu aree bhai we are a hot country dense forest legendary rivers peepal banyan inko toh dikhate yeh germania kaha se?,Negative
pahele ye batao k us ko ram bana na thik tha? ye batao,Neutral
mujhe pehle se lga tha ye ranbir ki movie ki tareef hi karegi madam ne samshera ko masterpiece batya tha,Negative
ramayan hamare desh ka vah itihaas hai kabhi bhul nahin sakte aisa itihaas jo saccha hai achcha hai asali hai isliye jab bhi usko parde per utaro ek baat ka dhyan rakho ki sab kuchh asali hona chahie sab kuchh saccha hona chahie aur sab kuchh achcha hona chahie hamen apni jadon ko nahin bhulna chahie ramanand sagar ji ke vanshaj hain hamen unse kuchh sikhana hoga ramayan parde pe superhit hui iska ekmatra reason hai sab kuchh real tha,Positive
movie 2 part mai release hogi so part 2 mai hanumaan ji ka jada scene hoga,Neutral
1 storm scene me no moving hair of ranbir 2 entry walking scene pool dalne ek bande k turban ka color change ho rha that means ai generated clips and glitch,Neutral
when indian cinema try something new nobody supports it comparing with others like they did then for ra one hindustan ka sabse bada dushman hindustan hi hai,Negative
tmne to nil chatte ko wallpapers bna rakha h,Negative
parmote kese karna h koi tumse sikhe,Positive
abhi bhot time h release m sb fix hojayega ja shri ram,Positive
koi innocent fresh face lena chahiye ramayan ke liye,Neutral
chahe kitne me bhi rupaye laga ke banaye ramayan lekin ramanand sagar ji bnaya gaya ramayan ekdam natural or emosan ke sath usse acha nahi hoga ye new wala ramayan,Negative
mam web series aur movie mein difference hota hai don t compare both,Neutral
yash ravan sunny hanuman to jahnvi ko subhnakha bana dena tha,Negative
didi your review are tooo good,Positive
ranbeer ram nahi lag sakta is janam to nahi,Negative
ranveer kapoor bolta hai iam beef lover aur kahata bhi hoga aur yhe prabhu shree ram ka character karenge bilkul nahi ramanand sagar ji ki ramayan with arun govil sir as ram,Negative
aap bhi ek ramayan bano do emotion daalke,Negative
lagta hai iss baar package nehi aya hai,Negative
aaj iske ghar paneer banega,Neutral
nahi ranveer nahi shoot kiya,Negative
me just ravan ko dekhne k liye jauga dekhne yash ❤❤❤,Positive
yeh movie chalegi 100,Positive
bhai ye movie hamare liye nahi hai bahar wale international viewers ke liye hai shayad aaj kal ham indians ke liye kon film banata hai,Negative
vidhyut jamwal ko ram ko role fit bethta hai,Neutral
ravaan as a arvind trivedi unka koi compare nahi ho skta kbhi bhi,Positive
last me ye bhi bta dena tha ki aap kitne me bike hue ho meko v assistant bna lo thodi bhut kmaee hmari bhi ho jae,Negative
kitne paiss mile,Negative
jo bhi ho par ranveer ke bare me kabhi bura nahi bolegi,Positive
jab ramayan banana hin tha toh ram ka role yashko de dete wo deserve v karta hai,Neutral
ramayan ek hi hai bus old ramayan,Neutral
3:04 kyuki ye movie indianaudience k liye banai hi nahi gayi hai isn t it obvious?,Neutral
ramayana me vfx nahi use karna chahiye tha or ye monster bhi nahi rakhna chahiye the monster ki jagah kisi insan ko junior artist ko rakses bana kar rakhna chahiye tha pushpak viman jo pahle ramayana me tha us se milta julta rakhna chahiye tha,Negative
baaki se better karne ki koshish ki hai kaafi had tak acha kiya hai a final aane par dekha jayega,Positive
sourabh raaj jain ko sri ram banana chahiye,Neutral
game of thrones or house of dragon vale vfx artist ko lena chahiye tha,Negative
mai 3d mai dekhunga,Positive
ramanand sagar s ki tar same bananeko bolo ye kayhe hollywood movies ki tar rawan,Negative
vfx style and action ki jarurat ni h ramayan m emotions hona chhaiye ramanand sahab best h,Negative
ar rahman is picture mein kya kar raha hai?,Neutral
i think ram ji ka role salman ko milna chaiye kyunki unka orr heran ka purana rishta hai,Neutral
4k ka budget hai to aapko bhi thoda to mila hoga nahi dete to 4k lagana bhi waste ho jata,Negative
itna bada budget itni badi company vfx deri hai fir wo baat nahi dikhri pata nahi kyu,Negative
hanuman jayanti par hanuman ji ko nahi bataya main isi ka intzar kar raha tha afsos,Negative
2:30 that the real problemai ke karan ab kya ai kya vfx nothing can differentiate movie ke vfx kaffi ache h pr logo ka khna h vfx h,Neutral
4000cr ka maal nahilagraha hai bhai yeh toh 400 rupaiya ka maal lagraha hai abhi yeh dekh ne k badh toh om raut bhahoot khus hoga,Negative
1:01 hambe esa lage hai jaisa abhi bhi nashe mai hai,Negative
superhit hoga aap dekhna,Positive
saara budget ranbir kapoor ko gaya hoga isliye scene quality compromise ho gayi,Neutral
ye ramdi pakistan se he kya ????,Negative
tv pe dekh lunga purani ramayan ye ni dehkne jaunga,Negative
jo banda ye bol raha ho ke beef khana pasand karta ho kya wo prabhu shri ramji ka role deserve karta hai,Negative
time milo to imax ka camera check fir leke jao us camera ko pahad pr,Neutral
disney walo ko de do ye project dekhna kitna acha bnayenge ye to ai generated video lgg rhi hai,Negative
saurabh raj jain ko le sakte the ranbir ki jagah,Neutral
saurabh raj jain ko cast karna tha as ram ji,Negative
to tum ramanand sagar wali ramayan dekho,Neutral
isse next video me ye didi apni hi bat se mukar gai he,Negative
treta yug wali feeling nahi aayi,Negative
vfx ache nahi hai,Negative
serial dekh lo didi apko acha lagega,Positive
yr dekh jo bola h bol but ye mt bol ki ranveer sundar lg rha hranveer ram k role me bhi sanju ka sanjay dutt hi lg rha h,Negative
ranbir kapoor jo ek movie pehle animal movie m sx krra tha,Neutral
m bhale hi muslim hu lekin bachpan me hum bhi ramayan dekhte the ya ramayan nahi balki ram ke sath mjak bna diya,Negative
adipurush film ayi ab beef khanevala purush film aayi,Negative
mujhe ye samajh nahi ata webseries wale matching ke according actor choose krte but jab movie ki ho toh har bar celebrity ko cast kyun krte lord ram ke liye aur acha actor bhi toh mil sakta tha isse better civic sence toh south wale ke pass hota h,Negative
prabaas wali ramayan ka jo haal huwa wahi haal iska bhi hoga vfx locha he bhai,Negative
2 video me 2 type ki batien,Negative
100 10 dunga,Positive
log to white pepper pr pe bhi galti nikalte he,Negative
adipurash 2 lag rahi hai ye,Neutral
actually agar kbhi valmiki ramayan padhogi tow jo first shoot hai na wo wha ka hai jb raavan kuber pe attack kr deta hai kailash me uske sehar pe ye wha se hai snow nahi tha ye wo log itne gadhe hai apne desh me and also usme jo gaints hai wo ramanyan me mentioned hai 2 samne se aayenge ram ji ke pass ek kabandh hai aur ek hai jo isse bhi ganda dikhta tha bada sa peak details hai yrr jo padha hai na valmiki ramayan wo samajh sakta hai aur forest wgera bhai aap jaisa valmiki ramayan me likha hai ki kai hazar saal se tree ko touch nahi kiya gya hai usko kaise dikhawoge real location pe i am down for this movie ❤,Positive
cgi aur cgi hi hai realism hai kahan isiliye animation ya video game jaisa lag raha hai sadak pe chalne wala scene to pura ai hai background score bhi khuch khas nahi,Negative
bezzati karva di ka kya matlab hota hai,Negative
didi ram ko atch nehi laga but ranbir bhi atch hai,Neutral
ramanand sagar ji ki ramayan ke bad swastik grup ki shrimad ramayan best he,Neutral
vfx adipurish jese hi dal diye,Negative
raam ji to ram charan sir hi best hote,Neutral
yash ab bhi 10 me 10 le geya ❤,Positive
mai nahi dekhu ga or sab ko mana karu ga,Negative
bhagwan ram ji ko legend bana diya puri ai movie bana dali he kya ❓❔,Negative
apko acha laga kya ranbeer medom,Neutral
tum log kabhi kisi moovie se khush huye ho,Negative
wah re ek video me tarif dusre video me burai,Negative
geyaaaa ye movie pani me adiprush 2,Negative
still rk can t justify the role kisiko bhi utha ke ram nahin bana sakte,Negative
acha ye sab chodo batao kitne me baat set hui? baat hai isme par wo wali baat nahi hai,Negative
ranveer ki casting uski acting ko lekr bilkul nahi tha but uski beef eating pe h,Negative
taglines to acha likh le,Neutral
fact ramand sagar krit ramayan ka koi tha nahi hai chahe budget 1bilion hi kyu na ho vfx kabhi reality pe bhari nahi hoti,Positive
main average kahunga but mujhe maza nahi aaya aadhe scenes ai generated lag rahe hai,Neutral
raam km ravan ka bhai jada lag raha hai ranveer,Negative
vfx bhi average ranbir ne wig pehni hai saaf pta chlta hai baki k monster scene n all ese lga rha tha jaise ps5 ki koi game ho,Neutral
ye hamesha har picture acha hi kehe ta hai,Negative
ramcharan ko ram ke role me rakhna chahiye tha ye movie real kam reel jyada lag rahi faltu kaa vfx aur holliwood ko ghused diya hai i pray ki ye disaster yaa flop jaaye prabhas ki aadipurush ki tarah,Negative
bakwas review ranbir looking so sadistic lol,Negative
mam aapka srk nahi hai is liye aisa bol rahe ho na,Negative
dissapointment bas yehin hai jo extra vfx ke saath unnatural characters ka entry hota hai ramayan mein woh khatak taa hai om rout wala darr v lagta hai,Negative
sidhi bat no bakbas ranveer kapoor ram ke role me acha nahi lag rha hai bas ram ka rol thode ache log ko diya jana chahiye jiska character shi ho,Negative
hamara ghamand hai,Negative
ye to suno bhai tumhe kaise pata ki jo ram ji the we kaise dikhte the aj tak to kisi ne bhi nahi dekha hoga or khi likha hua ya ki rakshasks aise dikhte hai ya waie,Neutral
yar ye langoor ram ji to kahi se bhi nahi lg rha,Negative
srf acche kahani or acche dialogue se movies acche nahi ho jate hai bahen ji there are various other factors and vfx graphics editing and ai is one of the most important aspect,Neutral
agar film chali tho sirf ravan ka ke wajah se hi chalegi,Neutral
ranveer axa ne lag ra but chalo bhagwan ki murzi vise south star ram charan ko lena chahiye,Neutral
ranbir ka face purane vale ko justify nh kr rha,Negative
means ek taraf rajamouli sir hai jo 10 bahubali banane ke experience gain karna chahte hai aur fir mahabharat ye nitesh tiwari jo china me chalte hai so sayad ye china me hi chalega sab thik hote hue bhi movie ke director suitable nahi ha,Negative
ai se banaya hai sab,Negative
video game wali felling aa rahi hai ramayan ko ramayan ki trhai kyu nahi pesh karte ramanand sagar wali ramayan ke character aur natural scenes logo ke under bas chuke hai,Negative
dabbal dholki hai yeh ladki capshen me kya likha hai or bolti kya hai,Negative
tumhare liye nahi ban rahi movie? tum movie me heroine ho?,Negative
ravan hansome nahi tha purani ramayan vala damdar tha uska chahera bada tha muchhe badi thiyes raj ravan vala vibe nahi de raha,Negative
ekdm bakwaas ranbir kapoor as a ram ❎❎,Negative
randbir sai pallavi and monster ko hota do baki movie set hai,Neutral
sabse bada dikkat hai iska beef lover hona as a hindu shree ram itna pavitra character aise insan ko jo khud ko beef lover bole bilkul bhi dimag acept nahi kar rhaa,Negative
koi ramanand sagar original jo ramayan hai usko achcha quality mein fir se banane ki koshish hi nahin kar raha hai ramayan chalega to vahi chalega jindagi bhar,Negative
kucch v bolo ranbir is good actor but ram ke roll mai ramcharan is best,Neutral
aap to faltu mein emotional ho gaye,Negative
nahi bdhiya lg rhi hai ramayana i think hit hogi,Positive
nahi yaar ranbir mujhe aacha laga haa khate hai beef lekin is movie me bhaut log khate hai,Positive
tu india ki sabhi film ki bejjati karti hai tujhe hollywood pasand hai kya,Negative
inse na ho payega,Negative
asli bhagwan apke piche hai,Neutral
hum ne bachnman ka ramayan pasand hai bhai bas karo bollywood walo haar saal koi na koi ramayan bana raha hai inko new story nahi mil rahi kya,Negative
emotions to dur dur tk nahi dikhe bahan,Negative
ranveer koi angle se v character me fit ni ho rha h na na na,Negative
ramayan ye ram ke upr kam ravan k upr zyadaa lgi lekin ram charan ko portray krna chahiye tha what a casting he would have been vo long face i mean vo click nahi krra sai pallavi to bilkul anti national hai usko mata sita me cast krdiya didi me personally disappointed hogya bht bura lagra hai b r chopra ne bhi to nitish bhardwaja ko as krishna portray krwaya tha kitne shi the mtlab eekdum fit uss role k liye aisa same s s rajamauli ne kiya in kalki 2089ad but why couldnt namit malhotra do the same ya siya ke ram wala he serial lelijiye kya he tha vo eekdum perfect acting plus ramanand sagar ji ne arun govil ji ko kya he cast kiya tha eekdum fantastic im hugley disappointed,Negative
vfx thoda achcha karna hai inhe aur rakshas vagaira ye cartoon type na dikhate bs ❤,Negative
beef khane wala kabhi ram ji nahi ban sakte yeh ram ji ka apman hai ranver ki acting aachi hogi after all vo actor hai par ram ji ka kirdar yeh insaan nibhaye hume manzoor nahi,Negative
ranbir ram chachu laag raha hain,Negative
2 out of 10 jb budget 4000 cr h to theek se use kro n bhai please hago mt for reference dhurandhar 1 2 dono 500 cr se bhi km m bn k ready ho gyi,Negative
sach me ye ai nahi laga,Negative
didi muje tho ai lag raha hai,Negative
kuch bi bolo maza nahi aayi kalki movie ka last scene tha vaise pura banate to alag hi bat thi,Negative
overage ka to pta nahi but ranveer ka face udaas hi h hr timehlki muskan nahi h face pe jo gayal sahb k thi,Negative
yeh flop hogi kyun ke yeh adipurush ka part 2 hai,Negative
muje lagata tha ye ladki cinema ko acha smjti h par aaj pata chal gaya ise kuch nahi pata ye movie jyada khas performance nahi deikhayegi cinema par as compare to budget of this movie bollywood bekaar ho gaya h,Negative
4000 cr ye bhi black money converting a khel hai,Negative
10 me se minus 10,Negative
star plus wala better h isse,Negative
arun govil ne mukut pehnaya peak deteling tum pr barosha uth gya,Negative
flop hi hai dekhna,Negative
yah movie 100 karod paar nahin kar payegi,Negative
mujhe to ye samaj nahi aa raha ye rakshason ko cartoon characters kyun dikha rahe hai traditional rakshas hi kyun nahi dikha sakte,Negative
wa didi wah ranbir kapoor pk jaise dikhre koi bhi shanti ya samazdari nahi zalak rahi face se ramcharan as ram ya allu arjun bhi suit kar sakte hai,Negative
jo monster jungle me hai jaha ranbir flip maar raha hai wo moster jungle spirit monster se milti hai valmiki ramayana ki dusra ramanand sagar ki ramayana me bhut si chije glt hai ya alag way me dikhayi gyi hai ye khud sagar ji mante hai please us se bahar aao world ko history dikhani hai to visuals vese chahiye moreover ab esa lgta hai ki movie ke 2 version bnane pdenge ek outside india ek india ke liye visuals india wale me km ho tabhi indians maanenge,Neutral
entirely based on ai 4000 ct film??? isse acha cartoon network wala ramayan dekhlo emotiom,Negative
arun govil jaisa ram ka kirdar koi nahi kar sakta haisuneel lehri jaisha laxman aur koi nahin ho saktadeepika chikhaliya jaisha koi nahi ho sakta ramanand sagar ramayan aur koi nahi bana saktabugat 4000 hajar koror 50000000000000 karar ho,Positive
come on ranbir as a ram ? bilkul bhi nhi stop praising him,Negative
film flop hai,Negative
beef khane vla ab prabhu shri ram ka kirdar kre ga,Negative
kya drama bana diyaaa,Negative
ranbir kapoor ka emotionless face issi ko pasand ara hai q ki ye khud bhi joker he hai,Negative
10 me se 3 number vo bhi sirf ravan k liye,Negative
nahi jama muje bhi,Negative
jo vi ho mujhe ranvir ko casting karna acha nehi laga,Negative
ye inki sbse bdi pr agent h or khas kr ranbir ki,Neutral
starplus ka jo mahabharat banaye the unko ye project dena chahiye tha isse to bahut zada acha banate aur casting bhi acha hota ranbir as ram ji is jst disaster koi feel hi nehi aya bcz kuch natural laga hi nehi,Negative
real banana ai se banayetho acha nahi lagtha,Negative
flop hogyi 99,Negative
aap kehna kya chahte ho,Neutral
ranbir thake huye lag rahe hai,Negative
honestly speaaking i didn t liked the cast ranbir as rama sunny as hanumana intolarable yash ko bhi negative role dia yash positive me jyada acha lagta hai chalo yash ki personality ke according considerable hai but the other two are just not good casting hoping ki sita mata aur lakshman ji ke role ke liye koi better choice ho,Negative
ranveer se perfect casting nahi hai lord rama ke liye,Positive
is review ke liye kitni fee chage ki hai totally biased,Negative
ai se utha ke dal diya,Negative
10 me se 100 number,Positive
sab acha hai rakshas vfx achi nahi hai reality dikhna chahie old ramayan jaisi,Neutral
vxf sada huwa hai,Negative
4000 cr me se kitne mile is bakwaas aadipurus 2 0 ko defend karne ke liye,Negative
ab bollywood hindu ko khush karne lag gayi lekin,Positive
vfx itna acha nehi laga 5 out of 10,Neutral
itni tareef banti hai kya iska,Negative
itne ache pasie aur mehant phir v aap log lgta kuch kami h to aap nahi lgta ek reel bnano o v perfect khana nahi h to roti ko v bur bolo,Negative
4000crore 1lakh puri sena khadi ho jaati,Neutral
ranbir ko ramji ke roop main dekhna acha nahi lag raha hai ramji ke chehare ke bhav alockik hai jaise ayodhya mandir main ramji ki prateema ko hi dekh loaaj kal to ye dar lagta hai ki ye hamari sanskriti ke saath kaise kaise khilwaad karenge,Negative
movie indians ke liye nahi hai word audience ke ban rahi maan lo4000 crore ka budget laga kar india se kamai toh kar nahi sakteaur koi bhi producer barbad hone ke liye movie nahi banayegaworld audience ke palat ke hisab se dish ban rahi hai samajh jao toh theekwarna indian audience ke liye arun govil ji ramayan aaj bhi sufficient hai,Neutral
khaliye pese is channel ne bhi buddha lagra hai with no innocence at all,Negative
dukhi log review na kare unko aur dukh hoga,Negative
ek scene esa nahi laga ke kuch nya dekha adi pursh se bura hal hoga is movie ka diferent karne ke chakkar me movie bekar kar dete hain,Negative
ram ji ke liye ranveer kapor bekwas actor hai maza nahi aaya,Negative
yar 1 bhi acha ni hai 1 1 sec ai generated lag rha,Negative
ramayana nahi bahubali lagraha,Negative
4000 cr use karke kya banaya yarrr,Negative
ranbir damchi lg ra glow hi nahi hai,Negative
pehele vali ramayan ka koi match nahi,Negative
ye ranbir ki tarif kr rahi hai omg hahahaha 1000 cr tu de de,Negative
isse pahle wale video mein to aap kuch or hi bol rahe the really muze to acha nahi lga isse acha to ramayan jo abhi new serial aaya tha jiske sujay reu ram bne the go best lge muze to,Negative
mehenge vala ai,Negative
sabse jyada ye creatures and monster aankhon ko chubh rahe hai bhai aap the great epic ramayan bana rahe ho to creatures and monster jo aapne bana diye hai thoda ispar bhi research kar liya karo,Negative
ranbir kapoor kahan se ram lag raha hai kuch v saalo unpadh ese filmo me character k liye audition karna chahiye,Negative
isse acha mein bahubali dekhloon,Negative
itta makkhan baaji,Negative
ht double battery,Negative
ranveer gou mata ko khaya tha,Negative
apki tareef thodi zyada hi ho gya hy,Negative
sci fi superhero movie lag rahi hai ramayana to bilkul bhi nahi lagi,Negative
sab ai jaisa laga,Negative
hug diya ek hi ramkatha ko kitne bhi tarike se dikha do is se acha avtar jaise film bollywood me banta to dekhne me acha lagta,Negative
feel nahi aya flop na ho jaye kahi character prabhu ram ji and actor match nahi ho raha hai,Negative
4000 cr mai se kitne pese milgye chaplilusi ke liye,Negative
movie flop hogi,Negative
ranvir hona tha,Neutral
ye faltu ka show hai jisse koi culture nahi dikhta asli ramayan to 90s ki thi hai rahegi,Negative
kya fayda etne achhe chehra ka hrithik roshan mt hi banoo movie,Negative
flop hogi,Negative
sita bhi galt cast hai,Negative
4000 cr naam ka 400cr kaam ka,Negative
itna acha bhi nahi lga,Neutral
he is a misfit for the role nothing can change this fact reviewers pr bn gye hain lgta h,Negative
bilkul bhi achhe nahi lag rha ranveer,Negative
mujhe ulti aa rahi hai hmm ab ulti ke baad thoda araam lag raha hai,Negative
0 out of 10 ram to actual me arvind govil lagte hai aur maa sita deepika chikaliya kya unka sound hai aur sabse acha hanuman dara singh jo ki ramayan me free me kam kiya,Negative
ranbir badhiya role nibahayenge vfx khrab h,Neutral
ranbir nahi match hora hai,Negative
you are another ranbir kapoor fan girl khakh acha lag raha hai isse acha to sonu dagar lagta hai stage wali ramleela me nahi dekha ho to check kar lena pehle,Negative
didi aap reviews dalna chod do,Negative
dneg where is that vfx gone in the movie vfx not good it s not hollywood comparison not even close music is excellent set pieces excellent but bad vfx,Neutral
abey kya expression tumhe sahime review dene nahi aata,Negative
ye layak hi ni he bhagvan sri ram banane ke,Negative
tumne brahmastra ki bahut tarif ki thi that was boaring film,Negative
ye movie flop hogi dekh lena because bollywood walo se muje koi ummid nahi hai,Negative
kitna bar ramayan banaoge sachcha inko bhi pata hai ki koi ram thha hi nahi,Negative
10 3 film flop hai madam,Negative
film flop he,Negative
tu pehle apna muh doh le,Negative
kitni jldi palat gai apni hi baat se,Negative
third class character ranbir kapoor ko hi sign kiya hai to movie flop hona hi hai,Negative
chashmish tujhe pr ke liye per likh ke le le film flop hogi,Negative
mujhe dekhke itna hi laga 1 aur bakwas lane wale hain ye log purana jo ramayan hai uska 50 bhi feel nahi aarahi,Negative
ram ke rop main ranbir bekar hai ranbir ko hatan chaiye tha,Negative
traler main h dum nahi hai,Negative
thoda cartoon jaisa laga,Negative
bahut ghatiyaa trailer and bahut kharab aur non genuine review hai ye really not able to like it,Negative
inse achi toh cartoon mai bna di thi japan ne 1993 mai dekh lo ja kar bakwaas,Negative
bazjiti nahi flop hogi,Negative
didi thoro ruk jao time ha avi time pehla sa itna complaint kar rahe ho dneg app janta ho na kitna film banaya ha nitesh sir ko v janta ho,Negative
mai to nahi dekhne wala hu ye movie ranveer to bilkul shree ram ka role me nahi dekh sakta big beef guy,Negative
tere se pooch k banaana tha kya tu koun bl,Negative
mujhe to crap laga,Negative
awaj aa nahi rhi gyan pel rhi h,Negative
dhaba movie cartoon lag rhe sb,Negative
aadi purush jaisi pitegi ye bhi sb nakli lg raha hai,Negative
ranbir as a actor bekar h is movie me,Negative
kuch acha nahi hai bhsi,Negative
achcha hai per videshi rakshas a gaye hain,Neutral
ranbeef aur dawoodwood ki chamchi,Negative
total bakbas mam phir se dekhlo,Negative
10 m se 2 milega ai film oh bhi kamzor wala 3rd grade,Negative
ek dam bakwas hai,Negative
koi bhi ram bhakt dekhane nahi jaayega karn sabhi ko malum hai hamare ram ke naam se aese logo ko bevkuf na banaya jaye,Negative
1001 floop movie animantion movie is better than this,Negative
aapka hi negetive review tha,Negative
madam ranbeer ram ki character keliye bilkul fit nehi he kiya ap bhul jati he ki wo beef khata he nasha karta he,Negative
ye to kaliyug ke koi rama hain hamre ram treta yug ke to isme ek bhi jhalak nahin dikh rahi simplicity to gayab hi ho gayi in bollywood walon ko vedic life baare me kisi ne nahin bataya kya? when ass try to make of any superior character remain ass only because character can not be casted but to be developed first inside and there is no one equal to lord ram but if these foolish simply trying to follow his footsteps can at least develope a drop of good character,Negative
total bakwaas lg raha h,Negative
bura bolne se pahle soch lena pese lekar de promot krdete ho,Negative
kitna phekti hai aaa,Negative
real cringe is uploading hindutva ka mazak banane k liye ye log aisa karte hai,Negative
abbe pura cartoon lag raha hai,Negative
kya bakvas kar rahi hai,Negative
ranbir is bakwaas appa dapa chapa to thik hai,Negative
aapke reviews sabse jyada bekaar hote hain,Negative
agar waisa hi ramayan dekhna hai to jaake dekh na purana padaa to hai be pata nahi aise gadahe log kyu inka review follow karte hai,Negative
bhai lagta hai account me aa gaye producer will end up with katora maryada purushottam bhagwan sri ram = ranbir kapoor no thank you,Negative
bakwas he ranveer ram ke roop me,Negative
tjhe khud kuch nahi pta band krde channel agar faltu ke reviews hi dene hai to,Negative
bakwas,Negative
ranbir beaf khata h,Neutral
aap youtuber kya jano ramayan ke bare main ramayan to ramand sagar ji ki hai 40000 cr doller laaga do 500 saal tak nahi bana payagee waisi ramayan youtuber to dalal hai,Negative
kitne bakwas log hain hamare pass,Negative
bakwaas movie hai,Negative
tumhara lahja ab bor karta hai,Negative
yr kyu mzk bna rkha hain ramayan ka ye kyaa cartoon dal dete hai beech me gzb pagal directorsss hain nitish tiwari se ese ummeed nahi thi prrr,Negative
4000cr cartoon movie babai,Negative
beaf kehne vala daru aur sigret pine vala kese ram lag rha hai tumhe sach batao itni chmcha giri ka kitna mila,Negative
yeh bollywood wale nashedi gang kya ramayan banayege inko abc ramayan ka pata nahi,Negative
bakwas h,Negative
bakwas hai,Negative
gajab bakwas karte ho,Negative
burai karne lage,Negative
runbeer budda hai,Negative
ye super flope ha,Negative
faltu h actors ranvir,Negative
dalli bjp ki,Negative
