video_id,comment,likes,sentiment
0IZS7ucM9qQ,Mam sir namak h kaise bnega matar pulao 😢😮😅,0,Neutral
0IZS7ucM9qQ,Jeera na dalne ka reason kya hai?,0,Neutral
0IZS7ucM9qQ,Ma'am onion daal sakte hai ?????,0,Neutral
0IZS7ucM9qQ,Wahh madam ji 😂,0,Positive
0IZS7ucM9qQ,Mujhe bhi khana hai matar Pulao 😋,0,Neutral
0IZS7ucM9qQ,Kya lemon juice v add kr skte hai??,0,Neutral
0IZS7ucM9qQ,Ma'am rice or matar cups ke hisab se Kitna hoga,0,Neutral
0IZS7ucM9qQ,Maine abhi ye pulao banaya aur achha bana lekin aapne zira dalne ko mana kyo keya.I like zira ki Khusboo.I am missing zira now 😢.Aab to pulao ban gaya Aab mein Kya karo,0,Negative
0IZS7ucM9qQ,Moisture waale hi chahiye thode oily,1,Neutral
0IZS7ucM9qQ,"I made this pulav first time, following your recipe, and my husband said ""pulav ho to aisa"", hotel ke tatse se bhi acha laga unhe. Thanks a lot.",17,Positive
0IZS7ucM9qQ,Bahut badhiya hai try this recipe,0,Positive
0IZS7ucM9qQ,Majedar lajatdar aap ki ressipi,0,Positive
0IZS7ucM9qQ,Aap koun sa rice use karti hain,0,Neutral
0IZS7ucM9qQ,Mam aapne aapke veg pulao video me kaha tha ke high flame pe 1 siti abh kehrahe ho 2 siti main confused h gayi mam please suggest kijiye 🙏,0,Neutral
0IZS7ucM9qQ,Hi mamAap ne pulav ki har recipe me pani ka naap alag alag bataya he,0,Neutral
0IZS7ucM9qQ,Apka recipe simple rehti hai acha lagta hai varna etna tham jham dekhate hai baki Youtubers,1,Positive
0IZS7ucM9qQ,Is video mein aapane bataya hai ki ek gilas chawal ke liye sa gilas Pani but Maine aapka dusra video dekha tha jismein ek gilas chawal ke liye dedh gilas Pani bataya tha I m confuse,0,Neutral
0IZS7ucM9qQ,Aapka recipe mujhe bahut pasand aata hai didi,1,Positive
0IZS7ucM9qQ,Veeeeeery yammi bana hai mam...Zabardast... Thanks mam.... From Qatar 🇶🇦,1,Positive
0IZS7ucM9qQ,Mam main abhi pressure cooker main nahi balki open non stick bartan main bana raha hun tou rice main kitna pani dena hoga finally please abhi bata den?,0,Neutral
0IZS7ucM9qQ,Aapne namak nhi dala kya,0,Neutral
0IZS7ucM9qQ,Aap mere favorite😍 ho,1,Positive
0IZS7ucM9qQ,SIMPLY.. HI FI NHI.... 🥰🥰🥰🥰🥰BHUT ACCHE... SE AP BATATE HO.....,0,Positive
0IZS7ucM9qQ,AP BHUT ACHHE SHEF 🥰🥰🥰🙏🙏🙏🙏🙏Ho KAVITA JI.....,1,Positive
0IZS7ucM9qQ,Didi muje bi sikhna he khana bana na kase jaldi demag me yaad ho,0,Neutral
0IZS7ucM9qQ,Bahot hi mast pulav bana tha thank you ma'am,0,Positive
0IZS7ucM9qQ,Buter use kr skte hy kya,0,Neutral
0IZS7ucM9qQ,Bahut badhiya,0,Positive
0IZS7ucM9qQ,Bina roast kiye banao,0,Neutral
0IZS7ucM9qQ,Mam yellow polao ar alu dam plz dekheye,0,Neutral
0IZS7ucM9qQ,Kabita ji👌 apki her recipe itna easy hota hai ki biggner   v bna le,0,Positive
0IZS7ucM9qQ,Mam apki wajah se mummy se gali nhi sun ni padti,0,Positive
0IZS7ucM9qQ,Jeera flavour deta hai,0,Neutral
0IZS7ucM9qQ,1 no. Mam hme aapki recipes bhot pasnd aati hai,1,Positive
0IZS7ucM9qQ,Thanks mam first time mei ekdam best bane the,1,Positive
0IZS7ucM9qQ,Pyaz to daali nhi aapne,0,Neutral
0IZS7ucM9qQ,Madam aaj aap achhe lag rahe hai,1,Positive
0IZS7ucM9qQ,Amazing sbbb festival prr m yhi pulaoo bnati hu,1,Positive
0IZS7ucM9qQ,This recipe.... I made it so many times.... It works like a charm.... Itna simple magar utna hi tasty banta hain.... Thank you Kavita ji for this wonderful recipe ❤,0,Positive
0IZS7ucM9qQ,Main bhi aapke hi tip ke sath follow Kiya aur bahut hi acchi Bani thank you so much tips share karne ke liye,1,Positive
0IZS7ucM9qQ,Ma'am matar ka colour change ho jata hai light green ho jata hai plz koyi tip bataiye ki colour change n ho,0,Neutral
0IZS7ucM9qQ,Medam Maine banaya to rice patile chipk kyo gaye,0,Neutral
0IZS7ucM9qQ,🤮🤮 jeera kyon Nahin Dala aapane recipe mein mujhe yah puchna,0,Negative
0IZS7ucM9qQ,"Hello Ma'am,Maine kl bnaya tha cooker me but unfortunately acha nai bna tha...  Sb hasne lge the.",0,Negative
0IZS7ucM9qQ,Cashew skip ker sak te he,0,Neutral
0IZS7ucM9qQ,Pyaz koun dalega?,0,Negative
0IZS7ucM9qQ,Ma'am jeera na daalne ki koi khaas wejeh hai kya?,0,Neutral
0IZS7ucM9qQ,Mam....agr..khada msaala ( garam msaala ) kisi ko nhi psnd h ...toh hum usko pees kr daal skte h. Ky....usme koi problem toh nhi 🤨😊,0,Neutral
0IZS7ucM9qQ,Aapi aawaj bhut saachi haii,1,Positive
0IZS7ucM9qQ,Ghe mujhe pasan nhai hai,0,Negative
0IZS7ucM9qQ,Mdm aapki voice bhut pyari h. ❤️❤️❤️🙏🙏🙏 Mdm   rasgolla kse bnaye.... Q ki mere  bnaye hue to mote hi nhi hote. 😂😂 Mtlb ki chasni ni piite,0,Positive
0IZS7ucM9qQ,Basmati chawal hai ??,0,Neutral
0IZS7ucM9qQ,Mem please fish pkoda bna ne ki recipe bhi btaaiye,0,Neutral
0IZS7ucM9qQ,Very nice recipe😋 mein apki sari videos dekhti hu apki sari videos bahut achhi hai 😘 love frm Goa 🌴🌊,0,Positive
0IZS7ucM9qQ,Mam 25 logo ke liye kitna basmati chawal lagega Or kitna pani??,0,Neutral
0IZS7ucM9qQ,Very nice Madam Aapka voice bahut sweet,0,Positive
0IZS7ucM9qQ,Hot ki cold,1,Neutral
0IZS7ucM9qQ,Ye ek gass chaval ka pulaw h or agar hame teen glass chaval ka banana h tab kitna pani use hoga koi bataye plz,0,Neutral
0IZS7ucM9qQ,Kitna acha pulao hai,0,Positive
0IZS7ucM9qQ,Very nice di,1,Positive
0IZS7ucM9qQ,Nhi blkul achchcha nhi h aese nhi bnta..,0,Negative
0IZS7ucM9qQ,Wah  bhut hi aasan trika bataya aapna dhanyavaad,0,Positive
0IZS7ucM9qQ,Proud jeera Dal sakte hain,1,Neutral
0IZS7ucM9qQ,Aap mircha dalna bhul gai kya 😁😁,0,Neutral
0IZS7ucM9qQ,Very nice me v try krungi,0,Positive
0IZS7ucM9qQ,Apke bolne or samjhane ka tarika bohot hi anokha hai..thank u Mam😍,0,Positive
0IZS7ucM9qQ,Thnk u mam I tried first time n it's cooked awesome... Mmmmuuuuaaaahhhhhh lov u a lot mam... Bht acha bana mera pulao,1,Positive
0IZS7ucM9qQ,Very nice Di agar 2 glass chawal hai to Pani Kitna dallay or peeli moongi daal ki khichri ki recepi b btao di,0,Neutral
0IZS7ucM9qQ,Aap ne to mirchi dali nahi 😁😉,0,Neutral
0IZS7ucM9qQ,upar se fried onions daalkar serve karen toh aur bhi tasty ho jaata hai. Peas pulao is my favourite. I like to eat it with toor dal fry or chole. :-),0,Positive
0IZS7ucM9qQ,Main bahut achcha banaya aap ki tric se bahut achcha hai,2,Positive
0IZS7ucM9qQ,Bina cooker ke kaise banaye 😂😂,0,Neutral
0IZS7ucM9qQ,"Aapki aawaj bahot achhi hai .. aur aap bahot achhe se samzati hai....,,,👌",0,Positive
0IZS7ucM9qQ,Tej pta v nhi h ghee v nhi h bhut sare chij nhi h to kya kre,0,Neutral
0IZS7ucM9qQ,Matter nhi h hamre yha kux or dal skte b ...,0,Neutral
0IZS7ucM9qQ,Bohot swadisht polaav banaa h👌,1,Positive
0IZS7ucM9qQ,Chili use ni ki ap ne,0,Neutral
0IZS7ucM9qQ,Hello mam app ka sara recipe acha lag te hai,1,Positive
0IZS7ucM9qQ,Kaju  ko skip kr skte h kya,1,Neutral
0IZS7ucM9qQ,Thanku mam..aap bahut achhe se batati hai aur wo aasani se samangh me aa jata hai...maine aapka mitha palow v try kiya bahut tasty bana,1,Positive
0IZS7ucM9qQ,Bohot accha,1,Positive
0IZS7ucM9qQ,Bahut Achcha Laga aapka recipe,0,Positive
0IZS7ucM9qQ,Just Wow....I can't believe that mere hath se itna achha rice bana aaj... Thank you so much....it was very testy.... N.. Nice look alsoVery nice recipe...👍,3,Positive
0IZS7ucM9qQ,Bahut hi achcha banata aapka mutton pulao,0,Positive
0IZS7ucM9qQ,"Bohut easy hai ye toh ,nice",0,Positive
0IZS7ucM9qQ,mujhe yeh bahut pasand hai,0,Positive
0IZS7ucM9qQ,Mirch kb daalna hai,0,Neutral
0IZS7ucM9qQ,Zeera q nhi dale zeera dalne se to or acha test aayega na ?,0,Neutral
0IZS7ucM9qQ,App ka video mujhe bahat achhi lagi,0,Positive
0IZS7ucM9qQ,Di aap ne kaun sa basmati rice liya hai uska naame kya h,0,Neutral
0IZS7ucM9qQ,Cawal Ko Phale Sei Panii Mei Rakh Dena Chaiye Kya,0,Neutral
0IZS7ucM9qQ,Ma'am aapne salt use nahi kiya??,0,Neutral
0IZS7ucM9qQ,Nice Kabita lagey raho👍🌹,0,Positive
0IZS7ucM9qQ,Mam Mithi pulao plz dekhe na,0,Neutral
0IZS7ucM9qQ,Kitna tasty bana,1,Positive
0IZS7ucM9qQ,mam Kitni siti deni h rice cooker ko agar Quantity of rice 3 glass krde tohh...??plz ans,0,Neutral
0IZS7ucM9qQ,mam ky basmati k badly saada chawal use krsakhty hai,0,Neutral
0IZS7ucM9qQ,Acha nhi bna,0,Negative
0IZS7ucM9qQ,Madam aap ka fridge kitne litre ka hai,0,Neutral
0IZS7ucM9qQ,K Bina namak k khaye mam,0,Neutral
0IZS7ucM9qQ,Namak nai dalega Kya,0,Neutral
0IZS7ucM9qQ,aap bhout mast dishes banata ho,0,Positive
0IZS7ucM9qQ,Mam agr hame iski quantity ko badhana ho to kya hum sabhi ingredients ko ussi ratio me bdha denge???Jese 8 10 logo ke liye,0,Neutral
0IZS7ucM9qQ,Namk last m add karna h matar fry hone k bad add kar skte h kya,0,Neutral
0IZS7ucM9qQ,ma'a iski curry ki recipe bhi to btaiye?,0,Neutral
0IZS7ucM9qQ,Madam aap khana bahut acha banati ho,0,Positive
0IZS7ucM9qQ,Aacha bnaya aapne,0,Positive
0IZS7ucM9qQ,Mam agar chota chawal le rhe h to bhi 2siti lagana parega?,0,Neutral
0IZS7ucM9qQ,Hum humesha apko follow karte ..hai ap bahuth ache sae samjhati hai .  Thank u simple simple gharelu recipes k liye..😊,0,Positive
0IZS7ucM9qQ,Thank you ma’am lockdown m Ek dish to sikh gye ty,0,Positive
0IZS7ucM9qQ,mujhe to bht achi lagai ye recpie,1,Positive
0IZS7ucM9qQ,"Aapka video dekha maine abhi...try karte hai,dekh kar bahot acha lag raha hai...",0,Positive
0IZS7ucM9qQ,Apka naam kabita h ya kavita,0,Neutral
0IZS7ucM9qQ,😋😋😋😋😋😋 ek dum tasti hai,1,Positive
0IZS7ucM9qQ,Mst pulau h y,0,Positive
0IZS7ucM9qQ,Yea spice hai ky ???,1,Neutral
0IZS7ucM9qQ,Chawal pulao soft Kaise banaen,0,Neutral
0IZS7ucM9qQ,Tere baap ne kabhi banaya tha kya,1,Negative
0IZS7ucM9qQ,Acha hai thanks,0,Positive
0IZS7ucM9qQ,Resipi bhi achhi hai or aapki Aawaz or bhi achhi ...... thanks for the. Cooking,0,Positive
0IZS7ucM9qQ,Thankyou mam mujhe nii aata tha pulao banana but apne bhot acchi treh btaya🥰🥰,1,Positive
0IZS7ucM9qQ,Same aise hi mai bhi bnati hu,0,Neutral
0IZS7ucM9qQ,Mam apka.respy bhut esy hota h or testi bhi,0,Positive
0IZS7ucM9qQ,behan ji chawal jud kiun jate hain,0,Neutral
0IZS7ucM9qQ,Ap to lajawab hai ma'am.....😊koi match Nahi apka aur apki recipes Ka......,0,Positive
0IZS7ucM9qQ,Kya ye wala pulao chicken ke sath khaa sakte hai,0,Neutral
0IZS7ucM9qQ,Chawal konsa mam?,0,Neutral
0IZS7ucM9qQ,Mem agar ham roj wale chawal le to kya esi trah banega ya begad Jayga,0,Neutral
0IZS7ucM9qQ,Mene aaj hi ye pulav banaya..aur it's really delicious...muze doubt tha k kaise Hoga kya Hoga ??😅 But accha huaa...,1,Positive
0IZS7ucM9qQ,"2 /3 kg chaval ko kitana samugri/ material lagega, please reply",8,Neutral
0IZS7ucM9qQ,Didi aap bohot acchi resipe btate ho 😘😘😘,0,Positive
0IZS7ucM9qQ,Pani km h. Rice m .or do siti  jayada lgva rhe ho,0,Neutral
0IZS7ucM9qQ,Thank you mam mere Ghar mein aaj Koi nahin main matar pulao banaya aapko dekhkar,0,Positive
0IZS7ucM9qQ,Hari mirch nahi dali,1,Neutral
0IZS7ucM9qQ,Mam aapka method lajawab...and lajij hai...I m always following ur recipe...5 star,0,Positive
0IZS7ucM9qQ,I made matar pulao tdy...it tasted awesome but thoda kaccha reh Gaya...2 whistle Lagaya tha and  10 minutes rice bhigoya BHI tha...what cud b the reason Kavita ma'am?,0,Neutral
0IZS7ucM9qQ,"Bohot atcha laga..Thanks..aisa lagta hai ki kabhi aapke wahan aao khana khane ke liye...,,😄",0,Positive
0IZS7ucM9qQ,Bahut hi aacha.,1,Positive
0IZS7ucM9qQ,Pagal lgti ho tum,0,Negative
0IZS7ucM9qQ,bahut aacha,0,Positive
0IZS7ucM9qQ,"Aap bahut achhi tarah se samjhati hai,Aapki aawaj bhi mitthi hai.",0,Positive
0IZS7ucM9qQ,Ekdam  easy me yahi  banati hu,0,Positive
0IZS7ucM9qQ,Main Bhi Banaya Matar Pulao lunch mein bahut bahut bahut testi Shukriya recipe batane ke liye,0,Positive
0IZS7ucM9qQ,pulaw mujhe lagta h yeh bimaro ke liye apne banaya h #feeka pulao,0,Negative
0IZS7ucM9qQ,Mam sirf dikhne m acha ho  isse mtlb nhi hai proper pakna bhi chahiye apki recipe se mere rice kache rhgye,0,Negative
0IZS7ucM9qQ,So tasty... I tried this very delicious aapke haato mein jadu hai,0,Positive
0IZS7ucM9qQ,Ye to chawal bana diya kuch bhi nahi dala,0,Negative
0IZS7ucM9qQ,Agar ise hum kadhai ya pan mein banaye to taste mein difference aayega kya ?,0,Neutral
0IZS7ucM9qQ,"Yummy and delicious recipe thanku mam , Mere husband ko yeah dish bhut pasand aayi",0,Positive
0IZS7ucM9qQ,Matar pasand nhi hai dale ya nhi,0,Neutral
0IZS7ucM9qQ,Waah mam shaandar 😄😄🤗,1,Positive
0IZS7ucM9qQ,"Hello Mam, Mene Apna Ek Kitchen Open Kiya Abhi Kuch Hafto Phle, Jisme Hum Logo Ko Healthy Food Provide Krte Hai Humara Khana  Bina Oil Ke Prepare Kiya Jata Hai, But Mam Jo Taste Oil Wali Dishes Me Ata Hai Vo Taste Nhi Aa Pa Rha Dishes Me, So Aap Kuch Suggest Kr Sakti Hai Jiske Through BIna Oil ki Sabzi Bhi Tasty Bnayi Ja Sake.Thank You",0,Positive
0IZS7ucM9qQ,Kavitaji me aapki har recipe  dekhatahu pan AAP jese nahi bana   patahu,0,Neutral
0IZS7ucM9qQ,Mam aapki recipe ke sath sath aapki abaj bhi bahut achi h,0,Positive
0IZS7ucM9qQ,Lajawab rasepe,0,Positive
0IZS7ucM9qQ,Maine try kiya.....rly yummmm,0,Neutral
0IZS7ucM9qQ,Waao delicious ..moo me paani agay mere to,0,Positive
0IZS7ucM9qQ,Wow! Aap bhut achha pulao banati h  very tasty,1,Positive
0IZS7ucM9qQ,Maine bhi bnya bahut hi badiya tha thanks for teaching me this kind of recepe,2,Positive
0IZS7ucM9qQ,Matar paneer k sath matar pulav aaj ka dinner menu.. thanks in advance 😊,2,Positive
0IZS7ucM9qQ,Kindly tell me aap ny mirchain ni daali to kia ye taste m pheeka ni lgta???,0,Neutral
0IZS7ucM9qQ,"Actually ma'am i think ap bihar se ho..,..bihar me usna chawal bahut khate h log ...aor wo chawal der se pakta h ......mai chawal pasa k banati hu....but wo gila ho jata h ....ap plz kuch tips Dijiye...,.......usna chawal jldi gila nai hota h",0,Neutral
0IZS7ucM9qQ,Apa bindi lagao mam ji bcoz ur married and.bindi lagane se aur p achha lagenge,0,Neutral
0IZS7ucM9qQ,Apki recpi mast h but apka Ghar bahut accha h di,0,Positive
0IZS7ucM9qQ,Aapki sari hi recipe's Bhut acchi Hoti hai 😅,1,Positive
0IZS7ucM9qQ,Ma'm very very thanks to u.. meri nyi nyi shadi ho gayi he aur aaj hi maine ye rice banaya..ekeam hotel jaisa bana he... huge huge thanks...,0,Positive
0IZS7ucM9qQ,gas to on kiya hi ni🤣🤣,0,Positive
0IZS7ucM9qQ,Mam aapki sabhi recipe bahot delicious hoti hai mujhe aapke method se bani hui sabhi recipes bahot bahot bahot jayada tasty lagti hai...Thank you mam for share delicious recipes.😄,1,Positive
0IZS7ucM9qQ,Bohot atcha,0,Positive
0IZS7ucM9qQ,Wah madam g wah.... Perfect for bachelors..... Will try it this weekend,0,Positive
0IZS7ucM9qQ,Texture bht badiya,0,Positive
0IZS7ucM9qQ,Maine eid pe ye bnaya the bhot hi acha bna tha,0,Positive
0IZS7ucM9qQ,Kabita ji aj maine pulav bnaya same apke method se or mere husbsnd to mera bht tarif kr rahe t... or bole ki y kabita ji k kamal h... kr k .. thankuuuu so much mam..for this recipie,4,Positive
0IZS7ucM9qQ,Didi agar do gelas chaval bnana Ho to kitna pani dalna hai,1,Neutral
0IZS7ucM9qQ,Thanks diii 😘😘😘😘😘bahut achha bna Maine banaya,1,Positive
0IZS7ucM9qQ,achha laga!!! ba nene ke like bhi share hoga!!!,0,Positive
0IZS7ucM9qQ,Bahut achi banai h maym,1,Positive
0IZS7ucM9qQ,Jeera use ni kr skte kya??,1,Neutral
0IZS7ucM9qQ,Maine ye respi try ki bahut hi Aachi bani very very thanks,0,Positive
0IZS7ucM9qQ,Hi mam ek liye kitna quantity lagega,1,Neutral
0IZS7ucM9qQ,Mirchi hi nahi dala apne,0,Neutral
0IZS7ucM9qQ,Wao so sweet muh mai pani aa gaya g thanks,0,Positive
0IZS7ucM9qQ,Ma'am main agar polao ka chawal MATLAB govindo bhog rice use karu to kya acha Banega? Kitna sitti lagana hoga cooker mein ?pls bataye,0,Neutral
0IZS7ucM9qQ,Madam doosro me tasoi me roz kya banta gain nazara n mare apne gharon me khane ya dhyan de kyoki Jo log log doosro me gharo me take jhank karte chorus sendhmar nichler str me log kaehlaters,0,Neutral
0IZS7ucM9qQ,Aap product review v kro Didi.,1,Neutral
0IZS7ucM9qQ,Maine banaya tha kal garam Masala ka taste aagya tha  jabke saari chiz Maine itne hi daala the jitna video me h 😑,0,Negative
0IZS7ucM9qQ,Hello mam.me bahut try Karti hun but rice khila khila Nahi hota chipak jata he.kya karun plz help,0,Neutral
0IZS7ucM9qQ,bahut achha hai,1,Positive
0IZS7ucM9qQ,Masale nahi dlne kya,0,Neutral
0IZS7ucM9qQ,Main Tumhara plough ka recipe Banaya aur mera pyar ka recipe bahut accha Warna thank you for this video,8,Positive
0IZS7ucM9qQ,Easy hai lakin mast hai,0,Positive
0IZS7ucM9qQ,Mam apke vidio ki saund bhut km ata h,0,Negative
0IZS7ucM9qQ,"Yes,me new year ke din banongi",1,Neutral
0IZS7ucM9qQ,Kavita ji mujhi apki sabhi recipe achi lgti hai,0,Positive
0IZS7ucM9qQ,Badiya rice banaya mam,1,Positive
0IZS7ucM9qQ,Thik thik h,0,Neutral
0IZS7ucM9qQ,Mirch to dali hi nhi 👎👎,0,Negative
0IZS7ucM9qQ,I am so foody or aapki dish dek kar tho pani hi aa jata hai,0,Positive
0IZS7ucM9qQ,main kal hi ishe banaugi 😋😋,0,Neutral
0IZS7ucM9qQ,apne isme mirchi nhi dali,0,Neutral
0IZS7ucM9qQ,Maine Aj banaya Yeh recipe bhut acha bana h thank you mam,1,Positive
0IZS7ucM9qQ,Rice konse h mem,1,Neutral
0IZS7ucM9qQ,Video bahut achchhi hai,0,Positive
0IZS7ucM9qQ,Bhut hi acchi lagi ye recipe apka sara recipe acchi hi hoti hai,0,Positive
0IZS7ucM9qQ,mam ye fika pach lagega is m mirchi nahi h paccho k thik h,0,Negative
0IZS7ucM9qQ,Maine bhi ye try ki thi osm and VERY testy🏅🏆🏆🏆🏆🏆🏆🏆🏆🏆🏆🏆🏆🏆🏆🏆🏆🏆🏆🏆🏆🏆🏆,3,Positive
0IZS7ucM9qQ,Mene bhi isi trah banaya h bahut h mazedaar bana thanks,0,Positive
znefLMNyVE8,MAAM HM BNATE H TO CHENA BALLS TOOT JATA H SUGAR SOLTUION M,1,Neutral
znefLMNyVE8,Mam aapko share kijiye na ots makhane haldi aur pure meve mix karke Kesar bagaira dalkar jo aap dudh mein uthate hain aur FIR uska powder Banakar rakhe the FIR dudh mein uthate Hain FIR usko Gud Dal ke khate Hain wali recipe aap fir se share Karen 4 sal pahle mujhe Mili Thi vah recipe,0,Neutral
znefLMNyVE8,Mam gaye ki jaga bhais k dudh se bna le kiya qki hum gaao m h hmra pure bhas ka dudh aata h,0,Neutral
znefLMNyVE8,Maddam aap topic kaha se late ho,0,Neutral
znefLMNyVE8,Aap bahut achi ho ma'am,0,Positive
znefLMNyVE8,Meri rasmalai baar baar Tut jati hai chasni mai daalne mai,0,Neutral
znefLMNyVE8,Bahot hi lajavab mam 👌👌,0,Positive
znefLMNyVE8,Thenkyou mem bohot malaydar recipe batay apne 🤤,0,Positive
znefLMNyVE8,Ham recipe dekh ke banaye lekin mera rasgulla Tut gya 😢😢😢😢,0,Negative
znefLMNyVE8,Kon kon 2025 me dekh raha hai,5,Neutral
znefLMNyVE8,Agr doodh automatically normal temperature ki wajh se fatt jaye to kya bna skte h,0,Neutral
znefLMNyVE8,Kaise recepi deti h ap log maine same process kiya tab bhi sari ras malai tot ke sheere me mi gyi😢,1,Negative
znefLMNyVE8,Corn flour nahi dala to chale ga kay mere pas nahi hai,0,Neutral
znefLMNyVE8,Di milk nhi fata hai.. bilkul bhi.. mera to waste ho gya..,0,Negative
znefLMNyVE8,Cornflour ki jgh kuch or daal skte hn kya?,0,Neutral
znefLMNyVE8,Mera chena dahi jaisa bn gya esa kyu hua hoga,0,Neutral
znefLMNyVE8,Kya ISME soda dal sakte,0,Neutral
znefLMNyVE8,Agar app is video ko hindi me bna lete to kiya ho jata,0,Negative
znefLMNyVE8,Wow mam amazing banayi hai mam 👌👌❤❤,0,Positive
znefLMNyVE8,Nimbu use nahin kar sakte hain kya,0,Neutral
znefLMNyVE8,2:38 pani toh nikal hi nhi rha tha😂,0,Neutral
znefLMNyVE8,Cornflour ka koi alternative hai?,0,Neutral
znefLMNyVE8,Kya ismein bhains ka dudh use bhi nahin le sakte vinegar ki jagah nimbu bhi to dal sakte hain,0,Neutral
znefLMNyVE8,Mam maida use karne ki permission dedeijiye na😂??or ye bi batayi maida use karne se vo acchi banegi ya nhi?,0,Neutral
znefLMNyVE8,Pehli video dekhty hy channel subscribe kr deya...,0,Positive
znefLMNyVE8,Yar bana to kuchh bhi le par time bahut lgta hai 😢 aur se fir shubah sham ka khana,0,Negative
znefLMNyVE8,Lemon se milk nhi phad skte  kya,0,Neutral
znefLMNyVE8,Mera spong km soft hua h 😢,0,Negative
znefLMNyVE8,200 rs initial cost hi aa gyi,0,Neutral
znefLMNyVE8,Hamare to spongey hue nahi bahot soft the uthane me tut rahe,0,Negative
znefLMNyVE8,Bahut detail se aapane recipe dikhai hai aur tips bhi de de hai ❤❤,0,Positive
znefLMNyVE8,Maam corn flour na ho toh maida ya rice flour use kr skte h,0,Neutral
znefLMNyVE8,"Khila bhi do, 🥲",0,Neutral
znefLMNyVE8,Didi ye mere ghar pe pahucha do na 😋😋,1,Positive
znefLMNyVE8,Main to bhaisn ka dudh pita hu par 😮,0,Neutral
znefLMNyVE8,Kya ham cornflour ki jagah maida daal sakte hai,0,Neutral
znefLMNyVE8,Agar cornflour nahi h to maida dal sakte h kya,0,Neutral
znefLMNyVE8,Bahut achha video aur recipe ma'am,0,Positive
znefLMNyVE8,Har koi nahi bana sakta mem.  Video dekhte huye aisa lagta hai ki hum banayenge easy hai. Magar hakiqat me aisa nahi banta har kisi se😮,0,Neutral
znefLMNyVE8,Mere husband ki fav. Dish 😊,1,Positive
znefLMNyVE8,Jhooth kyu batati hai waise koi sponge nhi bnta hai,0,Negative
znefLMNyVE8,Acha nh boht Acha bnate ho ap Har chej.❤❤❤❤❤❤,0,Positive
znefLMNyVE8,Mam kya ham vinegar ki jagah nimbu ka ras dal sakte hain,0,Neutral
znefLMNyVE8,Total wrong recepi aapne kaha 3 &  half cup water maine utna hi liya same banaya pura rabdi bhi achha bana pr ye balls pure jal gye same step follow kiya fir bhi next time se barabar measurement batayiga 😢😢😢,0,Negative
znefLMNyVE8,Cornflour dalna compulsory hai kya ...? Nahi ho toh kya add kr sakte hai ?,0,Neutral
znefLMNyVE8,Maine bhi bnaya tha ...bht tasty bani hai...spongy,0,Positive
znefLMNyVE8,Bhaut hi good recipe 🎉🎉🎉 mein bhi try karugi 🎉 thanks for simple recipe ❤❤❤,1,Positive
znefLMNyVE8,Didi apki voice bohut acchi hai,0,Positive
znefLMNyVE8,Ma aj banungi,0,Neutral
znefLMNyVE8,Khane se zyada banane mein vkt zyada haii,0,Neutral
znefLMNyVE8,"Aaj Maine ye rasmalai bnayi apke bataye timing, trick se,mere family bhut khus ho gye delicious bna,thank u mam❤❤🎉🎉🎉",0,Positive
znefLMNyVE8,M bhi banaungi 😊❤,0,Positive
znefLMNyVE8,Mera to vinegar se nahin fatata dudh😢,0,Negative
znefLMNyVE8,Chena chashni m daalte hi phel gya kya krein ??,0,Neutral
znefLMNyVE8,Shivratri par Bhole Baba ko bhog lagaungi. Aapki hi recipe se rasmalai banaugi 😊,0,Positive
znefLMNyVE8,Agar corn flour na ho to,0,Neutral
znefLMNyVE8,wow mam very nice par mere ghar pe itni mehnat koi nahi karega 😅,0,Positive
znefLMNyVE8,Toot Gaya sara 😢,0,Negative
znefLMNyVE8,Madam main bhi aaj yah rasmalai TRAI ki bahut achcha banaa,0,Positive
znefLMNyVE8,Cup ki Jagah grams m batao chini😂,0,Negative
znefLMNyVE8,Madam itna lamba video ni hona chahiye itne se process k liye...,0,Negative
znefLMNyVE8,Last me muh me pani aa gya 😂,0,Positive
znefLMNyVE8,😋😋 main bhi try karugi,0,Positive
znefLMNyVE8,Khila do mam rasmali 😂,0,Positive
znefLMNyVE8,Mam meri rasmalai dukaan jesi soft nhi bani thori hard hai .. iska kya solution hai?,0,Neutral
znefLMNyVE8,Bekar bilkul b achi nai banti tut jate h gulab jamun,0,Negative
znefLMNyVE8,Mam ab tak do bar banaya phir bhi acha nahi aye. Jo rasgula hi woh hard hojata.. 😢😢😢. Sabhi steps maine follow kiya correct se.😢😢. Rabri toh achi banti hi. Phir se main kabhi nahi try karungi. Fed up..,0,Negative
znefLMNyVE8,Itna time waste Karne ke bajaye Bahar se lekar kha lenge 😅,0,Negative
znefLMNyVE8,Mene bnayi thi but wo to Pani m ghul gyi,0,Negative
znefLMNyVE8,"Maine bhi aapki recipe try krke bnayan bahut achhi bhi ,, I am happy ❤❤",0,Positive
znefLMNyVE8,Aap ne ye nhi bata ya ki milk me water dalna ha ya nahi,1,Neutral
znefLMNyVE8,Chini ki matra aap weight me bataye... Cup ke hisab se samajh nahi aa raha... Aapka cup aur hamara cup ek hi size ka nahi ho sakta😮😮😮,1,Neutral
znefLMNyVE8,Maine aaj 2 2 bar try ki dono bar bekar 1st time hard bahut 2nd time soft itni chashni me dalte hi tut gyi 😢 mai cooking me achhi hu life me 1st time kuchh bekar bnaaa 😢,0,Negative
znefLMNyVE8,Aapki mujhe sari videos acchi lagti hai.... aur bahut acche se main.... dekhti..... hun aur aapka batane ka.... tarika sabse best hai thank you .....for sharing❤❤❤❤❤❤,1,Positive
znefLMNyVE8,Didi mane bhi try kiya tha bot hi tasty bna tha thnku so much for your recipe ❤,0,Positive
znefLMNyVE8,Keya mam rusmalai ko 1 day ke liye store ker sakte hi,0,Neutral
znefLMNyVE8,Maim mera rasmalyi suger syrup me jane ke baad boil hone par fut jata hai kya kare,1,Neutral
znefLMNyVE8,Mene banaya fha but mera bhot thick ho gaya ta bilkul sofr nhi hua same aapne kiya ahi vaise he kiya fa maam pls boliye na kya kru or yeh chasni meri bhot thick ho gyi ti or yeh colour bhi cng ho gaya tha vi pani wax ke jesa ho gya tha,0,Negative
znefLMNyVE8,Wow mam Bohot achi banai  ras malai,0,Positive
znefLMNyVE8,Mene banai thi ye achi bani thi,1,Positive
znefLMNyVE8,Vinegar dalke dudh fate nahi to kya kare,0,Neutral
znefLMNyVE8,Bakwas recipe hai sari rasmalai kharab bani 👎👎👎,0,Negative
znefLMNyVE8,isay acha hi paneer lao 🤷‍♀️usi mi banayai r fir milk mi add kray r cornflour k badlay suji b add kr sktai hi 🤷‍♀️,1,Negative
znefLMNyVE8,Chasni me pura fhel gya sahi se nhi bana😂😂,0,Negative
znefLMNyVE8,Rasmalai break ho gyi h,0,Negative
znefLMNyVE8,Hello mam....very nice recipe....muje iss rakshabandhan par rasmalai banani hai....rabadi thik karne k liye kya hum thodasa custard powder use kar sakte hai kya...,0,Neutral
znefLMNyVE8,Didi aap music  khan se use karte ho,1,Neutral
znefLMNyVE8,Ban gya ban gya sab kha lo❤❤,1,Positive
znefLMNyVE8,Hlo ma'am meri rasmalai gol gyi 😢or pehle jab bnayi thi woh bhut hard thi😢... Proper btaiye ma'am kya mistake rhi abki baar dough jo h bhut moisturizer h..osme maine corn flour b daala per b rasmalai gol gyi Pani me ..maine thodi choti bna kr try ki fir ab Dhoop me dough ko sukha rhi ho jisse aata sakht ho jaye or rasmalai gole na or soft b bne,0,Negative
znefLMNyVE8,"Pagal aurat tumhare Karan Mera mithai jal gaya aadha k,g milk barbad ho Gaga be sharm😢😢😢😢😢😢😢😢",0,Negative
znefLMNyVE8,Mere to chasni me hi toot gye,0,Negative
znefLMNyVE8,Thank you mam aapke mawa cake recipe se mera mawa cake bahot achha bana,0,Positive
znefLMNyVE8,Recipe bahot achhi he mene try ki mam par mere chena ball chashni me pighal gaye kyu mam,0,Positive
znefLMNyVE8,Milk ko lemon aur vinegar ke alawa aur kisse faad sakte hai?,0,Neutral
znefLMNyVE8,Aap ke ghar vali ke maje hai  itna kuch aacha khane ko millta hai,0,Positive
znefLMNyVE8,Joe chashni Bach ka use Kya Kya karenge,0,Neutral
znefLMNyVE8,"Mere muh moh toh dekhte he paani aa raha hai ,looking tasty 🎉🎉",0,Positive
znefLMNyVE8,Sab paani mein ghul gayi :(,0,Negative
znefLMNyVE8,Mujhe jo bhi bnana hota h mai aapki hi video dekhti hu aap pe trust ho gya h really  aapki btayi recipe hi achhi bnegi...,0,Positive
znefLMNyVE8,Wah maza a gaya ma'am maine banai bth parfect bani❤❤❤,2,Positive
znefLMNyVE8,Mam ky me sirf kaju aur Almond add kr sakti hu,0,Neutral
znefLMNyVE8,Meri sadi apki jesi women se ho❤❤❤❤❤,0,Positive
znefLMNyVE8,Agar corn floor na ho to,0,Neutral
znefLMNyVE8,Mam Maine yah chhena cloth ki jagah Channi Mein Rakha tha to Jyada soft Ho Gaya Kya Karen,0,Neutral
znefLMNyVE8,Good afternoon Mam aap kahan per rahte ho,0,Neutral
znefLMNyVE8,Good afternoon Mam main abhi recipe likh rahi hun Aaj banaungi mere bacchon ko yah recipe bahut pasand Aati Hai thank you mam,0,Positive
znefLMNyVE8,Meri fevrt h ❤❤❤❤❤..bt maam bnane m bahut tym lg rh ..khame m to 15sec m kha jau😅😅😅😅..❤❤❤❤❤❤❤ try krenge bt,0,Positive
znefLMNyVE8,Mam corn flour ki jagah pr aur kya daal skte h,0,Neutral
znefLMNyVE8,Cournflour na ho to kya kre,0,Neutral
znefLMNyVE8,"Ye Jo khana ,mithai ,drinks ,wagerah wagerah banane ka channel chalate hai unke  Ghar wale kitnze lucky hai roz roz tasty chije milti honge khane ko",0,Positive
znefLMNyVE8,Vinegar naa ho to aap ada tispoon phitkri daal skte hai same kaam krta hai😊,0,Positive
znefLMNyVE8,"Thankyou beta, shandar rasmalai banai hai ❤❤❤",1,Positive
znefLMNyVE8,Chene me maidaa kyu daalte hai?????,0,Neutral
znefLMNyVE8,Mem mere to chene ke bol chasni me dalne ke baad usi me ghul gye please mem batao ki vo hard rhe 😢,0,Negative
znefLMNyVE8,Agar vinegar nahin hai to lemon  juice ka istemal kar sakte hain,1,Neutral
znefLMNyVE8,Kya ham cornflour ki jagah rice flour use kr skte hain???,0,Neutral
znefLMNyVE8,Kya doodh khud phat jye uski nhi bna sktey kya,1,Neutral
znefLMNyVE8,Aapke husbend or bacche lucky h 🥹,0,Positive
znefLMNyVE8,Haldi daalne se uska taste to nhi aayega?,0,Neutral
znefLMNyVE8,2 logo ke liye kitna dhoodh le,0,Neutral
znefLMNyVE8,Mam maine banai h and believe me same aisi hi bani h thanks,0,Positive
znefLMNyVE8,thank you mam m try ki same bana h,0,Positive
znefLMNyVE8,Mam meri rasmalai hard ho gaye h kyu,0,Negative
znefLMNyVE8,Osm 😍 bahut hi achcha h bta Rahi h aap❤,0,Positive
znefLMNyVE8,Bahut badhiya😋👏👏👍💞,0,Positive
znefLMNyVE8,Mam nibu se dudh ko fad skte h koi problem to nhi ayegi,0,Neutral
znefLMNyVE8,Maine try ki thi Bohat achi bani thi maine doodh fadne ke liye nimbu use kiya tha aur phir Ache se dho liya bohat tasty aur easy recipe Thanks you KABITA's Kitchen ❤🎉,0,Positive
znefLMNyVE8,Mne bhi abhi abhi bnaya h...bhot achi recipe h,0,Positive
znefLMNyVE8,Thank u so muchh mam mai life mai first time try it was so delicious desert mashallah  love it ❤😊,0,Positive
znefLMNyVE8,Mene bnai h ye dekhkar bht tasty bni thi.. yummy,0,Positive
znefLMNyVE8,mere pure kharab ho gya h,0,Negative
znefLMNyVE8,5 gante me bankar tyar hoga😂😂,0,Negative
znefLMNyVE8,Maine aaj try kiya man pr mera chila bhot deela  ho gya tha 2spoon cornflower dale tohi bhot deela pn tha usme ky krna chahiye tha plz muze bataiye next time fhir se muze banana hai plz reply de mam,0,Neutral
znefLMNyVE8,1/2cup sugar kitne grm hogi ma'am?,0,Neutral
znefLMNyVE8,Very V nice recipe dii aap ke tarha so beautiful love u di god bless you 🙏🙏,0,Positive
znefLMNyVE8,Mene bhi banai bahut tasty bani hai meri bhi ❤😊,1,Positive
znefLMNyVE8,Meri to rash malli fut gai😢,0,Negative
znefLMNyVE8,Maine bnaya pr vo chasni me dalne par melt ho gya 😢😢😢,0,Negative
znefLMNyVE8,Itne pese m to aahijati. H matket m😂,0,Negative
znefLMNyVE8,Nhi achi bani rasgulla phat kr Pani me mil gya,0,Negative
znefLMNyVE8,Iss se aacha dukan ja ke khrid ke kha lege Paisa v jada lagega or banae ka v tansion dukan wala he thk h mere liye jada he mil jayga khane ko,0,Negative
znefLMNyVE8,Sach me bahut hi acha bna thanks mam❤❤❤❤❤,2,Positive
znefLMNyVE8,Aap bahut acche se each n every detail explain karti hai so sweet of u😊,0,Positive
znefLMNyVE8,Dudh ki jagah pr dahi use kr sakte he kya..?,0,Neutral
znefLMNyVE8,Uar hamare  pas to itne paise hi nhi hote ki itne items khareedein .,0,Negative
znefLMNyVE8,Toh itni bakchodi kar rahi hai tu ...seedha paneer hi daal leti pagli,0,Negative
znefLMNyVE8,Mam mene ye recipe try kiya h bt rasmalai m thoda khattapan tha pls btaiye uske kese thik kre,0,Neutral
znefLMNyVE8,Meri rasmalai thori hard ho gyi ...mujhe smjh nhi aara q,0,Negative
znefLMNyVE8,"Because frig me rakhkar har mithai sakht ho jaati hai, frin se nikal kar turant nahi khani chahiye.",0,Neutral
znefLMNyVE8,Bina freeze ke ye kab tak kharab nhi hota,0,Neutral
znefLMNyVE8,Kon podar kon dalta hi puri rasmalai karab hogai meri,0,Negative
znefLMNyVE8,Ye recipe bahut kaam aayi mere ❤,0,Positive
znefLMNyVE8,Meri rasmalai to Pani Mein ubalte Waqt ki sari khul gai,0,Negative
znefLMNyVE8,Maim address bhejdo khane araha hu,0,Neutral
znefLMNyVE8,Spungy nahin Banta tight ho gaya,0,Negative
znefLMNyVE8,Kya chhene ki jagah amul paneer use kar sakte hai kya??? Please bataye,0,Neutral
znefLMNyVE8,Meri mom Ko kuch nahi ata😭😭😭😭😭😭😭,0,Negative
znefLMNyVE8,Mam bols fulne ke baad chipat ho gaye😢,0,Negative
znefLMNyVE8,Kabita ras malai uper se bhurbhuri andr se hard bni milk 2prsnttha usa rahty hai cornflour dala kmi kya thi,0,Negative
znefLMNyVE8,Nice clearly understand bhabi ji,0,Positive
znefLMNyVE8,Thank you mam sach me aap jaise  bate ho smajh me ajata h or waise hi bna liya maine god bless you god make a new for you,0,Positive
znefLMNyVE8,Itna ache se kon batata hai Mam ❤❤pahle bar mai kise ko YouTube pe subscribe ki hu,1,Positive
znefLMNyVE8,Yaamy and delicious chasma Ras malai ki recipe share karne ke liya so many thanks,0,Positive
znefLMNyVE8,Jo log aisa recipe banatey hain YouTube pay wo ghar Waley kitney khush naseeb Hain roz new dish khaney milti hai kon kon agree hai ye baat se like karo😅😊😅,63,Positive
znefLMNyVE8,Tq so much mam mere hathse pehli baar parfect rasgulla bana hai,0,Positive
znefLMNyVE8,Mera nhi bna shi🥹,0,Negative
znefLMNyVE8,Mam meri ramali mai mitha nahi ho raha,0,Negative
znefLMNyVE8,Mam kiraye per room milega???..  khane ki tnsn khtm ..,0,Neutral
znefLMNyVE8,Mam rasgulle ki chasni mai paka sakte hain,0,Neutral
znefLMNyVE8,Very Beautiful Recipe Mam I will definitely try it❤ Thank you mam ap Bahut ache se samjhate ho aur ase samjhate ho ke easy lagne lagta hai process har recipe me... Thank you again ❤,10,Positive
znefLMNyVE8,Bahut easy way me samjhaya aap ne madam …maine banaya aur bahut hi badhiya bana h ..than q so much ..u r awesome 🙏💐,0,Positive
znefLMNyVE8,Aapke ghar wale ghar p hi 7 star ka maze le rhe hai 😂,0,Positive
znefLMNyVE8,Easy way mai btaya thnku ❤️,0,Positive
znefLMNyVE8,Bhagwan aisi bhabhi sabhi ko de 😘😘🤗🤗,0,Positive
znefLMNyVE8,Wow mam maine ise wase he banaya jaise aapne bataya aur mam kya tasty bana tha I love it ❤Thank you mam😊,0,Positive
znefLMNyVE8,Rabdi ke pede mere boil karte tym thode fat jaate hai..mash mai krti hu Barabar..plz eske baare me bataeye mam,0,Negative
znefLMNyVE8,Corn flour agr na mil paye to kch option h kya,0,Neutral
znefLMNyVE8,Maza aa gya,1,Positive
znefLMNyVE8,U speak as if ....jaise airport pe kuch announcement ho rahi ho,0,Positive
znefLMNyVE8,Bhut achha tareeka so thanks mam,0,Positive
znefLMNyVE8,Humare mann me questions aata h ap uska ans just dedete ho👍,0,Positive
znefLMNyVE8,Apki aawaj best lgti h & aap har chij ko bhot simple tarike se batate ho👌U are Best🙏,2,Positive
znefLMNyVE8,it was yummy pehli baar try kiya result are so amazing,3,Positive
znefLMNyVE8,Vinegar ke place pe fitkari use kar sakte h kya,0,Neutral
znefLMNyVE8,Khane ke liye 10 min or banane k liye 2 hours good 👍👍,1,Negative
znefLMNyVE8,Wow..what a language skills bhenji..Rasmalai is sooo sweet & your voice delivery also sweet ..,1,Positive
znefLMNyVE8,Wa mam bahut khub 👌👌👍,1,Positive
znefLMNyVE8,Pls help me meri rasmalai kachi reh gyi dudh m dalne ke bad chack kiya to andr se kachi lg ri h,0,Negative
znefLMNyVE8,Ek din mujh bi bulao dawat pe😄😄,1,Positive
znefLMNyVE8,Pehle se phate huye doodh ka nhi bn skta hai kya?,0,Neutral
znefLMNyVE8,Agar jyada quantity ho to wahi chachni second lot ke paneer balls boil karne ke liye use kar sakte hai kya. Ussee chachni gadhi to nahi hogi . Aur usme aur sugar add karni padegi kya,0,Neutral
znefLMNyVE8,Ghar walo ki maza hai roz roz ....mst khana vo bhi free ...😂,1,Positive
znefLMNyVE8,Ma'am apne 2 liter dudh ko alg alg use kiya h.To 1 liter me banana ho to adhe adhe liter dudh use krna ho to???,0,Neutral
znefLMNyVE8,Kya hum bazaar se layi  hui paneer use kr skte hai???,0,Neutral
znefLMNyVE8,Mam dud se bnai tiki hmne pani main dali to wo fat c gai.. hmne guna bhi bht jada or corn flor v dala. Bt fir v asha ni bna..,0,Negative
znefLMNyVE8,Bhkkk bc topic dete kya h vedio m batate kya h,0,Negative
znefLMNyVE8,Mam bajar ka paneer use kar sakte h.or cornflour na ho to maida use kar  sakte hai.,0,Neutral
znefLMNyVE8,6 ghante bad khana  padega??,0,Neutral
znefLMNyVE8,Hi maam chena ball soft nhi hue aisa kiyu maine same method se banae,0,Neutral
znefLMNyVE8,Thxxx mam Maine apki video dekh kar bnai  bahut e taste bani,1,Positive
znefLMNyVE8,Maine kal hi try super se uper bana h mujhe to believe nhi ho rha h main ghar pe itna perfect rasmalai banai hu but mere pass cornflour nhi to maine nhi use kiya kuch bhi aur fitkiri se dudh ko phada tha but ek bhi rasmalai tuta na h thanks thanks thanks ❤️❤️❤️❤️you are super mam.kash mere pass apka no hota to apke sath pic share karti,1,Positive
znefLMNyVE8,Rasmalai m anaj hota h kya or fast m kha sakhte h,0,Neutral
znefLMNyVE8,Faqir 19 wali doodh ki packet 🤣🤣🤣🤣🤣,0,Negative
znefLMNyVE8,Rabdi bnane ke liye packet ka milk use krskte hai na,0,Neutral
znefLMNyVE8,1 lit me kitne banati hai,0,Neutral
znefLMNyVE8,Mene corn flour ki jagh meeda dala tha to mene rash gulle pure phat gye 😭😭😭😭😭😭😭😭. Pura ghulge aab me kya karu plzzzzz help me,0,Negative
znefLMNyVE8,Nice didi... ham apko bahut samay se dekh rhe hain,1,Positive
znefLMNyVE8,Mai bhi doob gayi rasmalai mai 😍😂,0,Positive
znefLMNyVE8,Aur aapke recipe k sare steps bahut  hi acche hote h.. jinko kitchen  ka k v nhii aata hoga woh v achi se aapki video dekh k bna lenge   jaise ki mai  thnk uu so much mam❤️,1,Positive
znefLMNyVE8,Aapki awaaz s bahut hi sukoon aur shanti milti h pta nhii q..,1,Positive
znefLMNyVE8,Aj mene rasmlai khai ik piec 35 rupes ☺,0,Positive
znefLMNyVE8,Mera pura khrab ho gya,0,Negative
znefLMNyVE8,Pagal ho kya,0,Negative
znefLMNyVE8,"Mam. Mohit ko bilkul psnd nahi hai , kheta hai karcha badhta hai faltu ka",0,Negative
znefLMNyVE8,"mu ma Pani aa gaya ,🤤",1,Positive
znefLMNyVE8,Hum banatain hai lekin aapne pura ulta tarika bataye aapne bekar ho jayega pura rasmalai,0,Negative
znefLMNyVE8,Sach me muh me pani aa gyaaaa,1,Positive
znefLMNyVE8,Mam mere rashgulle to kdai m hi fat gye sb. Sari mehnt waste ho gyi 😢,0,Negative
znefLMNyVE8,Corn flour ko Hindi me kya kahte hai,0,Neutral
znefLMNyVE8,Garmiyon me toh yeh kharab ho jaegyi kyunki bhar rakh ke toh dudh hai kharab ho sakta hai?,0,Neutral
znefLMNyVE8,Ham na try keya  Bahut acha bana thank you very much 😍,0,Positive
znefLMNyVE8,Agar rasgulle ek din pehle bana le aur rabdi dusre din daale toh koi problem hogi kya,0,Neutral
znefLMNyVE8,Kya hum direct paneer hi use kar sakte hai ?,0,Neutral
znefLMNyVE8,Mana chasne m saka to Sara khrab ho gya,0,Negative
znefLMNyVE8,Packet milk use kr sakta h ky,0,Neutral
znefLMNyVE8,Me apni wife se kehta hun ki you tube pe koi achhi si dish dekhkar bna liya kro..date ingredients me lake dunga ..lekin wo kabhi nhi banati ...daal roti sabji bna legi bhagywaan,1,Negative
znefLMNyVE8,Aunty agar dudh phele se hi fhata hua hai to kiya wo use kr sakte hai ????????,0,Neutral
znefLMNyVE8,"Bahot badiya banai hai aapne, muze aagar 50 logonkeliye banana hai to Kitana milk lagega muze",0,Positive
znefLMNyVE8,M b banaunga kal Thanx Kavita ma'am.U have nice voice 😅😄😄,1,Positive
znefLMNyVE8,Corn flour ki jagha maida use kar sakte h kya,0,Neutral
znefLMNyVE8,Mast resipe,1,Positive
znefLMNyVE8,Mem aapki rasmalai bahut achi bani haiMeri favorite swets bhi hai yai meri aisi kismat kaha jo aap jaisi ladies ki bani kha saku mai to abhi un married hu partner ki bahut jarurat hai  tabhi aisay nahi nahi sweta kha sakta hu koi ho to batay ladki ho nazar mai,0,Positive
znefLMNyVE8,Kis kis ke mukh  meh  pani aaya 😂,3,Positive
znefLMNyVE8,Mam meri rasmalai kuch jyada hi meethi ho gyi uska meethapan kam kaise kare,0,Neutral
znefLMNyVE8,Khana ka man kar raha ha,2,Positive
znefLMNyVE8,Madam may bhi try Kiya but tut geya,0,Negative
znefLMNyVE8,Rasmalai se jada apki awaaz sweet h ❤️😘,1,Positive
znefLMNyVE8,Yar ye koi Khilado . Maa kasam dekhte hi bukh lag gai,0,Positive
znefLMNyVE8,Bahut sundar m try krungi,1,Positive
znefLMNyVE8,Maine TRAI ki bahut acchi recipe Bani mujhe bahut pasand I aur mere husband ko bhi thank u didi thank🎉❤,1,Positive
znefLMNyVE8,"mam aapki recipe se rasgulle bahot hard bane,I followed the exact recipe 😢",0,Negative
znefLMNyVE8,Maa aapke hatho me jadu hai meri maa ki tarha,1,Positive
znefLMNyVE8,Mere rasmalai ka chena ball  hard ho Gaya tha soft hone ke liye Kya karna chahiye bataeye na please,0,Negative
znefLMNyVE8,Ye dhudh k rasgule se bnte HI nhi h fat jate h chas Me dalte hi😒,1,Negative
znefLMNyVE8,"Vinegar paani ke saath milake daale, so that woh dilute ho jaye, warna woh rasgulla rubber jaisa bann jaega. Dilute karne se zyada behtar banenge.",1,Neutral
znefLMNyVE8,Aapke ghr wale roz roz etne pase west krne dete h,0,Negative
znefLMNyVE8,Ma'am maine do br ye recipe try Kiya h or dono br tikki me rbdi absorb ni hua aesa kyu andr se tikki dry hi tha,0,Negative
znefLMNyVE8,"mam aap bahot jaldi jaldi bolte ho,plz thoda dheere bola karein",0,Negative
znefLMNyVE8,Rasmalai se Jada to aap aawaj mitti,0,Positive
znefLMNyVE8,Meri rasmalai ke fate hue doodh ke gole sahi se nahi bane vo toot gaye na hi vo fate hue doodh ka jo aata he vo sahi se nahi bane vo thora gila rah   gaya,0,Negative
znefLMNyVE8,Bahut bahut dhanyawad aapko madam 🙏,0,Positive
znefLMNyVE8,Aap bahut ache se explain kiye hai Rasmalai ke bare me chene ko sirf hands ka use karna hai aur koi cheej se masal sakte hai  madam 🙏,0,Positive
znefLMNyVE8,Mam isme phle se hi fata hua milk le skte h n bina vinegar k ase hi fat gya tha plzz reply,0,Neutral
znefLMNyVE8,"Maine try Kiya ye recipe bt ye bahot bekar bna rasogulla ne rabdi absorb nhi kiya jbki maine ek cheez ko garm hi rakha tha rabdi ko, aur toh aur 1 din m hi rabdi sticky ho gyi please give me reply ki mujhse kya glti huyi",0,Negative
znefLMNyVE8,Meri wife na ghar me kuch banati h or na ghar ka khana pasand krti h ...hrr time chalo bahar ....chalo bahar ....rehdi pe kha legi lekin bahar ka chahea ....ye kuch mental disorder bn chuka h aaj kl .....kapde pahan k taiyar ho k bahar ka khana khane jana .......or Mard ko ghar ka he khana acha lagta h ...bahot se log 80 km up down krte h daily sirf ghar k khane k lea ....,0,Negative
znefLMNyVE8,Mam bohot acha laga he hame,1,Positive
znefLMNyVE8,Mza aa gya didi,4,Positive
znefLMNyVE8,Mere muh me to paani aa raha hai,0,Positive
znefLMNyVE8,Me first time try kr rahi hu 🥺,0,Positive
znefLMNyVE8,Ye keese pta chalega mam ki chena ball pk gye he chashni  me d'Alenge tab,0,Neutral
znefLMNyVE8,"Hello Kabita , apki recipe dekhne k liye video shuru hota hai , mai apki awaz mai kho jati hu , app kitna piyara bolti hai .. I Love 💕 your voice .. God Bless You nd Your Family ..💕🌹🌹❤️",0,Positive
znefLMNyVE8,Kaash me apke hatho ka bana kha pata😋😋😋😋,0,Positive
znefLMNyVE8,Meri rasmalai chasni m ghul rhi h  mene 3 chamach alarot bhi daal lia chena ko tight krne ke liye ..1 ghante se chena ko tight krne m lgi hu nhi hora yaar koi flowing consistency bhi nhi h...Abhi ke liye mene uski fridge m rkh dia h.. please somebody suggest me what to do with that!!! I'm tired making this 😭😞...Please,1,Negative
znefLMNyVE8,Ap bahut pyar se samjhate ho 🥰 we will make it 🥰,1,Positive
znefLMNyVE8,Sab koi banane ke liye dekh rha h or m aadhi raat ko curiosity ki wajah se dekh rha hu 😂... Coz i like rasmalai most ❤️,0,Positive
znefLMNyVE8,Maja aa gaya sikh ke. Bahut achhe se sikhaya aapne. Very very thank you. 🤩🤩🤩😇😇,0,Positive
znefLMNyVE8,"Bahut badhiya ,bhijwa deti to aur accha hota 🙏🙏",0,Positive
znefLMNyVE8,Abhi se hi mooh me pani aagya,0,Positive
znefLMNyVE8,Kitne din rakh sakte h isko,0,Neutral
znefLMNyVE8,Isko dobara garm karke kha sakte h,0,Neutral
znefLMNyVE8,Muj hames hi aap ka viedo aacha lagta hai mam😍,3,Positive
znefLMNyVE8,Aj mene bhi bnaya bilkul apki recipe ki tarah sch me bhut hu yummy bne the ma'am 💖,1,Positive
znefLMNyVE8,Corn flour nhi hai te maida use kr skti hu khya,0,Neutral
znefLMNyVE8,Bohott accha explain kartye ho mam..☺️,1,Positive
znefLMNyVE8,Mam mene ye ras malai bnai thi aaj but wo sari tut gayi Again bnane ke liye me kya karu 😭😭😭😭😭Reply me first plzz maam,0,Negative
znefLMNyVE8,Wwaaahhhh... kiya bat hai madam ....mai toh rasmslai se ziyada apke explain me fida hogaya hoon...bhut khoob....thank you 😂😂😂😂❤️❤️❤️,0,Positive
znefLMNyVE8,Hello  di  aaj Rasmali try ki amazing 👏 👌👌👌sari family  members  nay bahut like kiya thanks  di❤❤❤❤,1,Positive
znefLMNyVE8,Mari bhi rasmalai bahut achhi bani aapke karn party me to chha gaya aapka rasmlai,0,Positive
znefLMNyVE8,Aunty bal ke jhar ke ajati,0,Negative
znefLMNyVE8,Mai har baar banati hu to usmai lemon ka test reh hi jata hai jis say poori mehnat kharab ho jati hai😫😩🥺aisa kiyu???,0,Negative
znefLMNyVE8,Aunty yaha bhej va do,0,Positive
znefLMNyVE8,Mam mere rasgulla mein chashni andar nahi jati plz tell tips,1,Neutral
znefLMNyVE8,Muh me Paani Aa Gaya Mataji😋 Mashaallah Gajab Bana Hai..👌,7,Positive
znefLMNyVE8,Mam mera chena chasni m boil kete time bikhar jata,0,Negative
znefLMNyVE8,App ne kaha tha na didi reply zarror send karna ham kar diya rasmalai achii nahi lagi,0,Negative
znefLMNyVE8,"mam chena thoda gila lagraha hai kya karen? cornflour dalke acche se mala hai but abhi b thoda gila lagraha hai, jaldi batayen plz",0,Neutral
znefLMNyVE8,Nimbu dal ke try kiya Khata ho gya 🤣Hamara kaam nahi haiAgr halvya jesha ham logo she ban gya to baazar she koy nahi kharidega,0,Negative
znefLMNyVE8,Mera chena kdaa ho jata hai. Fridge mein bhi rakhne per hard ho jati hai . Aisa ku plz reply,0,Negative
znefLMNyVE8,Bht time lgta h...but nice 👌🏻👌🏻👌🏻,0,Positive
znefLMNyVE8,Apke dudh se bante to bhut achhe lagte,0,Negative
znefLMNyVE8,Paani nikal aya mooh se,1,Positive
nxUcxHMEUGg,Kon kon ye video 2026 ko dekhra 😂😂😂😂😂😂😂😂😂😂😂😂😂😂😂😂😅😂😅😂😅😂😅😂😂😅😂😅😂😅😂😅😂😅😂😅😂😅😂😅😂,0,Positive
nxUcxHMEUGg,2026 april  me kon dekh raha h 😂,0,Positive
nxUcxHMEUGg,Kaun-kaun yah video 2026 mein dekhna hai April mein,0,Neutral
nxUcxHMEUGg,4:04  jali na😂,0,Negative
nxUcxHMEUGg,Uska Baap hai na bahut ghatiya hai,0,Negative
nxUcxHMEUGg,Prena didi me ape ki bhot achi fan hu,0,Positive
nxUcxHMEUGg,Bhaiya aap jhooth bolate aap nahin pahle aata tha,0,Negative
nxUcxHMEUGg,Vah vah film video banai hai aisi cream video to maine jannat dekh liye the mujhe chhutti de do,0,Negative
0IZS7ucM9qQ,Ghee ke jagah riphayan Ho sakta hai,0,Neutral
znefLMNyVE8,Plate k niche kitchen towel rakhte to itna pakadna nahi padta,0,Positive
znefLMNyVE8,Corn flour Dala jaruri h,0,Neutral
nxUcxHMEUGg,Yar subscribe kardo 😢,0,Neutral
nxUcxHMEUGg,Mai nahi hasi,0,Negative
nxUcxHMEUGg,Really tum legends hi attendance lagao,0,Neutral
nxUcxHMEUGg,Shaadi kab ho rahi hai,1,Neutral
nxUcxHMEUGg,Dimag se pedal log 😂😂😂😂😂,0,Negative
nxUcxHMEUGg,Dimag se pedal log 😂😂😂😂😂,0,Negative
nxUcxHMEUGg,Dimag se pedal 😂😂😂😂,0,Negative
nxUcxHMEUGg,Bhaiya ham kha lenge mirchi,0,Neutral
nxUcxHMEUGg,Main 2025 mein dekh raha hun,0,Neutral
nxUcxHMEUGg,Aloo khaoge,0,Neutral
nxUcxHMEUGg,Mene bhi nigal li thi jab mene ye khai 😂😂😂,0,Neutral
nxUcxHMEUGg,Bhehen chod,1,Negative
nxUcxHMEUGg,😊❤❤ prerna aise nahin karna chahie chhote kapde Nahin pahnana chahie buri baat Hoti hai Allah ko aapko aankh mein jaane ki Nahin agar Nahin Jana to fir achcha achcha kapda pahna karo bhari wale chote chote,0,Negative
nxUcxHMEUGg,3:50 was epic lao pani lao,0,Positive
nxUcxHMEUGg,Insan ke Kan mein bakri,0,Negative
nxUcxHMEUGg,Triggered Insaan ❌mirchi Insan ✅ sorry bhaiya❤❤❤❤❤,0,Negative
nxUcxHMEUGg,Man to karta hai ki apki behan ban jau❤❤❤❤❤,0,Positive
nxUcxHMEUGg,Yah to tatti hai l😂😂😂😂😂😂,0,Negative
QedpcsA-GOU,Tera intezar,0,Neutral
QedpcsA-GOU,Ismein 15 November ko Kar bhi kya liya tha Kabhi kya liya hai aur ismein kuchh kya bhi nahin tha 15 tarikh a bhi gai hai aur yah fir bhi bole isase khud hi mujhe iske liye dimag bhi hai ya nahin 😡🤬,0,Negative
QedpcsA-GOU,Nischay bhai ko koi haat laga ka dhika da haa uncle or Aunty ki baat kuch or hai,1,Negative
QedpcsA-GOU,Abe sale chu kar to dekha,0,Negative
QedpcsA-GOU,Sudhar Ja beta,0,Negative
QedpcsA-GOU,Triggered insaan be like mei gali nahi de sakta 😂😂,0,Positive
QedpcsA-GOU,Tuma triggered insaan bhai ka bare ma kaisa bola,0,Neutral
QedpcsA-GOU,Nahin bol raha shakal ke bare mein bolate bolate itna bol diya😂😂,1,Negative
QedpcsA-GOU,🤔lekin ye video 4years ago h or m 2026 m dekh rahi hu abhi tak tho hagindra ne kuch kiya hi nai or bat kar raha only 15november ki 😂😂😂😂😂😂😂😂😂😂😂😂😂😂😂😂😂😂😂😂🎉🎉🎉🎉🎉🎉,1,Negative
QedpcsA-GOU,Bhai uska sath bhara to aapko kuchh kuchh dekha hai black colour ham log ka kutta ka pass mein tha niche wala😂😂😂😂😂,0,Negative
QedpcsA-GOU,8:55  nahi bol rahe ho! Bhai!😅😊,0,Neutral
QedpcsA-GOU,Caption padho human autorickshaw 😂😂😂,0,Negative
QedpcsA-GOU,Jai sare bhagwan ki ❤❤❤❤❤❤❤❤❤❤❤❤❤❤Nice video ❤❤❤❤❤❤❤❤❤❤❤❤❤❤❤❤❤❤I love you too meri maa and papa and bhai and behen and dadi and chacha and chachi ❤❤❤❤❤❤❤❤❤❤❤❤❤❤❤❤❤❤❤❤❤❤,1,Positive
QedpcsA-GOU,Koi mil gaya😂😂😂😂😂😂😂😂😂,0,Negative
QedpcsA-GOU,Bhai me last line me hagne ka itihas bana diya,0,Negative
QedpcsA-GOU,2025 me kon kon dekh raha hai 😂😂😂,0,Neutral
QedpcsA-GOU,Bhaiya mai tab 2saal ka tha😅,0,Neutral
QedpcsA-GOU,Bahi Uska dimag gana bana mein me pora use ho gaya,1,Neutral
QedpcsA-GOU,Do din baki he bhai😂😂😂😂😂,0,Neutral
QedpcsA-GOU,15 november ko mera annual function hai 😂,0,Neutral
QedpcsA-GOU,2025 me kon kon dekh rha hai😅,0,Neutral
QedpcsA-GOU,Mai to 2025 ko dekh raha hu😅,0,Neutral
QedpcsA-GOU,Hay mister bhaiya main aapki Badi fan hun maine aapke aapke video ko like karne ke share kar rakhen aap please comment karo na mere ko mera Mera Naam Mauli hai,0,Positive
QedpcsA-GOU,Bhai AP ne 2 minutes me itna funny diss track likha ke Mera has has ke oxygen band ho gaya😂😂😂😂😂😂😂😂😂😂😂😂😂😂😂😂😂😂😂😂😂😂😂😂😂😂😂😂😂😂😂😂😂😂😂😂😂😂😂😂😂😂😂😂😂😂😂😂😂😂😂😂😂😂😂😂,0,Positive
BKOVzHcjEIo,Or kitne bar dekha bhai 😂😂,2,Negative
BKOVzHcjEIo,1:04 bol beta ☠️,1,Negative
BKOVzHcjEIo,last part kyaa rock hai bhai 💥💥,1,Positive
BKOVzHcjEIo,Faltu movie,0,Positive
BKOVzHcjEIo,Naa to karwan ki talash hai still hits different,1,Positive
BKOVzHcjEIo,Dhurander the revenge dekhne ka baad bhi vapis trailer dekhne aaigya 😁,1,Positive
BKOVzHcjEIo,Bas kar bhai...ab toh doosri wali ka trailer b aa gya !!!,16,Negative
BKOVzHcjEIo,Bol betaaaaa,2,Negative
BKOVzHcjEIo,No doubt iski entry music kamal ki hai. Lekin jab Rehman Dakait ke introduction pe music bajta hai pura goosebump milta hai.,1,Positive
BKOVzHcjEIo,Kisne soch tha yh movie indian cinema ka spy universe or whol Bollywood hi change kr degi 💣💥🔥,3,Positive
BKOVzHcjEIo,3:49 kya badhiya edit kiya hai 🙏🏻,3,Positive
BKOVzHcjEIo,Bol beta🧔‍♀️🧔‍♀️🧔‍♀️,0,Neutral
BKOVzHcjEIo,Movie babander 😅,0,Positive
BKOVzHcjEIo,Is trailer ke baad mujhe pakka ho gaya tha ki ye movie banger hone wali hai🔥🔥🔥🙌🫡💯,5,Positive
BKOVzHcjEIo,Film film hai yaar,1,Neutral
BKOVzHcjEIo,1:46 ye scene toh dono part me hai hi nahi,0,Neutral
NHk7scrb_9I,Bhai jitni bar dekhu man nhi bhar rha hai,5,Positive
NHk7scrb_9I,YE NAYA INDIA GHAR ME GHUSEGA BHI AUR MAAREGA BHI❤❤,0,Positive
NHk7scrb_9I,Border 3 me india england py qabza kar ly ga or dhurandhar 3 me me america py qabza kar ly ga 😂😂😂,0,Negative
NHk7scrb_9I,Mast mast movieee,1,Positive
NHk7scrb_9I,Movie m Bhaut Jayda Political Background daal diya dekhne ke baad laga Movie kisi ko Promote kar rahi h😂😂😂,0,Negative
NHk7scrb_9I,pehle mera favorite trailer Badlapur movie ka tha ab Durander the revenge daily watching's,2,Positive
NHk7scrb_9I,pakistan ka nam liay bgair  khud ko kbhi acha nhi dikha skta ye india😂,0,Negative
NHk7scrb_9I,Aditya dhar hajam ghughu aur Ranveer singh sabse bada dewaana mental,0,Negative
NHk7scrb_9I,Jb movie na chale tb hindu muslim kar ke hi to movie se rupee chap sakte ho😂,0,Negative
NHk7scrb_9I,Tera baap kya jara,0,Negative
NHk7scrb_9I,Pakistan zindabad❤❤❤❤❤❤,0,Positive
NHk7scrb_9I,Mene ye tailer abhi tak 100+ ho gye honge 😂😂,1,Positive
NHk7scrb_9I,7.0           india siraf movie men hi yeh sub ker sakta hai real men kya hoa sab ko pta hai pura india heckling hoa   modi trump se ro ro ker kerta raha Pakistan se aik baar jung rokwao,0,Negative
NHk7scrb_9I,Reality is k kalbhoshan yaduv abi tk Pakistan ki custody my hy. 😂,0,Negative
NHk7scrb_9I,Mai ne tho movie dekhne ke baad bhi trailer dekh raha hai😂,3,Positive
NHk7scrb_9I,"Good climax. But,  Duniya ka mustaqbil ab Pakistan te karega. India nahi.Welcome to Islamabad Accord.",0,Negative
NHk7scrb_9I,"Faltu scene 1. Hamzaa flight tickets apni biwi ko ghar ke bahar deta hai😂2. While fighting with arjun rampal wo dono niche girte hain uss scene me clear dikh raha hai hamzza iron rods ke upar gira hai fir bhi usse kuchh nahin hota jabki pet faad Jana chahie tha. 3. Aur last ke seen mein jab vah Apne Ghar mein jata hai, tab vahan ghar ke gate ke pass uski mummy uske bhanje aur uske syster chhat ke upar hoti hai fir bhi usse Koi nahin dekhta aur sab ussi time ghar ke andar chale jaate Hain, aur apna Hero unse Bina mile vahan se Laut jata hai😂 kya writing hai",0,Negative
NHk7scrb_9I,1 0:15 konsa song ka bgm hai ye,0,Neutral
NHk7scrb_9I,100 million pahuchao dono trailer ko d1 & d2,1,Neutral
NHk7scrb_9I,Kitni baar dekho maan nhin bharta!! 🤌🏻,1,Positive
NHk7scrb_9I,Bai roj dekhta hooo movie or roj teaser trailr jb bi mn khraab ho. Koi or actor movie dekhte hi jehr lgti hai. Pta ni onda kyaa hai yaar,2,Negative
NHk7scrb_9I,"Sahi kaha tha Jasmine ne ""You are still not ready for this"" sala movie dekhne k bad to ye Trailer or jyada accha lgta h ❤",0,Positive
NHk7scrb_9I,"Loved the movie but movie ke end me jo bola ki ""Balidaan hi dharam hai aur desh ke liye balidan sabse bada dharam hai""   I don't agree with that.  I think Balidan kabhi dharam nahi ho sakta, aur Dharam ke liye balidaan se bada koi dharam nah.  bas yahi sach hai. Dharam se upar kuch nahi. Om Namah Shivaay 🙏🙏",2,Positive
NHk7scrb_9I,Kon kon movie dekhne ke baad bhi dekhra h,2,Neutral
NHk7scrb_9I,Bakwas movie 👎👎👎👎👎👎👎👎👎👎👎👎👎👎👎👎👎👎👎👎👎👎👎👎👎👎👎👎👎👎👎👎👎👎👎👎👎👎👎👎👎👎👎👎👎,1,Negative
NHk7scrb_9I,Bhai mai to movie dekhne ke baad bhi trailer dekh raha hu 😅Matlab samajh rahe ho movie ki awasome hai,4,Positive
NHk7scrb_9I,Movie dekhne ke baad bhi trailer dekh raha hu,1,Positive
NHk7scrb_9I,"Movie dekhne ke baad firse trailer dekhne aaya, abb jyada maza aya 🔥🔥🔥🔥",3,Positive
5XVoRGhrhZk,Kaha leke Jaa rhe ho mujhe din mein hi was most dark 🌑😂,0,Negative
5XVoRGhrhZk,Family vlogers apne life ke hr chez dekathy aur sunty hi but kuch specific moments ko chor k oska  moqa mile na oo bhy share krdengy  .... 😂,0,Negative
5XVoRGhrhZk,Paani ki bottle 🤣🤣,0,Neutral
5XVoRGhrhZk,Kya piyush sach me fail hua thha ??,1,Neutral
5XVoRGhrhZk,ambani mere lood pe,0,Negative
5XVoRGhrhZk,6:37 maina aapko gao bhej dunga.😂😂😂,0,Positive
5XVoRGhrhZk,Ise Zindagi Ka liya 😂,1,Positive
5XVoRGhrhZk,Can't believe 2 sala ho gye,1,Neutral
5XVoRGhrhZk,Ye video meine kharid le hai dosto,1,Neutral
5XVoRGhrhZk,Guruji ma chod di sabaki 😂😂😂,0,Negative
5XVoRGhrhZk,5:10 din me hi 💀,1,Negative
5XVoRGhrhZk,Jb khudka kuch content na mile tab dusro ki copy krna pdta hai 😂,1,Negative
5XVoRGhrhZk,Piyush badiya hai 😂😂,0,Positive
5XVoRGhrhZk,0.33 par carry bhai ne khud ki hi video dekh li coffee with jalan 😊,0,Neutral
5XVoRGhrhZk,Carry minati bhaiya Apne hath se aapka video dekhna start kyon❤❤❤❤❤,0,Positive
5XVoRGhrhZk,Kyon kyon naya vedio se disappointe hokar yaha aaya hai thoda hasne😅😅,8,Negative
5XVoRGhrhZk,Coffee with jalan ko bhulane ke liye aya hoon,1,Positive
5XVoRGhrhZk,Sab log yahi aa gye 😂😂😂,3,Positive
5XVoRGhrhZk,7:28 par piyush muthhi laga raha tha 😅😅,1,Neutral
5XVoRGhrhZk,Piyush ko bhi rost kro,2,Neutral
5XVoRGhrhZk,"Yaar ye banda to alag hi level ka hai,😂😂😂😂😂",1,Positive
5XVoRGhrhZk,Aaj v dekh raha hu aapka video 😂 08/01/2026,0,Positive
5XVoRGhrhZk,2026 me kon kon dekh raha hai😂,1,Neutral
5XVoRGhrhZk,2026 mai kon kon dekhta hai 😂😂,12,Neutral
5XVoRGhrhZk,Mza aaya bhi,0,Positive
5XVoRGhrhZk,CarryMinati bhai tumne acting bhut achi ki,0,Positive
5XVoRGhrhZk,ai hai bhai 😂😂,0,Negative
5XVoRGhrhZk,Naya video ni arha vai 🤯🤯Vote for new video,0,Neutral
5XVoRGhrhZk,Udta beast❤,0,Positive
5XVoRGhrhZk,Flying kutta Bana diya 😂😂,1,Negative
5XVoRGhrhZk,10:40 bin plane ka pilot 😂,14,Negative
5XVoRGhrhZk,Video dekhkar maja a Gaya Sourabh bhai bhi dekhiae unko bhi maja a jaega,1,Positive
edx_qdEBAf0,Mene bnaye aunty ji. Bahot hi tasty bne. Thanku so much. Ese hi ap new and delicious recipes upload krte rhiye.,0,Positive
edx_qdEBAf0,Kapde pr paani lagayege or oil me bada dalty waqt oil udhega Nahi na,0,Neutral
edx_qdEBAf0,Mam dahi skip kar sakte he kya?,0,Neutral
edx_qdEBAf0,Vada bht acha bnta h but suji absorbed so much oil,0,Positive
edx_qdEBAf0,Hi nisha ji maine wade banaye same apki recipe se par who hard ho gaye can u plz tell me were is d mistake,0,Neutral
edx_qdEBAf0,Mam maine ise banay the but y hard bane isa ku,0,Neutral
edx_qdEBAf0,"Aapka wala batter bahut badia bana hai. Mene jo vade babaye vo hard ban gaye, pls guude kare Mam🙏",0,Positive
edx_qdEBAf0,Kya machine se bhi bana sakte hai.,0,Neutral
edx_qdEBAf0,Suzi vda bhi sambhar ke saath serve kr skte h kya pls reply,0,Neutral
edx_qdEBAf0,Agar suji meh garam pani meh bigoyen ge tho suji achha pulegi 10 minutes ke badh baki samagri dal kar banayenge tho soft rahega,0,Neutral
edx_qdEBAf0,Waha mam V. Yummy,0,Positive
edx_qdEBAf0,Verry worst recipie  this soji vada i tried to tell this word. After frying to get soji vadai is eaten like a stone,0,Negative
edx_qdEBAf0,Thanks di aapne bahut badiya banaya hai,0,Positive
edx_qdEBAf0,"Itni achhi se bataneke lie,apko bahut dannobad",0,Positive
edx_qdEBAf0,Waw mam pless chatni banani bhi btao nariyal ki mam plesss thx,0,Positive
edx_qdEBAf0,Nisha ji maine suji ke barre banayen.bahut hi swadisht aur kurkure bane.yadi baking soda nahi den to kaisa rahega kyonki mujhe aisa laga ki soda ke chalte thora jyada oily ho gaya tha. Kripya apna sujhaw den.,0,Positive
edx_qdEBAf0,Hello mam aj aftari me ise try kiya tha lekin ye uper se kurkura tha lekin andar se baht fula hua naram tha maine medium anch pe hi banaya tha kisi ko bhi pasand nai aya,0,Negative
edx_qdEBAf0,"Nice vada ,Nisha G mei plastic sheet piece pr b rkh ki bnati hn mash ki dal k",0,Positive
edx_qdEBAf0,Curd ko skip nhi kar skte??,0,Neutral
edx_qdEBAf0,Sach mein lajawab hai,0,Positive
edx_qdEBAf0,wow bahut vadiya mam thanx ji or vi banate rahe,0,Positive
edx_qdEBAf0,"Maam, maine bhi ye ghar mein banaya hai, ghar Valo ko bahut a66a laga, thnku maam, aap ki wajeh se meri cooking skills pehle se improve hui hai, thnku verrryyyyyyy muchhh",2,Positive
edx_qdEBAf0,Baking soda mtlb meetha soda?,0,Neutral
edx_qdEBAf0,Kya sooji ko dry roast karna hai ya aise hi use karen,0,Neutral
edx_qdEBAf0,Mam agar hum baarik suji se vade banayenge to taste mai koi badal nahi hoga na ? And barik suji ko bhi 10min ke liye hi rest dena hoga ya usse kum ?,0,Neutral
edx_qdEBAf0,Love u mam I try this its yum aap koi recipie bataye or vo achi naa bne aisa nhi ho sakta love this recipie 😘😘😘😘😘😘😘😘😘😘😘😘😘😘😘😘😘😘😘😘😘😘,1,Positive
edx_qdEBAf0,Mam i love u aap ki sari recipes bahut aachi h. Mene sab recipes banati hu thanks  mam. Aap hamari ma ki tara ho,0,Positive
edx_qdEBAf0,Maie bhi banake dekh bahut achhya hua tha.. Gharwale ko ko bahut pasant aaya..😊,1,Positive
edx_qdEBAf0,Narial ki chatni ka link sear kre,0,Neutral
edx_qdEBAf0,Wow yummy..... nisha ji recipes k baare m to apka koi jawaab nahi,0,Positive
edx_qdEBAf0,Nice mam aap kitna accha bolti h or kitne Acche se btati h ki koi bhi bna le thanks,0,Positive
edx_qdEBAf0,Mam apki  har recipe bht achi hoti hai...thnks for this video.,0,Positive
edx_qdEBAf0,Aapki har recipe sar aankhon per mam i like it sooooooooo much or aapka btane ka tarika bhut sunder,0,Positive
edx_qdEBAf0,Aunty plz pineapple halwa banane ki recipe share karyena,0,Neutral
edx_qdEBAf0,Kya ise sambhar ke sath bi khaya ja skta h,0,Neutral
edx_qdEBAf0,Please  kuch bataye kya karna padega,0,Neutral
edx_qdEBAf0,Mam ye batter thoda gada banayenge to nhi chalega,0,Neutral
edx_qdEBAf0,Gm madam ji suji ka vada aacha nai bana..... Samaj mein nai aaya,0,Negative
edx_qdEBAf0,nice receipe mam.. me first time bnaungi mother in law k liye..thnk u for sharing this recipe mam.,0,Positive
edx_qdEBAf0,mam mene ye recipe try kri bohot hi ache vade bne h thankew mam for this recipe😋,0,Positive
edx_qdEBAf0,Mam apki...sari recepies bht hi acchi or tasty hoti hain...😊😊,0,Positive
edx_qdEBAf0,Mujhe aapki recipe bahut achi lagti h ma'am,0,Positive
edx_qdEBAf0,Hum Ne Bana Ke Dekhe bahut tasty Banai thanks,0,Positive
edx_qdEBAf0,suji matlab kiahi,0,Neutral
edx_qdEBAf0,Very nice video yar i love bare 👌,4,Positive
edx_qdEBAf0,"Thank nisha ji,  fir ek bar my try Karti hu",0,Positive
edx_qdEBAf0,Superb Ma'm! Har receipe aap jis tarha se batate ho use dekh kar bahot easy lagne lagta hai. THANK YOU.,0,Positive
edx_qdEBAf0,nice.... is ki chatni bhi btaiye,0,Positive
edx_qdEBAf0,mam ye konsi suji use kare ap plzzzz batado,0,Neutral
g0CWxEuN2VI,Kon kon deka hai 29999😂😂😂😂,1,Neutral
g0CWxEuN2VI,Attendance wale bhaiya kaha pe haai aaj😂😂,2,Negative
g0CWxEuN2VI,Bhuvan bhai koi new vide lao bahut deen ho gye,0,Neutral
g0CWxEuN2VI,Only video without gaali,1,Positive
g0CWxEuN2VI,"Bil to 16,200 ka bangya",1,Neutral
g0CWxEuN2VI,100 baar dekhne ke baad maine dhyan diya ki bill to yaar H&M ka hain.. Sahi khel gya bc...,1,Negative
g0CWxEuN2VI,bhai hisam mein to 15400 nikal rahe hai,3,Neutral
g0CWxEuN2VI,Jeans =1100Shirt =2000Shoes =3500Underwear=800Hair cut=700Parking=100Saree=8000Total 16200Bhai ne shuruwat mein bola tha 15000 aur ho gye 16200 Daya kuch to gadbad hai😮,3,Neutral
g0CWxEuN2VI,8000 ki saari ranveer singh seje shaukh chade hai isko 😂😂😂,1,Negative
g0CWxEuN2VI,Fun fact : mein 2024 mein dekh raha hoo woh bhi 600 ki pant 200 ko vest pehen kar 😢😂,2,Neutral
g0CWxEuN2VI,Underground matlab Patal Lok,0,Neutral
g0CWxEuN2VI,Kya matlab purana video dekh k kaam chala rha hai,3630,Neutral
g0CWxEuN2VI,Iska baap patauti khandaan se or tera baap katauti khandaan se❤😂😅,0,Negative
g0CWxEuN2VI,Lagdhi kutiya ki tarah chalti hu😂,0,Negative
g0CWxEuN2VI,Total kharcha to 16200 ka baitha hai lekin sirf 15000 bataye hai😂😂😂😂❤❤,0,Negative
g0CWxEuN2VI,Bhai purane video se time pass kr rahe hain. Jldi nye laao na❤️,0,Positive
g0CWxEuN2VI,Zara se shopping 🛒 but bill toh h.m ka hai,0,Neutral
g0CWxEuN2VI,Itne me 400 500 rumal ajate 😂,0,Negative
g0CWxEuN2VI,Mera 5th Time hai,1,Neutral
g0CWxEuN2VI,Patal mein kri thi ky parking= underground parking🤣,0,Negative
g0CWxEuN2VI,4:05 itna mai 400 - 500 rumal aajata,1,Neutral
g0CWxEuN2VI,BB Bhai late m shayri m galti kar di mote nhi beti ke bache dhevte lgte h,0,Neutral
g0CWxEuN2VI,3:14 aare kya 3-4 mushtande kiraye pr liye the scooty ki dekhbhaal krne ke liye?? The best,78,Neutral
g0CWxEuN2VI,Bhai log h and m  ke bill h but zara se shopping ki Bhai ne,1,Neutral
g0CWxEuN2VI,Naya ana to band hogya purana dekh k kaam chala lete hai,0,Negative
g0CWxEuN2VI,Zara bolke HnM ki receipt dikha raha hai,0,Neutral
g0CWxEuN2VI,Thappad Kha lega :- favourite line,1,Positive
g0CWxEuN2VI,Vaiya this was an epic era....🥺firse eisa continuous vdo do pls apke yeh vdos bohot bar dekh chuka hu 🙂 firbi achha lagta hain please vaiya please firse eise vdos banao,0,Positive
g0CWxEuN2VI,2:52 mai mami ji ki dari nazar aa rahi hai🤣,0,Negative
g0CWxEuN2VI,Aur log kehte Hain BB Bina gali diye hasa nehi sakta. Dude bb is way above❤️,0,Positive
g0CWxEuN2VI,Mujhe toh abhi taak samajh nahi ata ki kapdo ke brand se jutee khareede kaise,0,Negative
g0CWxEuN2VI,Is bar mummy khel gyi bancho😅😅,1,Negative
g0CWxEuN2VI,"No matter how cool your dad is, ant mein unka dar barkarar rehta hai😂",0,Neutral
g0CWxEuN2VI,Yahi channel h hamare entertainment ka zariya 🙂,1,Positive
g0CWxEuN2VI,Itne mein toh tesh chalish Rummal aajate 😂😂😂😂,0,Negative
g0CWxEuN2VI,"0:47 bb ko sunte sunte halat itni kharab hogyi , konse card ko konse gand sunai de rha",19,Negative
g0CWxEuN2VI,Hme to ek beti chiye thiWo kami tune puri kr di 😂🥰,0,Positive
g0CWxEuN2VI,Kab ayega dindora laure,0,Negative
g0CWxEuN2VI,"Aap earphones lga k bhi bb k episodes parents k saamne nhi dekh skte ,hme hste hue dekh k wo bhi bolte h hme dikhao😂😂😪",0,Positive
g0CWxEuN2VI,Kis kis ko is video ka purana title yad hai?😂,0,Neutral
g0CWxEuN2VI,8000 ki saadi Ranveer singh ki jaisa ???? Hahaha,0,Negative
g0CWxEuN2VI,"2:53 aree, aunty ko dadhi bhi aa gyi?",0,Negative
RXeLbs_ogDU,Rohit k baap ne 😂,0,Negative
RXeLbs_ogDU,New video kab ayega?,0,Neutral
RXeLbs_ogDU,Hadd hogayi bancho banchos phone,0,Negative
RXeLbs_ogDU,bhuvan ke purane video hi best hai bhai iske saamne koi taza khabar or dhindora nahi😇,0,Positive
RXeLbs_ogDU,1:19 Weight Gainer hota hai mass bunk 😂,2,Negative
RXeLbs_ogDU,Bhuvan bhai hum aap ka bohot bada   fan hai lekin mera naam neel hai ❤❤,1,Positive
RXeLbs_ogDU,kon kon dekh raha hai 2024 me bhi,0,Neutral
RXeLbs_ogDU,Bancho sahi khel Gaya They literally discussed about the spelling 'Q-U-E-U-E' aur uska zikr b nahi ho paya 😂,3,Negative
RXeLbs_ogDU,School ke din yaad aa gaye😂😂,1,Positive
RXeLbs_ogDU,Anpado ye seo or reach ke liye change kr rahe Hai,0,Negative
RXeLbs_ogDU,love you bhai🥰,0,Positive
RXeLbs_ogDU,Fir a gya me,2,Neutral
RXeLbs_ogDU,Just wait 1:23 u said asahiyog aandolan which is the non-cooperation movement held in 1921 but in subtitles u mentioned it as disobedience movement which is completely different 🙄(just mentioning don't take serious),0,Neutral
RXeLbs_ogDU,Love you bhai yaar 🤣🤣🤣🤣🙏,0,Positive
RXeLbs_ogDU,Jai shree ram 🥰💞💞💞💞💞💞,1,Positive
RXeLbs_ogDU,mene kon sa message kiya...lol,1,Positive
RXeLbs_ogDU,Bahi meri ma ka nam gai harami agli bar kiya to alg denge,0,Negative
RXeLbs_ogDU,Abhi hamare hi 7th batch ke kisi class ne saath mai bunk kiya tha aur Puri class ko head ke samne class teacher ne gaali di hai! Itni tez bak rahi thi ki hame 2nd floor tak sunai di 😂😂,0,Neutral
RXeLbs_ogDU,Best I love you Bhai😇❤,0,Positive
RXeLbs_ogDU,Bhuvan bhaiya are you going to introduce sameers dadaji and kavita mami in future,3,Neutral
uQoDmiMoXHg,Lakshy to phoch hi jave sab jagah😂😂😂😅,1,Negative
uQoDmiMoXHg,9:56 pe 2 daru ki botle kis kis n deki😂😂😂,0,Negative
uQoDmiMoXHg,Archit issi liye kutte ko la ja rhe tha kiss karne,0,Negative
uQoDmiMoXHg,Bro log khana khata hua aap ka vlog dakhta ha is lia toilet na dakhaya karo,0,Neutral
uQoDmiMoXHg,Bhai bhindi se gass hoti h,0,Neutral
uQoDmiMoXHg,bhai tum log ko dog ke saath aise nhi karna chahiye tha 😶😶😶😶,1,Negative
uQoDmiMoXHg,SSP navneet sikhera ji hmare yha ke hi hai 😎😎,0,Positive
uQoDmiMoXHg,Archit bhai ka boyfriend hai  esliye eski  koye girlfriend nhi hai,0,Neutral
uQoDmiMoXHg,are jack daniels bhai aap yanha,0,Neutral
uQoDmiMoXHg,9:46 Sharabi gang hh bhai elvish puri,2,Negative
uQoDmiMoXHg,Location ky h yaa,0,Neutral
uQoDmiMoXHg,Bhai aapke mom dad dehkte h aapka vlog,0,Neutral
uQoDmiMoXHg,9:55 Piche Bottle dikh gayi 🕵️🍾,1,Neutral
uQoDmiMoXHg,Jay shree ram bhai 🚩🚩,5,Positive
uQoDmiMoXHg,Elvish bhai ek genuine question hai jab raja ko shraap tha ki 7 pidhi tak santan nahi hogi toh satvi pidhi tak baat phochegi kaise 😂,0,Neutral
uQoDmiMoXHg,Bhai 9.55 pe daru rakhi hai piche😂😂,1,Negative
uQoDmiMoXHg,Bhaii hamara hotel h bawal ke pass me jab aao tab batana pakka raste me wha ruk ke jana kab aaoge bhaii ye batao jldi,0,Neutral
uQoDmiMoXHg,Gadi ko dent laga dia yar!!,0,Neutral
uQoDmiMoXHg,9:55 Phichee toh dekhoo Aunty Ji ko v dikhana padega 🤣😉,0,Positive
uQoDmiMoXHg,Padmavat ki shouting chittorgarh me huai he,0,Neutral
uQoDmiMoXHg,Hello bhai aap bikaner k fort me bhi aana bhu achha h😍😍🥰🥰😘😘,0,Positive
uQoDmiMoXHg,9:55 pa daru dekh rahi hai bhai 😂 tare papa na dekh liya to bhot maraa gaa 😂😂,0,Negative
uQoDmiMoXHg,Elvis bhaiya bhaukaal season 2 aa gayaNavneet shikera g kaJay hindElvis bhaiya ek baar rewari ke rampura mahal me bhi ghuma digiye 🙏🙏🙏🙏,0,Positive
uQoDmiMoXHg,Bhaukal hai bhi to hmare muzffarnagar ki khatrnak kyu na hogi bhai,0,Neutral
uQoDmiMoXHg,Elvish bhai apki video dekh ke mja aaa jata. Ha mere comment pe like kr do elvish bhai and reply,0,Positive
uQoDmiMoXHg,Sari wine ki bootle dekh raha 😂😂,0,Negative
uQoDmiMoXHg,Bhai ap na archit bhai se ache se behave kia kro pĺs i don't like ap har bat me archit bhai ko kyu zhasitte ho pls,0,Negative
uQoDmiMoXHg,But jay shree ram🙏,0,Positive
uQoDmiMoXHg,Bhai kota aaoo na🙏🙏❤,0,Neutral
uQoDmiMoXHg,@10:10 prr daaru ki bottle dekho 😂😂,0,Negative
uQoDmiMoXHg,Lakshay ko sath mat rkha kr bhaii,1,Neutral
uQoDmiMoXHg,Bhai big fan yarr sachi mai aap ki jo language or jo smile haye ❤️ bhai best YouTuber yall bro love u yall jai hind 🚩🚩 jay Shri ram 🚩🚩,1,Positive
uQoDmiMoXHg,Bhai ek bat bolu room ma daru kasa aa gai 😄,1,Neutral
uQoDmiMoXHg,Padmavat ki shooting chittorgarh me hui thi,0,Neutral
uQoDmiMoXHg,Kosli meetup rakhiyo bhai  love from kosli rewari,0,Positive
uQoDmiMoXHg,Jaipur me konsi jagah h bhai,0,Neutral
uQoDmiMoXHg,Elives bhai alwar aaoge na,0,Neutral
uQoDmiMoXHg,Bhai tere bed ke paas sarab ki botal rakhi hai 😂,0,Negative
uQoDmiMoXHg,Bhai daaru ka bottel dikh rha hai🤣😂,0,Negative
uQoDmiMoXHg,Bhaii. Daaru ki bottle to hata dete 😁,0,Negative
uQoDmiMoXHg,Bhai ajju ko akela kyu Chod dete Ho bhai,0,Neutral
uQoDmiMoXHg,bhaiya daru kibolte to picpa lete🤣🤣🤣🤣🤣🤣,0,Negative
uQoDmiMoXHg,Bhai ek baar kataria ke ghar toh aajao,0,Neutral
uQoDmiMoXHg,Bhai Aap Ko bhut Supporte krte h plz bhai Aap history ke saath Majak mt kijiye,0,Positive
uQoDmiMoXHg,Amer fort hai bhi yha pa mai pura ghym,0,Neutral
uQoDmiMoXHg,Bhai bhindi ke itne shokeen kyo ho ☺️☺️☺️,1,Positive
uQoDmiMoXHg,PAR JO BOL UNCLE JI KO THUM LOG NE BAHUT PAREHSAN KIYA...........UNCLE JI BE LIKE KAISE KAISE LOG AA JATE HAI 😂😂😂😂,0,Negative
uQoDmiMoXHg,Bhai meet up wali video kab daloge,0,Neutral
uQoDmiMoXHg,9:55 ko delete kardo,0,Negative
uQoDmiMoXHg,9:58 daaru spoted 😂❤️,4,Negative
uQoDmiMoXHg,swad aa gaya bhai Elvish tumhra feature bright ha moj kar di,1,Positive
uQoDmiMoXHg,Mai jaipur me hi hu,0,Neutral
uQoDmiMoXHg,Mazzza aaya bhai 😂😂😂😂,0,Positive
uQoDmiMoXHg,Tu  vlog kam bakchhodi jyada krta h,0,Negative
uQoDmiMoXHg,Aare elviah bhai kaafi nuksaan ho gaya isko theek krvane mai to nai gaadi aa jaigee😂😂,0,Negative
uQoDmiMoXHg,Tum Daru Pite Ho,0,Neutral
uQoDmiMoXHg,Kutto se yaad ayi apna mark ni dikha kbse🙄 kriti didi ne kha rkh dia use,0,Neutral
8z_YVi-NycI,Bhai apke papa kha h,0,Neutral
8z_YVi-NycI,1:56 varanya nahi tum ghar hila rahe ho abhi to 😂😂,0,Negative
8z_YVi-NycI,Love you bhai ❤,0,Positive
8z_YVi-NycI,Bhaiya please ek help kr do please 🙏🙏🙏🙏🙏🙏🙏🙏🙏🙏🙏🙏🙏,0,Neutral
8z_YVi-NycI,Fish 🐟 0:30 farak rhi hai shark ne pakad liya 😂,1,Neutral
8z_YVi-NycI,Bhai app ka bolero song me face kyu blurr hai ❤❤❤❤❤❤❤😢😢😢😢😢😢😢😢😢😢😢😢😢😢,0,Neutral
8z_YVi-NycI,Elvish ka father ajkal vlog mei kyu nahi aatei?,0,Neutral
8z_YVi-NycI,SSC CGL ka form dala tha bhaiya ne last time kya hua 😂😂😂😂😂,0,Neutral
8z_YVi-NycI,Elvish bhai se har bacha der jata h 😂😂😂,1,Neutral
8z_YVi-NycI,Girl friend ne bataya hai,1,Neutral
8z_YVi-NycI,Chutiya sa hai ye to bkl,0,Negative
8z_YVi-NycI,Love you bhai ❤❤❤,1,Positive
8z_YVi-NycI,Bhai please limit me raho 13:50 apne maze kar rahe ho balak ke sath aur koi bhi hadsa ho sakta hai by chance agar slip kar jao toe? Please don't do that kind of things with kids,11,Negative
8z_YVi-NycI,Bache ko bde ho jane ke bd ptaa chlega ki Mama toh bht bda harmi admi h 😅❤,2,Negative
8z_YVi-NycI,Bhai ya kya laughter chefs scripted show Hai kyuki mane Jo appne magic Wali video dali this 11 days phle Wali video main jannat ke hand main script dekhi thi,0,Neutral
8z_YVi-NycI,Sala faltu shehbaz KO support nehi kia.uski behen shehnaz tujhe support Kia jab sab ne tujhe jutti SE pit dia snake wala .sala ehsan faromosh.kitna poysa Lia mridul SE.chutia Jesa muk tera.shehbaz 🏆 winner,0,Negative
8z_YVi-NycI,7:22 system pe moot diya 🤣🤣,5,Negative
8z_YVi-NycI,Jo board fail ki dhamki de vo khud fail hojayega 😂,0,Negative
8z_YVi-NycI,Elvish bhai tum patle ho gaya ho yr😢,0,Negative
8z_YVi-NycI,"elvish ki galti nhi hai....haryana mae mamu bhot pareshaan kerte hein, kansh type😂",18,Positive
8z_YVi-NycI,Aaj aaya h phela wala vlog bhai,0,Neutral
8z_YVi-NycI,Elvish bhai apne podcast me nia Sharma ko bhi bulana,0,Neutral
8z_YVi-NycI,Var ya ko Sirf English kyu sikha rahe hai? This is the problem in India now .  They think English sleaking by kid is cool but enflish ke sath Hindi haryanvi Jo bhi mother tongue ho issi samay sikhana chahiye.  They can learn two even three language easily at this age,0,Negative
8z_YVi-NycI,Bhai Anup bhai ne new tractor le liya ha,2,Neutral
8z_YVi-NycI,Ye jo ap bachi k sath kr rhy ho sahi nhi is sy bachi ko childhood trauma ho skta ha,0,Negative
8z_YVi-NycI,Mamu ko dekhkr chote se he darti hai varanya.clean shave karo tum beta.woh dar jaati hai😂anvay bahot sweet hai mamu ke saath.varanya ke liye gift lekar aaya karo tabhi woh manegi😊😊kyu varanya ko dara rahe ho😂..gande mamu😂lovely family❤❤❤❤enjoy😊😊🎉🎉,29,Negative
8z_YVi-NycI,Ye phla balak hai jisne mama ke pass jane se mana kiya hai😂,0,Positive
8z_YVi-NycI,Yeh grey sweatshirt m ldki elvish ki hone waali wife h kya??,0,Neutral
8z_YVi-NycI,2:48  believe me guyzz elvish chuku se b chotta h 😂,141,Negative
8z_YVi-NycI,Waaah Rao mastt chuuku❤❤❤❤😂,5,Positive
8z_YVi-NycI,So cute baby 🤩 apni biwi ko bhi aise Hi dalenge elvish ji ❤,0,Positive
8z_YVi-NycI,Elvish bhai always top ❤,0,Positive
8z_YVi-NycI,Aaj mja aayaa😂😂😂😂😂Family 🧿❤,14,Positive
8z_YVi-NycI,Bhai tujhme tbi case hote hai bache ko utha raha hai... Mazak mazak mai kbi hath se fisal gya n.. Lene k dene PD jayege,1,Negative
8z_YVi-NycI,Anvay ne kya kardiya systum pe 😂 Ye sirf wahi kar sakta he baki koi me himmat nahi he ye karne ki 😂,0,Positive
8z_YVi-NycI,Vaaaaaiiisaaabbb kyaaa vlog thaa yehhh....ohhhhhhooo vaaaiiii petttt faat gya haas haaske🤣🤣🤣🤣🤣🤣🤣🤣🤣🤣🤣🤩🤩🤩🤩🤩🤩🤩🤩🤣🤣🤣🤣🤣😝😝😝😝😝,1,Positive
8z_YVi-NycI,Ye bacca Elvish ka kiya lagta hai,0,Neutral
8z_YVi-NycI,7:52 ye  asli reality hai  har hospital m   govt  ya Private   dono  mai😡,1,Negative
8z_YVi-NycI,Elvish in his baddie era for chukku 😭😂😂  Chukku ka dar khtm ni hota aur Anvay darta nii 😂 too much fun,70,Positive
8z_YVi-NycI,Bhai bhai thoda acha feel hua Aaj to #happyelvisharmy ❤,3,Positive
8YP81X1Jur4,Deshdrohi ka record koi ni tod skta kya kaam kiya tha apne dhurrendhar uske samne kuchh b ni h,0,Negative
8YP81X1Jur4,"Saale, srk aur ranbir ka chatukar....",0,Negative
8YP81X1Jur4,"Iski bhi jali hai 🔥🔥,bss jata nhi rha",0,Negative
8YP81X1Jur4,Muhammad bhi aisa hi tha😂,0,Neutral
8YP81X1Jur4,Tu bhi khush nahi hai re double dholki 😂😂😂😂😂😂,0,Negative
8YP81X1Jur4,krk bolywood wale dhurender pe nahi bole rahe hai us per bhi news banaye ....please krk ko der kyo hai  news banane mei krk ko ab hero thodi babnna hai so pls news banaye,0,Neutral
8YP81X1Jur4,Jhooth bol raha hai amir,0,Negative
8YP81X1Jur4,Yaar tum bhi bik gye ho Baut dukh hua Ek hor andh bhakt paida ho gyaShame,0,Negative
8YP81X1Jur4,"Kya baat hai , krk dimag ho to aap jaisa kamaal ke ho aap.",1,Positive
8YP81X1Jur4,"KRK sir aap padhte ya research nahi karte kya , note bandi ke baad kitni fake currency pakdi gayi hai thoda bolne se pehle soch liya karo gov. data hai pura year wise fake currency ka.",0,Negative
8YP81X1Jur4,"In D company walo se kisi ko farak nahi padta hai , log boycott kar chuke hai in lukkho ko fake collections dikhate hai , hyper banane ke liye bus , khud hat jayenge thode time me yeh.dhurandar fictional or propaganda hogayi toh Haidar/shikara jaise movies kya hai extreme propaganda 😂.dhurandar is a fictional movie with timeline based and inspired from reality.",0,Negative
8YP81X1Jur4,14:19 bhai bass kar,0,Negative
8YP81X1Jur4,Abbey Teri itni jal kyun rahi hai dhurandhar se?,1,Negative
8YP81X1Jur4,Gaali upshabh upshabh gaali gaali gaali... kyu h kya h aap sab samjhdar ho,0,Negative
8YP81X1Jur4,15:05 jhute 😂,0,Negative
8YP81X1Jur4,Main nhi maanta ranbir kapoor sabse bada superstar 😂😂😂😂😂 carractor wise dekhe tohh ranvir singh hai ❤❤❤❤❤,0,Positive
8YP81X1Jur4,"This was nabil gabol not jamil jamali... Nabil gabol says jamils character is inspired by him. Fake news, reviews, analysis, movies.. kuch asal or sachi baat bhi karo yaar. Jahil KRK",0,Negative
8YP81X1Jur4,Propaganda hi v to pakistan k khilaaf..to is desh k pakistan premi ko burra to lgega..aur jydda bollywood wala pakistan premi hin,0,Neutral
8YP81X1Jur4,Netherlands say kash hmara desh bhi kuch sikhta corruption mai mauj karhe h sab aur janta ko propaganda movie mai interest h bas,0,Negative
8YP81X1Jur4,epstein files  ke upper movie kyu nahi banate,0,Neutral
8YP81X1Jur4,Bhai tere baton se tere vichar pata chalta hain aur tere vichar batatein hain k tu kitna bada gawar aur jahil insaan hain,0,Negative
8YP81X1Jur4,Muslim logo koi bhi poll kholo toh sabhi log ek satg sath propaganda  propaganda karega,0,Negative
8YP81X1Jur4,KRK accept now Ranbir tere jala diya accept kara he wins,0,Negative
8YP81X1Jur4,Krk ap me b dimag nahi hai. Ye videos ap sirf entertainment purpose ke liye banate ho. First page pe disclaimer diya hai for entertainment purpose only,0,Negative
8YP81X1Jur4,Shilpa shetty ke dress ke neeche krk ka wig lag raha hai 😂,0,Negative
8YP81X1Jur4,Krk ne ranbir ki mithai khai hai 😂,0,Negative
8YP81X1Jur4,Ekbar tune b kaha tha Dhurandhar ko propaganda movie. Aur Yashraj movies me jo Indian spy ko rogue dikhate hain aur isi ko accha wo propaganda nahi hai? Tum jese log logo ko dhokha de rhe ho,0,Negative
8YP81X1Jur4,Dhurandhar 2 ne rail bana di h bollywood ke so called damads ki...,0,Positive
8YP81X1Jur4,Tiles kab changed karega lukkhe😂,0,Negative
8YP81X1Jur4,Dhurandhar 2 chal gyi aur 2 rs Jihadi lukha KRK ne puri koshish Kari thi picture ke baare main khrab bolkar,0,Negative
8YP81X1Jur4,02:18 *mai aamir ke bat se sahemat ho q ke ye film main b nahi dekhi sirf tareef hi sun ro q ke main b nahi dekah*,5,Neutral
8YP81X1Jur4,Tu to bolta tha dhurandhar nhi chalege ab to chal gyi aur tere jal gyi lukhe,0,Negative
8YP81X1Jur4,Aditya dhar ek baccha hai abhi woh kuch bhi dikhayega to daikh lainge hum kya bewakoof hai jo 4 ghante dard kar lain,0,Negative
8YP81X1Jur4,Dhurandhar 2 ek bakwas movie hai business lai kai kya karen ek propaganda movie hai,0,Negative
8YP81X1Jur4,Same blazer mere pass bhi hai 😊,0,Neutral
8YP81X1Jur4,Ye lukka aur iske sare jamati including dawoodwood is in deep depression and I am extremely happy seeing this,26,Negative
8YP81X1Jur4,Ye kaha ka bathroom hai😅,0,Neutral
8YP81X1Jur4,Chand Mera Dil film Maine pichle hafte dekh li hai test screening mein.,0,Neutral
8YP81X1Jur4,Tujhko review ati hai lukhe,0,Negative
8YP81X1Jur4,PAKISTAN WAS CREATED AS 2 nation THEORY . IF THIS GUY WAS IN PAKISTAN HE CD NOT HAVE GIVEN HIS FREEDOM OF EXPRESSION,0,Negative
8YP81X1Jur4,Dhurandhar se is lukkhe ki bahut jali hai bas chupa rha hai 😂😂😂,0,Negative
8YP81X1Jur4,Akshay mithai ki yaad dila raha tha Shilpa Shetty ko,0,Neutral
8YP81X1Jur4,Rakesh bedi ne galat kaha chhua. Sharm aani chahiye kisi bujarg ko vese hi tharki bol rahe ho,0,Negative
8YP81X1Jur4,pehle 2× speed se dekho fir vapas normal speed karo 😂dekho kya hota he 😂😂,0,Positive
8YP81X1Jur4,Krk sir ji sab kuch bahut accha laga par last wala sabse jyada accha tha love you Sir ji respackt,1,Positive
8YP81X1Jur4,"Krk bhau London Kab jaoge ,aap abhi bhi India me ho as per Background Tiles",1,Neutral
8YP81X1Jur4,Chup beh Lukkhe .😂,0,Negative
8YP81X1Jur4,"Agar Rajnikant , Allu Arjun , SS Rajamouli sir jaise mahanayak agar movie ki tarif kar di toh fake bhaando se kya umeed karni movie ke tarif ki.😂😂😂😂",0,Positive
8YP81X1Jur4,Ranveer Singh > Ranbir Kapoor..Like thoko jo jo agree karta hai,0,Neutral
8YP81X1Jur4,"3:12 tere Kehne se Ghanta farak padta hai tere kehne se teri Biwi,Beti aur beta ko bhi ghanta farak padta hai😂Teri Biwi,Beti aur Bete ko bhi pata hai ki tu lukha aur Double dholki hai😂",0,Negative
8YP81X1Jur4,Hindu ko gali de jaygi kisi movie m or tb hindu kya krenge bycott krenge muslim ko gali dena mtlb picture chal gyi waah bhai chara nhi dikhana bs muslim ko galat dikhana movie ko hit Krna hai isliye ise propgenda keh rahe h kaash hindu ko bhi dikhaya jata ki galat dikhna kesa hai brainwash Krna kesa h jo yeh movies kri ri h jinko akal h woh sahi h jo kutte hai wahi dhurandar 2 ko best movie khte h,0,Negative
8YP81X1Jur4,Wo cycle pe chalenge to put jaenge,0,Neutral
8YP81X1Jur4,Ek point note karoJab se lukhha bhai jail se aaya hai bollywood woalo ko pahele jaisa bura bolne se dar raha Hai😂😂😂😂Lekin krk bhai tumhare show ki jaan yahi baat hai ke tum bollywood walo ko bahot bura bura bolte ho agar tumne pahele jaisa show me nahi bola to public ka intrest tumhare channale se khatm hosakta hai islye agar tumko apna channel chalana hai to pahele jsa hi bollywood walo ki chaddi utarte raho😂😂😂public ko bhi maza aata haiAor haa apni besuri awaaz me wahi swagat wala gana bhi gate raho usko bhi sunne ko bahot se log taras rahe hai😂😂😂😂😂😂😂Bollywood pol khol me aapka swagat hai ji aapka swagat hai😂😂😂😂😂,0,Negative
8YP81X1Jur4,Kamaal bhai aditya dhar ne propogenda banaya to hai lekin esne saare true events dikhaye fir pulwama kyo nhi dikhaya esilye nhi dikhaya kyo ki ye BJP sarkaar me hua tha mtlb saaf hai,0,Negative
8YP81X1Jur4,Abe lukhe Kitna jalan ho rhi hai isko dhurandar se😂😂😂,0,Negative
8YP81X1Jur4,100-150 rupees ki trophy 😂😂,32,Negative
8YP81X1Jur4,Dekho dekho  Aa gaya lukkha apni ghanti dabwane  aa gya,0,Negative
8YP81X1Jur4,Kuchh bhi bolo sar aapke hansne ki style Badi jordar lagti hai muje 😂😂😂,4,Positive
8YP81X1Jur4,Aap logo ek chiz notice Kiya hoga k mere lukkhe dost ki hasi bhii fake hain 😂😂,0,Negative
8YP81X1Jur4,18:28  Abe lodu Jawan aur pathan ki corporate booking huyi thi na ki dhurandhar ki ... Dhurandhar ka ticket mil nhi Raha tha starting week me.,1,Negative
8YP81X1Jur4,Bhai duggal sahab ko bhi ek aword de dete enko bhi bollywood me 10 saal ho gaye hai 😂😂😂,0,Negative
8YP81X1Jur4,Bachha hai tu mera aaja tujhe triple dholki banao 😂😅,0,Positive
8YP81X1Jur4,Jo actor nahi chal pa rahe unke paas ek hi raasta hai Proper Ganda film 😂😂😂,0,Negative
8YP81X1Jur4,aapka kehne ka matlab ye hi ki pakistan 500 ke duplicate  note 60000 crore ke india me distribute kar de aur baad me note bandi karni chahi thi,0,Negative
8YP81X1Jur4,Akki Shilpa se puchraha thaa Apke aam Acche lagrahe hai😅,5,Neutral
8YP81X1Jur4,Teri movie thi bhai deshdrohi vo movie nhi h tu khud h deshdrohi,0,Negative
8YP81X1Jur4,Pakistan ke khilaf koi bhi film banao... Bollywood walo ko problem ho jati hai..... Keya chakkar hai bhai...,0,Negative
8YP81X1Jur4,Sir aap India mai kaise arrest ho gaye aap toh uk Dubai or london mai rehte ho,0,Neutral
8YP81X1Jur4,Teri baton ka koi velu nahi,0,Negative
8YP81X1Jur4,Dilbura uncle aakhir mard ban gaya budhape me,0,Neutral
8YP81X1Jur4,Hakla sharukh maha flop hai 15 saal se flop chal Raha hai fake corporate booking karta hai 😂😂😂,0,Negative
8YP81X1Jur4,"ek time tha d gang ke paise se hindi movie banti the aur log d se darte the, aaj ye halat he ki ushi d ko aaj villian  movie me dikhate he, samay kisi ka ek jaisa nahi rehta",0,Negative
8YP81X1Jur4,Abe lukhhe I am Buddha ek production company hai koi film nahi hai. Apne aap ko no 1 film critic kehta hai,0,Negative
8YP81X1Jur4,Ek baat batao Pakistan ko galiyan padti h to aapko q dukh hota h,0,Neutral
8YP81X1Jur4,Tumhari koum ki yahi to khass baat h. Galat ko galat nhi bolteNot bandi galat kaise h ye bata pehle,0,Negative
8YP81X1Jur4,ab yeh paagal jee nahi paayega.,1,Negative
8YP81X1Jur4,Lukkhe ageya,2,Neutral
8YP81X1Jur4,Shilpa ko trophy isne zindagi main kiya kyaa hai khali 😂😂😂😂😂 .,1,Negative
8YP81X1Jur4,"Dawood se paise lekar movie karte hai, isiliye Dhurandhar ko propaganda to bolenge hi ye bollywood wale.",73,Negative
8YP81X1Jur4,Tumko jyada taklif haiBas bol nahi rahe ho,1,Negative
8YP81X1Jur4,Hame jameel se kya lena dena,1,Negative
8YP81X1Jur4,7:29 bhut harami h tu😂😂😂😂😂😂😂,0,Negative
8YP81X1Jur4,KAUN KAUN CHAHTA HAI KRK BHI PODCAST START KARE😢😢,1,Neutral
xvvZATxs30M,KUCHH JYADA HI TIME WEAST KAR KE ESCAPE KIYA BHAI,1,Negative
xvvZATxs30M,Bro video upload kab karoge,0,Neutral
xvvZATxs30M,Bahut bhadiya hai bhai,1,Positive
xvvZATxs30M,Ff kyo chhod diye😢😢,0,Negative
xvvZATxs30M,Bhai new vidio kab aayegi ff ki 😢😢,0,Neutral
xvvZATxs30M,Bhai sab accha hai par... I need Herobrine smp back,0,Positive
xvvZATxs30M,Ajju bhai ajj bhi apne name ke aage 94 lagate hai🥹💓,0,Neutral
xvvZATxs30M,Jo bhi mere sath turnament kheloge vo reply de,0,Neutral
xvvZATxs30M,Bhaiya free fire khelo please 🥺🥺🥺,0,Neutral
xvvZATxs30M,Bhai aap shorts kyon nahin dalte?,0,Neutral
xvvZATxs30M,Agar tum  aju bhai ke fan real fan  ho or free fire player ho to is uid me emote gift karo only legend  💀💀💀💀 12343723671☠️☠️☠️☠️,1,Neutral
xvvZATxs30M,Bhai ek bar Mlbb khelo,0,Neutral
xvvZATxs30M,Ajju bhai Minecraft Survival series start karo please,0,Neutral
xvvZATxs30M,Ajju bhai Minecraft Survival series start karo please,0,Neutral
xvvZATxs30M,Ajju bhai Minecraft Survival series start karo please,0,Neutral
xvvZATxs30M,Bhai ap uncharted of lost legacy game series khelo bahot adventures or excited game hai,1,Neutral
xvvZATxs30M,Aaju bahi aap kab shadi kar raha Ho,0,Neutral
xvvZATxs30M,Raju bhai please granny Chapter 6 khelo ❤❤❤❤🎉🎉,0,Neutral
xvvZATxs30M,Ajju bhai GTA 4 khelo,0,Neutral
xvvZATxs30M,Ajju bhai payal bhabhi se sadhi karlo ❤❤❤❤,0,Neutral
xvvZATxs30M,Ajju bhai Free Fire ki Video kab ay ghi,0,Neutral
xvvZATxs30M,Thumbnail me acche dikh rahe ho 😎,1,Positive
xvvZATxs30M,Room open hai 😂😂😂,1,Neutral
xvvZATxs30M,Fir ohi bat agai Admi jo  garib hai na  yoo sala apni adat se garib hai 😂😂,1,Negative
xvvZATxs30M,18:14 chimkandi giri😂😂😂,0,Negative
xvvZATxs30M,Ajju bhai the legend of a granny 😎,5,Positive
xvvZATxs30M,ajju bhai heart dedo please,1,Neutral
xvvZATxs30M,Ajjubhai udhar game khel raha hai or Mera dil idhar dhak dhak kar raha hai 😅,1,Positive
xvvZATxs30M,Bhi ab to aap gu kh lo😅,0,Negative
xvvZATxs30M,Ajjubhai jab se ap ne free fire ko leave Kiya ha tab se apke view nahi a rahe😅,0,Negative
xvvZATxs30M,Jate jate instagram ko pela diya😂😂😂😂😂😂😂😂😂,0,Negative
xvvZATxs30M,Old squad Ka sath gameplay plz Bhai,2,Neutral
xvvZATxs30M,log hote honge gf lover bhabhi lover aunty lover apna ajju bhai to granny lover nikle 🤣🤣,0,Negative
vpNC1qM_cCE,Ajju Bhai ki gaming bhot achi ha😊😊❤❤❤,3,Positive
vpNC1qM_cCE,Ajju bhai ap kya khelte ho wow... 😮😮😊,0,Positive
vpNC1qM_cCE,Bhai or jada videos banao,0,Neutral
vpNC1qM_cCE,2026 February kon kon dekrehe ho❤❤❤😊,6,Neutral
vpNC1qM_cCE,Hello Ajju bhai kasa ho,0,Neutral
vpNC1qM_cCE,Ajjubhai +Amit Bhai +Munna Bhai = Tabahi 🙂,1,Positive
vpNC1qM_cCE,Ajju Bhai Main aapko change karta hun ki ko do 2 say harao,0,Neutral
vpNC1qM_cCE,Aaj tak jisne bhi mujhse only one kara hai vah hare ja raha hai,0,Neutral
vpNC1qM_cCE,Bhai aap apni ID ka nickname batao,0,Neutral
vpNC1qM_cCE,Ajju bhai ek match kheloge mere dost ka,0,Neutral
vpNC1qM_cCE,Ajjubai mere sath ek khelana,0,Neutral
vpNC1qM_cCE,Dam ho to raistar hara kar dikhayo,0,Negative
vpNC1qM_cCE,Are bhai anju hai ka face revile ho gaya,0,Neutral
vpNC1qM_cCE,Bande hee bkl hai kuch khelna ata nai or 90 level ki I'd kharid li bas bkl,0,Negative
vpNC1qM_cCE,Maa kasam jisne like nahi kiya vo exam mein fail hoga 😅,64,Negative
vpNC1qM_cCE,Bhaii plzz meri ak47 max kardo bhaii 🙏🏻,0,Neutral
vpNC1qM_cCE,2026 me kon dekh raha hai,0,Neutral
vpNC1qM_cCE,Aaha tamatar bade mazedar aur _,0,Neutral
vpNC1qM_cCE,One of the best ajju bhai❤❤,1,Positive
vpNC1qM_cCE,ajjubhai ko one tap nhi khelna aata hai kyaa bhai,0,Negative
vpNC1qM_cCE,Ajwain to bahut Achcha Khel rahe ho,0,Positive
vpNC1qM_cCE,Ajju bhai apka real name kya hai? Ajju bhai ‼️🔥😈🔥‼️,0,Neutral
vpNC1qM_cCE,Kitna noob khelta he ho ajjubhai or sab kehte he ki ajju pro sab gadhe he es me dam he to raistar ke sath custom kyu nahi khelta😂😂,1,Negative
vpNC1qM_cCE,Bhaiya mein bus ek pyari Nahin please humko ek  dijiye na,1,Neutral
vpNC1qM_cCE,Bhai aapki to tarif hi karte Hain ham,0,Positive
vpNC1qM_cCE,Aap jab awm chalate ho tab aem kase aata he sentar me small sacral kese late ho,0,Neutral
vpNC1qM_cCE,Hm dekh rhe he😂,0,Neutral
vpNC1qM_cCE,Colour change hone wala gloo wall diwado,0,Neutral
vpNC1qM_cCE,ajjubhai aap itne pro ho to mere sath game khelo mere uid 2992514672 aajju bhai aap ko chelleng,0,Neutral
vpNC1qM_cCE,Kya tum log pc player ho,0,Neutral
vpNC1qM_cCE,Ajju bhai accha khel rhe ho,0,Positive
zzwRbKI2pn4,dg banjara samaj ke liye kya karen jab tak ki hai ki is tarah se kya hoga yah to kya hua jo bugget friendly room uuo hai kya yah sambhav nahi 😂😂😂😂😂😂😂😂😂😂😂😂😂😂😂😂😂😂😂😂😂😂😂😂😂😂😂😂😂😂,0,Neutral
zzwRbKI2pn4,Here after samay's still alive video kyunki carry ki comeback yaad aa gayi thi😂😂,1,Positive
zzwRbKI2pn4,maza aa gayacarry bhai one more ais song banao,1,Positive
zzwRbKI2pn4,Sidu moose wala ki tarah banao any ways good i like it.❤,1,Positive
zzwRbKI2pn4,2:06 second Dhruv rathi ko bhi pel diya😂,2,Negative
zzwRbKI2pn4,Maza hi aa gaya bro...,0,Positive
zzwRbKI2pn4,Kya hai ya ?,0,Neutral
zzwRbKI2pn4,Op song bhai😮😮,1,Positive
zzwRbKI2pn4,5 april wale like karo😅,1,Neutral
zzwRbKI2pn4,Inki bhook bhi to mene hi mitani hai.,3,Neutral
zzwRbKI2pn4,Gana sunkar jis jis ko Goosebumps 😢A gaye sirf vah like Karega😮❤Gane Ne faad ke Rakh Diya😂,1,Positive
zzwRbKI2pn4,Pura fayda utya Lockdown ka chu+tiye ne,0,Negative
zzwRbKI2pn4,Oh bhai literally 💀💀,1,Negative
zzwRbKI2pn4,31 March ko Kon kon dekh rhe ho Like this comment 😊 👇🏻👍🏻,2,Neutral
zzwRbKI2pn4,Yeh like ka button nahi dikhra hai,1,Neutral
zzwRbKI2pn4,Then baccho pe right of copy....😂.pr bhai mai happy hu aapse pr.mera jhat jalta hai..bhujao na.,1,Negative
zzwRbKI2pn4,Mkc.....aaj tak comment famous na hua kya aaj ho gya 😂😂,3,Negative
zzwRbKI2pn4,Ajjj kon aya hai 🇮🇳💀👑,2,Positive
zzwRbKI2pn4,Motivational ka baaap❤❤😊,2,Positive
zzwRbKI2pn4,Bhai aura  +++++++++,0,Positive
lFe5OA6uN8g,Dubbing To Bohut Dangerous Hai ☠️💀,246,Positive
lFe5OA6uN8g,Captain : meri haircut copy mat kar😂,234,Positive
lFe5OA6uN8g,Kaan taras gaye the awaz sunne ke liye 😊,495,Positive
lFe5OA6uN8g,0:57 *Pitaji Toh Nahi Par LOKI Zaroor Sunn Raha hai 😂❤*,1037,Positive
lFe5OA6uN8g,Lagta hai ki thor ki fielding set hai isa baar 😂😂,14,Negative
lFe5OA6uN8g,0:57 Emotional kar diya Bhai ne 🥹,40,Positive
lFe5OA6uN8g,Kaash bharat ke aur loog samaj sakte marvel ka craze😢❤,2,Positive
lFe5OA6uN8g,Gaurav Chopra Thor voice artist ek number Bhai,72,Positive
lFe5OA6uN8g,Aaj 5 january ko dekh raha hu Waiting for 18 december❤❤❤❤😂Paav bhaji eating😂Blood test& x ray,1,Positive
lFe5OA6uN8g,Avengers infinity war me bhi thor ke baal chote the or saare avengers haar gaye the thanos se and again thor ke baal chote hai or rumors ye keh rahe hai ki avengers harenge doomsday mai ☠,2,Neutral
lFe5OA6uN8g,ACP praduman will return in Avengers Doomsday 🥺With his famous dialogue ye kya bak rhe ho Ma ......🥹,2,Positive
lFe5OA6uN8g,Duniya khatam hone se pehle ani chahiye thi ye movie😢,11,Negative
lFe5OA6uN8g,0:39 thor will die after fight 😢💯 True thor ki bate sunkar hi pata chal rha hai,2,Negative
lFe5OA6uN8g,Hollywood movies ki yeh baat kaafi aachi hai ❤❤❤ apni starcast mein kabhi change nhi kerte same to same rakhte hai ❤❤❤ aur bollywood mein toh kuch na kuch change cast mein hota he rehta hai 😂😂😂 jaise ki Drishyam 3 mein akshay khanna ki jagah jaideep ahalawat aa gaye 😂😂😂,1,Positive
lFe5OA6uN8g,Tufannn ka netaa hamara ❤,19,Positive
lFe5OA6uN8g,Abe 26 mein to duniya khatm hai,2,Negative
lFe5OA6uN8g,Ab Hoga Thor Ka Comeback ❤❤,7,Positive
lFe5OA6uN8g,Bahi cinemacon mai avengers doomsday ka trailer dikhaya geya hai jahape doom thor ke strombreaker ko apne 2 ungli se rok diya hai💀,1,Neutral
lFe5OA6uN8g,1:15 Mera masum Chris Hemsworth sirname me he Worth hai 😢❤ mrte nhi dekh sakta bhai..,4,Negative
lFe5OA6uN8g,"i Think ab Hoga asli EndGame !, Dar lag raha hai 😥😥",4,Negative
lFe5OA6uN8g,Aag lagegi ab to theatere mai,4,Positive
lFe5OA6uN8g,Sir avengers doomsday ka trailer kab aayega ❤❤,2,Neutral
lFe5OA6uN8g,1:05 agar iss movie mein odin aa gya tab ☠️,4,Positive
lFe5OA6uN8g,Ye scene Deadpool ke paas thor ke marne wale scene ke baad hi rahega,1,Neutral
lFe5OA6uN8g,Pure saal iska intezaar karna hai ab! 🔥💯❤,1,Positive
lFe5OA6uN8g,Loki - kaise ho mere bhai ? 😂,1,Positive
lFe5OA6uN8g,Bhai ❤ ab maja aaega❤❤ old Avengers is back 🔙❤,1,Positive
lFe5OA6uN8g,"Jab maine pahali iron man theatre me dekhi thi tab main 23 saal ka tha ab jab main doomsday dekhunga main 42 saal ka ho jaunga yeh safar marvel ke saath bahut  Shaandaar raha , aage kya hoga is excitement me 18 saal kaise nikal gaye pata hi nahi chala",0,Positive
lFe5OA6uN8g,Sab movies ka rec tod kar ek naya record banane wapas aa raha hai sab ka baap               AVENGERS        DOOMS          DAY,0,Positive
lFe5OA6uN8g,Pitaji sune ya na sune public ka sun na zaruri hai,1,Positive
lFe5OA6uN8g,1:00 Dariye maat thor bhaiya 😅 loki apke sath hai yo dekh lega 🥹❤,1,Positive
lFe5OA6uN8g,Thor Vs RDJ (Dr. Doom) Fight Toh Banta Hai 💥🤣,1,Positive
lFe5OA6uN8g,Mai ye Movie dekhne Vardi me jaunga 👍,1,Positive
lFe5OA6uN8g,Finally aawaj pushpa serial ke baad aap ka voice sun ne mila😂,1,Positive
lFe5OA6uN8g,Toofan ka devta ❤,1,Positive
lFe5OA6uN8g,thor v dara hua hai ...to samjho dooms kitna kitna khatarnak hoga💀💀,1,Positive
lFe5OA6uN8g,Thor ki bate sunkar lag rha hai thor marne wala hai fight ke bad😢,1,Negative
lFe5OA6uN8g,Yaar ab or intzaar nhi hoga lag bhag 5 saal non stop wait to watch an avengers movie on big screen the wait is finally over 😭❤,0,Positive
lFe5OA6uN8g,Itni lambi date,2,Negative
lFe5OA6uN8g,26 me to duniya khatam hai 😅Doosday dekhene ka sapna sapna rahgya,1,Negative
lFe5OA6uN8g,Bro thor insane power in doomsday damnn nnnnnn lagta he movie ke end me thor akela hi hara de ga br doom ko bruh insane power hogi thor ki full potential,1,Positive
lFe5OA6uN8g,Pata nahi kya hoga par thor kafi hard takkar dega doom ko,1,Positive
lFe5OA6uN8g,Maa kasam Hai jisne bhi subscribe aur Like nhi kiya wo pakka board exam main fail hogaa 😂😂,1,Negative
lFe5OA6uN8g,Thor aaega bhawal machaega🎉,1,Positive
lFe5OA6uN8g,Ek akhri yudh means💀💀💀💀💀,1,Negative
lFe5OA6uN8g,"what does it mean "" uske pass loat sakku "" is she dead or just not there",1,Neutral
lFe5OA6uN8g,"Akhri baar mtlb thor retire ho jayega dr doom se fight kr ne ke baad,we will miss you thor❤",0,Positive
lFe5OA6uN8g,"Agar koi bole -""baalo ko dekh ker darr lag raha hai"" , to samajh lena Thor aa gaya",0,Positive
lFe5OA6uN8g,Socho Bhai Odin Aa Jaaye Kyaa Scene Hogaa 🤔🤔🤔,1,Positive
lFe5OA6uN8g,"1:13 me jo 1e:17ber:02020 hai, iska kuchh matlab hai, ya sirf glich hai?",1,Neutral
lFe5OA6uN8g,"My hero, Tufan Ka Devta 🔥🔥🔥",0,Positive
lFe5OA6uN8g,"Hindi voice mein aisa lag raha hai jaise thor mahabharat ka yudh ladne jaa rha ho, or shatru duryodhan ki jagah Dr. Doom hai😅",0,Neutral
lFe5OA6uN8g,Jab THOR serious hota hai toh koi villain tik nahi pata 🔥🥶,0,Positive
lFe5OA6uN8g,Thor apne father ke role ke liye nice beard ke sath a gya.,0,Neutral
lFe5OA6uN8g,Bhai kuj hulk ke bare mein b bata do,1,Neutral
lFe5OA6uN8g,Thor Be Like :- Mai Kisi Ko Nahi Chhodega Sala 😂,0,Positive
lFe5OA6uN8g,👉 Is video ka kaunsa part aapko sabse zyada pasand aaya?,0,Neutral
lFe5OA6uN8g,Isme spiderman bhi hoga kya,1,Neutral
lFe5OA6uN8g,Lekin 2026 mei duniya khatam hei na 😂,1,Negative
lFe5OA6uN8g,Thor maar dega dr. Doom ko ❤,1,Positive
lFe5OA6uN8g,Intezaar khatam ab dikhe ga thor ka peak form ⚡⚡⚡⚡,0,Positive
lFe5OA6uN8g,That Param pita is loki now...😂,0,Neutral
lFe5OA6uN8g,Yah Banda alag hi level ka hai,0,Positive
lFe5OA6uN8g,Avengers doomsday jaise Story aur action na South wale la sakte hai na Bollywood wale la sakte hai,0,Positive
lFe5OA6uN8g,Yani dr doom thor ki beti ko kidnap karega .Doom bhi gor ke tarha baccha chor hoga kya ??,1,Neutral
lFe5OA6uN8g,Thor  ⚡ maja aane wala hai 🥺😃,1,Positive
lFe5OA6uN8g,Bas ek he shabd hai.Gajab .........................👍,1,Positive
lFe5OA6uN8g,Bade afshose se kehna pad raha hai ki avengers secret war mai apne OG avengers nahi rehenge🤕,0,Negative
lFe5OA6uN8g,Thor dar nahin raha hai wo kisi aur duniya main chala gaya Hai aur iss Dunia ka villain ko hara kar hi wo apni betide duniya main wapis ja sakta hai,0,Neutral
lFe5OA6uN8g,Odin be like mujhse kya mang Raha hai mai to khud  mar chuka hu 😂,0,Negative
lFe5OA6uN8g,Avengers doomsday series hoti to maja aata.,0,Positive
lFe5OA6uN8g,Bhai sahab thor tabahi macha dega iss bar,0,Positive
lFe5OA6uN8g,Iska mtlb thor ka end of era ho raha hai 😢,0,Negative
lFe5OA6uN8g,Thor Jo infinity war me tha use khatarnak hoga doomsday me likh ke lelo ⚡️⚡️⚡️⚡️💥,0,Positive
lFe5OA6uN8g,Ab Comback hoga!!,1,Positive
lFe5OA6uN8g,Thor ka fairwell hone wala lagta hai 😂😂😂,0,Negative
lFe5OA6uN8g,SACHME YAR KYA VOICE DIYE HAI DEKHEHI MALUM CHALRAHA HAI KI YE MOVIE RECORD BANADEGI,0,Positive
lFe5OA6uN8g,Ye to mere birthday ke din aa raha hain ❤ 🎬 ye to mera b'day gift 🎁 hai maja aayenga,0,Positive
lFe5OA6uN8g,Muje captain America vale teaser se ye wala teaser achcha laga,0,Positive
lFe5OA6uN8g,Thor love thunder ki puri movie se jyda achha Thor doomsday k teaser me dikh raha hai 💀,0,Positive
lFe5OA6uN8g,Purana Thor aa gaya wapas,0,Positive
lFe5OA6uN8g,Ohh bhai ham to sochre the ki vo last part tha 😮,0,Neutral
lFe5OA6uN8g,Itna khatarnak fight hone wala hai jaisa lag raha hai,0,Positive
lFe5OA6uN8g,Dosto taiyar ho jao 💥💥💥,0,Positive
lFe5OA6uN8g,Aag lagadi🔥aag lagadi🔥,0,Positive
lFe5OA6uN8g,thor ko abb realize hu a beti ki value what about our hero stark he already knows then also sacrificed himself for better of whole earth(i am not hating thor it is only time of realization ❤),0,Neutral
lFe5OA6uN8g,mujha Abhy Bhy Goosebumps arha Hain🥰,0,Positive
lFe5OA6uN8g,"Bhai Sahi me na avi doomsday aane Wala hai,🙀🙀💯",0,Positive
lFe5OA6uN8g,Goosebumps aa gaye ☠️,0,Positive
lFe5OA6uN8g,Yooo ab maja ayenga na bidu😂🎉,0,Positive
lFe5OA6uN8g,"Dekhna movie is trailer se bilkul hi Alag hogi, ye aur captain america ka trailer ai made jyada lag rha ha",0,Neutral
lFe5OA6uN8g,ab pata chala...deadpool and wolverine me thor kyun ro rhaa tha,0,Neutral
lFe5OA6uN8g,12 month wait Krna padega sala mid me dena tha 26 me to duniya khatam hai😂,1,Negative
lFe5OA6uN8g,Le beta thorr :- The hatoda man 😐,0,Neutral
lFe5OA6uN8g,Apna purana wala thor aa gya Bhiyo.....😊😊,0,Positive
lFe5OA6uN8g,Isi ka intezar tha❤,0,Positive
lFe5OA6uN8g,Pura 1 saal baki hai yaar itna late nhi karna chahiye tha,0,Negative
lFe5OA6uN8g,Ye toh big boss mein aya tha uski awwaj hai,0,Neutral
lFe5OA6uN8g,shri krishan ji pkka sunenge thor ki pukar,0,Neutral
lFe5OA6uN8g,1saal wait karna padega 😩Bhayy thode jldi nahi la sakte kya pta mai kab mar jau 😢,0,Negative
lFe5OA6uN8g,Mind blowing Extra ordinary An aayega maza,0,Positive
lFe5OA6uN8g,0:41 akhari yud iykyk☠️☠️☠️☠️☠️,0,Neutral
lFe5OA6uN8g,Badi jaldi trailer dala😂😂,0,Negative
lFe5OA6uN8g,Mr. Wattset ki bakchodi ke baad doomsday ki bakchodi 😂....,0,Negative
lFe5OA6uN8g,Zada time nhi sirf 18 dec bas❤❤,0,Positive
lFe5OA6uN8g,Bhay webseries dekh liye kya bhai log 🖐🏻,0,Neutral
lFe5OA6uN8g,0:05 Aura hai es voice me,0,Positive
lFe5OA6uN8g,Kon kon doomsday movie ka intezar h 😁------------------->,0,Positive
lFe5OA6uN8g,Yad nahin baje Thor aakhiri fight kar dena to😢,0,Negative
lFe5OA6uN8g,26 me to Dunia Khatam hai :( Kaise dekhenge @IndiaMarvel ?,0,Negative
lFe5OA6uN8g,Abhi maaza aayegana bhidu 🔥,0,Positive
lFe5OA6uN8g,marvel be like:system phar dege,0,Positive
lFe5OA6uN8g,Yr marvel kya bana rha hai 🤯🔥,0,Positive
lFe5OA6uN8g,Meri loki aur tori ki jodi phirse.,0,Neutral
lFe5OA6uN8g,Thor ka Hindi dubbing bilkul Sher jaisi awaaz hai 🦁🔥,0,Positive
lFe5OA6uN8g,Matter bht serious hai ⚡⚡⚡,0,Positive
lFe5OA6uN8g,Itne saalo baad Odin ko yaad kiya hai,0,Neutral
lFe5OA6uN8g,Bhai goos bumps agaya,0,Positive
lFe5OA6uN8g,Asadharon video thanks for sharing,0,Positive
lFe5OA6uN8g,Tony sabki faad dega is baar 😂,0,Positive
lFe5OA6uN8g,Lagta hai thor retirement lera hai😅😅,0,Neutral
lFe5OA6uN8g,1 sal bad aayegi ye movie 🤔,1,Neutral
lFe5OA6uN8g,Bhaiji lekin 2026 mein toh duniya khtm he aaj last day bhaiji jeelo ache se,0,Negative
lFe5OA6uN8g,Rahman dakait tere sath bhai. Tension maat le.,0,Neutral
lFe5OA6uN8g,Challenge accepted bhaiya,0,Neutral
lFe5OA6uN8g,Mai Sun Rha hoon Putra😂😂,0,Neutral
lFe5OA6uN8g,Sukun mil rha h Marvel k return se😢😢,0,Positive
lFe5OA6uN8g,Bapre Hindi me vi Available kar diya😮,0,Positive
lFe5OA6uN8g,Or 12 months wait karna parega 😢😢😢,0,Negative
lFe5OA6uN8g,Hum to king dekhne jayenge only srk,0,Neutral
lFe5OA6uN8g,Apna thor kuch bada karna wala hai❤❤,0,Positive
lFe5OA6uN8g,Loki Sunn Raha Hoga,0,Neutral
lFe5OA6uN8g,Ab to stan lee bhi nhi h to haircut kisne kara,0,Neutral
lFe5OA6uN8g,Mujhe yeh voice dedo pls 🎉❤...😅😅,0,Positive
lFe5OA6uN8g,Dubbing mast hai👍,0,Positive
lFe5OA6uN8g,Kya yr ab itna lamba wait Krna hoga,0,Negative
lFe5OA6uN8g,Doomsday vs king kon jitenge,0,Neutral
lFe5OA6uN8g,Dr doom Ab hu ga come back  😂,0,Positive
lFe5OA6uN8g,Big big  super dhamaka,0,Positive
lFe5OA6uN8g,1:02 ab hoga bawal,0,Positive
lFe5OA6uN8g,Akhrri yudh 😢😢😢😢,0,Negative
lFe5OA6uN8g,Yr ek sath sab ka bta Dona ki kon kon h ek ek kr q bta rhe ho 😮😅,0,Neutral
lFe5OA6uN8g,Pela thor ko puri strength use karte hua dekhna hai in normal form,0,Neutral
lFe5OA6uN8g,Yeh Devdas bna kyu baitha hai?Dr Doom ne bajayi na,0,Negative
lFe5OA6uN8g,Arrey Marvel jaldi release karo 😂,0,Positive
lFe5OA6uN8g,0:59 ..nahi sunega chal bhag,1,Negative
lFe5OA6uN8g,Mention to karo hindi trailer hai kar k thumbnail or titel mai dhundna padhta hai,0,Neutral
lFe5OA6uN8g,Lagta hai marval bale thor ko nipta denge,0,Negative
lFe5OA6uN8g,Ye sab characters ko vapas liyege,0,Neutral
lFe5OA6uN8g,Dar ka mahol😢😢,0,Negative
lFe5OA6uN8g,Ahhh pitajiii,0,Neutral
lFe5OA6uN8g,2027 1 january ko aega bhai log sabar khatam,0,Neutral
lFe5OA6uN8g,Wooden ka betaa aayega 😅😊 jaldi,0,Neutral
lFe5OA6uN8g,Kya Thor Odin force milegi???,0,Neutral
lFe5OA6uN8g,Ye Avengers ki movie hai ya thor ku,0,Neutral
lFe5OA6uN8g,Marvel please increase Thor hairMaja nhi aarha chote baalo me,0,Neutral
lFe5OA6uN8g,doctor Gya ab tw 😂😂,0,Negative
lFe5OA6uN8g,Hello vijay bhai agr tum mujhe phechan jao to reply karo,0,Neutral
lFe5OA6uN8g,Means is bar thor mara jayega,0,Neutral
lFe5OA6uN8g,Voice mai gar gar hai,0,Neutral
lFe5OA6uN8g,Hope in Hindi dubbing hagganga nahi ye log😢,0,Negative
lFe5OA6uN8g,Kal kuch daal dena saaalo 😂,0,Negative
lFe5OA6uN8g,Doctor strange kaha hai🥺,0,Neutral
lFe5OA6uN8g,Wo sb to theek hai pr kya Dec 18 tk dunya bachi rahegi,0,Negative
lFe5OA6uN8g,Thor mar jaayenge isme...😢😢,0,Negative
lFe5OA6uN8g,Wo sab thik hai par Thor ro kyun ra tha😢,0,Negative
lFe5OA6uN8g,Ab maja aayega,0,Positive
lFe5OA6uN8g,Ka thor bhai jbse baal chote krwaye h tbse rote hi rhwe ho,0,Negative
lFe5OA6uN8g,Haan to 1 saal baad,0,Neutral
lFe5OA6uN8g,Yeh girl tho chris ki asli beti hai na ?,0,Neutral
lFe5OA6uN8g,Aawaz me dum hai,0,Positive
lFe5OA6uN8g,bina inke waise bhi mostly flop hi hui hai tabse,0,Negative
lFe5OA6uN8g,Ek beti jo aap ki khud ki hain india Hemsworth nepotism 😂😂,0,Negative
lFe5OA6uN8g,Ye banda begging kyu kr rha bhai? Kiski aukat hogyi jo god of thunder ko iss stage pr chhor de🙂 kya apna thor haar jayega dr doom se??,0,Negative
lFe5OA6uN8g,18 Dec 😢 - kaisa majak hai 😅,0,Negative
lFe5OA6uN8g,Fad den bro,0,Positive
lFe5OA6uN8g,"Yaar yeh Thor ke voice actor ko kyu badal diya, Avengers Age of Ultron and Thor dark world vaala badiya thaYeh kisko le aaye",0,Negative
lFe5OA6uN8g,Kaas iron man be aata,0,Neutral
lFe5OA6uN8g,Kya fayda 2026 main toh duniya khatam hai,0,Negative
lFe5OA6uN8g,Release date kab hai,0,Neutral
lFe5OA6uN8g,Kat gya bhai 1 saal pehele trailler kon deta hai 😐,0,Negative
lFe5OA6uN8g,Ye sala sab ko ghasit ghasit krr wapis la rha hai Krna kya chahta hai aakhir marval cinema band krwa ke manega kya...😂,0,Negative
lFe5OA6uN8g,Itana Sudha hindi 😅,0,Neutral
lFe5OA6uN8g,1.00 se keya bakwas dikha Raha hai 😂,0,Negative
C3_mYPlvJeE,0:02 Hath me nunnu pakde ho na 😂😂,504,Negative
C3_mYPlvJeE,00:01 all correct bas phone ki jagah laptop hai,134,Neutral
C3_mYPlvJeE,0:02 itna bhi sach nhi bolna tha 😂😂,69,Positive
C3_mYPlvJeE,00:01 nhi bhai ac mai baitha hun,70,Negative
C3_mYPlvJeE,"What if !! Woh morgan stark ke paas bhi jaye , joki tony stark ki beti hai 😮??",20,Neutral
C3_mYPlvJeE,Tujhe kaise pata,23,Neutral
C3_mYPlvJeE,I think Film mein yeh sb nhi dikhayege yeh sb introduction he hai jo excitement badayegi janta ki movie ko leke abi or characters ka shyd promo teaser aye lekin film ki alg story rhe gi,3,Neutral
C3_mYPlvJeE,0:01 bhai itna relatable 😂😭,3,Positive
C3_mYPlvJeE,0.01 mere room mein tera camera hai kya ☠️☠️☠️☠️☠️,56,Negative
C3_mYPlvJeE,0:03 bhai all correctBut pholo vala kambal 🤯,2,Neutral
C3_mYPlvJeE,00:01 nhi mera purple hai aur koi phool nhi hai00:02 phome to niche hai laptop me dekh rha hu00:04 bas aapka notification dekh kar agaya00:06 nah I'm BATMAN,1,Neutral
C3_mYPlvJeE,Thumbnail Ne To  Pani Pani Kar Diya😂,0,Positive
C3_mYPlvJeE,0:01 guru me to khana ka raha tha.,3,Neutral
C3_mYPlvJeE,Starting me hi pakad liya Mera camera on hai kya 😂,2,Neutral
C3_mYPlvJeE,0:01  sleeping bag..tablet..hann pookie to hun😂.,3,Neutral
C3_mYPlvJeE,Phulo wala kambal nhi hai baki sab  accurate hai 🙌,1,Positive
C3_mYPlvJeE,Aag tap raha hu  🗿🗿🗿🗿💀💀💀,1,Neutral
C3_mYPlvJeE,0:00 Nahi bhai 😂,2,Neutral
C3_mYPlvJeE,"0:01 Bina kambal ke soya hun,tablet pakda hua hai or thumbnail dekh ke click kiya hai or pookie ka pata nhi😂😂",2,Neutral
C3_mYPlvJeE,Agar koi future se ho to bta dena ki shaktiman movie kab aaye gi 😢,342,Neutral
C3_mYPlvJeE,"Meri theory ye hai ki TVA ne peggy carter ko arrest kiya hoga aur steve Rogers ke bacche ko bhi vo mitana chahenge, to Aisa na ho isliye steve Dr. Doom se madad mangega (ya fir dr. Doom use apne fayde ke liye apna herald bana lega)aur steve apne bacche aur biwi ko bachane ke liye Dr. Doom ka sath dega. Agar aisa to hua to hame doomsday mai new vs. old captain America ki fight dekhne ko milegi 😅 aur aisa hi kuch thor ke sath bhi hoga matlab ki hame doomsday mai OG avengers vs new avengers and X-Men dekhne ko mil sakta haiAnd one thing @PJExplained disappoints ❤💯",1,Neutral
C3_mYPlvJeE,Lagta hai Bhabhi ji ne yehi sab PJ bhai se bola hai😂😂😂😂,1,Negative
C3_mYPlvJeE,Meri video kasi lagi bhaiyo 😂😂😂,31,Neutral
C3_mYPlvJeE,0:01 Bhai itne pyaar se toh voh bhi mujhse baat nhi karti 🥀,1,Negative
C3_mYPlvJeE,"00:01 Bhai,Kahan camera fit kiye ho mere room me😅",1,Neutral
C3_mYPlvJeE,Pookie nhi hu,3,Neutral
C3_mYPlvJeE,0:06 haan bhai haan 😂 par kaise pta,1,Positive
C3_mYPlvJeE,Bhai thumbnail😂😂😂🤣🤣🤣🤣,1,Positive
C3_mYPlvJeE,Bhai is movie ko 31st ke din release karna chahiye 2026 me to duniya khatam hai,0,Negative
C3_mYPlvJeE,Ek Series me dekha tha future Avengers wale  scene me Ultron sab pe kaabu kr leta h. Toh sabke bache duniya ko bachate h jisme Thor ki beti hoti h jiske weapon ek sword hoti h. Or ha usme Hulk ka bacha nhi hota,0,Neutral
C3_mYPlvJeE,Sab galat laptop pe bina phool wale kambal mein hun ab dekhte hai pj explained,0,Negative
C3_mYPlvJeE,0:01 PJ bhai ne charo taraf se gher rakha hai,1,Neutral
C3_mYPlvJeE,Captain america thunder power bhee abi gain kare❤❤❤,1,Positive
C3_mYPlvJeE,PJ bhai sach bata raha kasam se fulo wala kambal lapet ke hi video dekhna chalu kiya 😂😂,0,Positive
C3_mYPlvJeE,"0:01 sofa pe bethi hu, biryani khaari hu",0,Neutral
C3_mYPlvJeE,Flowers wale kambal ka tumko kaise pta bhai...ye video 1 ghante pahle aayi tab main kaam pe tha magar ab 7 baj kar 25 min me rajayi me ghusa hua hu 😁,1,Neutral
C3_mYPlvJeE,Movie 2026 me ani hai to trailer abhi kyu a raha hai,1,Negative
C3_mYPlvJeE,00:02 nhi bhai mere hath me ho hathiyar hai 🌚,0,Neutral
C3_mYPlvJeE,Bhai ne mera actual moment bata diya 😅,0,Positive
C3_mYPlvJeE,"Bro ye same vibe de rha vo carry minati ke ""bhot tez ho rhe ho"" jaisa",0,Neutral
C3_mYPlvJeE,O bahi jadugar ho kya. Sahi bola bhai bilkul sahi😂😂😂😂,0,Positive
C3_mYPlvJeE,Abhi to mahol set hone laga hai doomsday ke liye,0,Positive
C3_mYPlvJeE,0:01 nahi yar padhai kr raha tha 💔🥀,0,Negative
C3_mYPlvJeE,bina fool wala kambal + macbook :),0,Neutral
C3_mYPlvJeE,Bhai ka opening 🤣🤣🤣,0,Positive
C3_mYPlvJeE,0:25 are ha bhai haa 😅,0,Positive
C3_mYPlvJeE,Vecnia ko bhi bacche chahiye aur idhar dhoom ko😂,0,Positive
C3_mYPlvJeE,pura correct bola,0,Positive
C3_mYPlvJeE,Bhai muze ek second ke liye laga mere phone ke camera se dekh raha hai. 😂,0,Neutral
C3_mYPlvJeE,Bro when you ask kambal Mein hona main really Phoolon wale design ke kambal Mein Tha😂,0,Positive
C3_mYPlvJeE,Abe sab sahi bol diya thumbnail m😂😂😂,0,Positive
C3_mYPlvJeE,Agar sab bachon ko bacha Rahe hein toh spiderman bhi ironman ki beti ko bachaa raha hoga 😅,0,Neutral
C3_mYPlvJeE,0:01 Nehi PJ bhai main phoolon wale kambal mein nehi hoon (sofa mein baitha hoon😅😅) phon pe nehi desktop par hoon😆aur haan pookie nehi giga chad hoon 😉 wayse aya toh doomsday ka theory sun ne ke liye hi tha🤣,0,Positive
C3_mYPlvJeE,bhai thumbnail ke Liye to ek Oscar deserve karte ho aap😅,0,Positive
C3_mYPlvJeE,"Nhi, khana kha rha",1,Neutral
C3_mYPlvJeE,"Bhai agar captain america endgame ke baad peggy ke sath hi ruk gya tha to ""ICE M JO FREEZE HAI US CAPTAIN AMERICA KYA HOGA"".",0,Neutral
C3_mYPlvJeE,sab sahi predict kiya 😂 0:01,0,Positive
C3_mYPlvJeE,"0:13 kyu bhai,movie ka maza nahi lena hai kya",2,Negative
C3_mYPlvJeE,Bhai sound low hai ap ki mic ka,0,Negative
C3_mYPlvJeE,bhai i know algorithm and trend abhi short form content ko promote krta hai but please make at least 15min videos,1,Negative
C3_mYPlvJeE,Ab bolo bhai Hype ban gyi na pahle wali 😂,0,Positive
C3_mYPlvJeE,"00:01  Pj bhai, Mere bedroom mein kyun spying kar rahein ho😅",0,Negative
C3_mYPlvJeE,Naah bro mera kambal dark grey colour ka hai😅😅,0,Neutral
C3_mYPlvJeE,"Vacna, Dr Doom , Epstain file Har koyi batche ke piche Pade hue hai",0,Negative
C3_mYPlvJeE,0:01 *Bas chaddi ka color poochna reh gya* 😂😂😂,0,Positive
C3_mYPlvJeE,Ek dun Sahi 😂😂😂,0,Positive
C3_mYPlvJeE,0.02 apko kese pata guru❤😅,0,Positive
C3_mYPlvJeE,Thumbnail thor ke bijaye strange hona chaiye tha 😔,0,Negative
C3_mYPlvJeE,Arre bahi tumko kaise pata chala 0:03,1,Positive
C3_mYPlvJeE,Koi fayda nhi hai 2026 Mai duniya khatm hone wali hai,1,Negative
C3_mYPlvJeE,Sab sahi h bhai 🎉🎉🎉❤❤❤❤ love you,0,Positive
C3_mYPlvJeE,Ha bhai sahi me,0,Positive
C3_mYPlvJeE,0:09 ha bhai,0,Positive
C3_mYPlvJeE,Saam ko 6 baje kambal me?? Haa bhai,0,Positive
C3_mYPlvJeE,Abbe me to sachme phoolo waale kambal me huu 😂😂😂,0,Positive
C3_mYPlvJeE,Fantastic 4 me bachcha churane ka scene tha.Captain bhi bacha ke sath hai.Thir ki bachchi to gyi,0,Neutral
C3_mYPlvJeE,"0:01 Laptop pkda, baaki all correct 😭😭",0,Positive
C3_mYPlvJeE,Hn Hn hai hum pookie aaye h theory dekh ne😭❤️😂,0,Positive
C3_mYPlvJeE,0:05 Mera phone camera h@ck kar liya kya?Sab sach sach bol diya 😂,0,Positive
C3_mYPlvJeE,Thumbnail Vai🤣🤣....Mohit+Pj+Badal🤣🤣🤣,0,Positive
C3_mYPlvJeE,Stranger things bana rakha hai pura😂😂,0,Negative
C3_mYPlvJeE,00:08 nah Maito walk karte hue dekh rha,0,Neutral
C3_mYPlvJeE,0:01 kaise pata chala. ? ❤,0,Positive
C3_mYPlvJeE,Arreee pg bhai video k first mehi purha sach kaise pakad liya aise kaise bhaai?,0,Positive
C3_mYPlvJeE,Sab ne trials dekha par kaha 😢,0,Negative
C3_mYPlvJeE,What if Doom iron man ki beti se bhi mile?,0,Neutral
C3_mYPlvJeE,Bhai Ghost rider ki entry chahiye Doomsday me😊😊☠️☠️,0,Positive
C3_mYPlvJeE,Kuch nahi kiya isme se... Bus me baitha hoon bhai... Ghr jaa rha new year k liye🎉😂,0,Negative
C3_mYPlvJeE,comic verse ke sath live prediction stream karo PJ bhai,0,Neutral
C3_mYPlvJeE,Ha vai kaisa pata chala hackar hai vai😅❤,0,Positive
C3_mYPlvJeE,Bhai ne milk krke dudh he khatam krdiya hai,0,Negative
C3_mYPlvJeE,Bhai earphone mai background noice bahot teji se aa raha hai,0,Negative
C3_mYPlvJeE,Bhaii pehle wala thumbnail jyada acha tha,0,Negative
C3_mYPlvJeE,Dr. Doom ko TVA ke baare pata kaise chalega,0,Neutral
C3_mYPlvJeE,Sabbbbbb correct ☑️ 😂😂😂😂😂,0,Positive
C3_mYPlvJeE,bro deadpool 3 mein thor ke ek clip the,0,Neutral
C3_mYPlvJeE,Bhai mumbai local mai hu kurla se panvel pakdi hai 7 no platform se😢 tashrif khadi karne ke liye jagah nahi.. aur tum kehte ho pookie ho na gajab ki prediction hai 🥲,0,Negative
C3_mYPlvJeE,"bhai agar captain america ussi same timeline m hai or uske freezed version bhi to ussi same time line m ""2 CAPTAIN AMERICA HAI"".",0,Neutral
C3_mYPlvJeE,Bhai thumbnail😂😂,0,Positive
C3_mYPlvJeE,Naah bhai Beth kr chawal bin rha hu,0,Neutral
C3_mYPlvJeE,Are bhaiya aap bhi na  😂,0,Positive
C3_mYPlvJeE,Thanos batcha lag raha hai doom ke intention ke samne,0,Negative
C3_mYPlvJeE,Agr story puri decode kr lenga to dekhenga kya pj babua,0,Negative
C3_mYPlvJeE,Bhai tum screen se mujhe dekh rahe ho kya 😢🤌🏻☠️ 0:01,1,Negative
C3_mYPlvJeE,Sahi pakde hai 😂,0,Positive
C3_mYPlvJeE,"may be TVA ne peggy ke sath past me gye hue captain ko bi pakda ho ,bcz cap ne new timeline create ki hai",0,Neutral
C3_mYPlvJeE,0:01 bhai itna relatable 😂😭,0,Positive
C3_mYPlvJeE,Bhai kya thumbnail hai 😂,0,Positive
C3_mYPlvJeE,kash asa hi ho,0,Neutral
C3_mYPlvJeE,0:02 hagte hagte dekh raha hoon,0,Negative
C3_mYPlvJeE,Sahi pakadey hai 😂,0,Positive
C3_mYPlvJeE,Pj Bhai Socho Agar Dr Doom Iron Man Ki Beti Ko Hi Utha Kar Le Jaaye 👀❤️,0,Neutral
C3_mYPlvJeE,58 second kr andar idhr aa gya 😅,0,Positive
C3_mYPlvJeE,Bhai apko kese pata foolo wale kambal ke baare mai 😮,0,Positive
C3_mYPlvJeE,Kia Deadpool bhi Avengers Dooms day me hoga. Kiuki Deadpool ki movie me dikhaya tha ki Deadpool Thor ke tha 🤔.,0,Neutral
C3_mYPlvJeE,mohit bhai ki trh ek roast nikalo bhai german pe,0,Neutral
C3_mYPlvJeE,Bhai please cover about a recent gujarati blockbuster movie lalo krisna sada sahayte it is very good movie,0,Neutral
C3_mYPlvJeE,Intro hi itna real kaise ho skta hai bhai?? 😭💔 Are you stalking me??,0,Positive
C3_mYPlvJeE,0:01 last chhod ke sab galat hai,0,Negative
C3_mYPlvJeE,Aa doomsday rhaa hai pagal apna pj vaii ho rhee h 🫶🏼🫶🏼😚😚,1,Positive
C3_mYPlvJeE,Pagal hua nahi ❌ pagal karne wala hai ☑️,0,Negative
C3_mYPlvJeE,Bhai kese pata 😮,0,Neutral
C3_mYPlvJeE,00:02 laptop hai ladale,1,Neutral
C3_mYPlvJeE,Jabse PJ ki GF bani hai…ajeeb baatein  krna laga hai…waiting for comeback,0,Negative
C3_mYPlvJeE,Bro Aise Bologe to Watch Time Nahi Badega Hamara ego Trigger na kro Btw Me Pookie To Nahi Hu 😂😂😂,1,Negative
C3_mYPlvJeE,Shaam 5 bje kon kambal me hai??,0,Neutral
C3_mYPlvJeE,bro main pc main shorts aur half sleve jersey pehenke apka video deckhraha huu,0,Neutral
C3_mYPlvJeE,Mujhe intro ke tone se laga.. PJ puchega.. Kaun se color k chaddi pehene ho 😂😂😂,0,Negative
C3_mYPlvJeE,Deadpool ka bi baby hoga,0,Neutral
C3_mYPlvJeE,Are pj bhi aapko ye sb kaise pta ki me kaha hu 😂😂,1,Positive
C3_mYPlvJeE,Bhai azamgarh me meet-up karo,0,Neutral
C3_mYPlvJeE,Dhruv Rathi per video banaa do,1,Neutral
C3_mYPlvJeE,Sahi pakdha,1,Positive
C3_mYPlvJeE,Doctor Doom pennywise or vecna TINO HI BACCHE KE PICHE PADE HAI😂😂😂,0,Neutral
C3_mYPlvJeE,Bhai koi pj ko doomsday movie dekha do Nahi toh pagal ho jayega 😂,0,Negative
C3_mYPlvJeE,Nahi dukaan per hu time tha,0,Neutral
C3_mYPlvJeE,me to PC pe dekh rha,0,Neutral
C3_mYPlvJeE,Bhai bhay webseries ki ending explain kro,0,Neutral
C3_mYPlvJeE,"Agar aesi baat hai to avengers doomsday me Tony ki Beti Ka bhi to koi main role hoga naaa, aakhir me woh Tony Stark ki hi best hai to usne koi to baat hogi hi or uski wife paper bhi to hai....?????? 🤔🤔🤔🤔🤔🤔🤔🤔🤔🤔🤔🤔🤔🤔🤔",0,Neutral
C3_mYPlvJeE,Mai to restaurant me hu 😂😂,0,Neutral
C3_mYPlvJeE,"Khushi to dekho chehre pe, bohot din se Marvel ka goo nahi khaya hai, ab bhar bhar ke Marvel hagega aur ye goo khayega.",0,Negative
C3_mYPlvJeE,0:02 Hath me nunnu pakde ho na 😂😂,0,Negative
C3_mYPlvJeE,Rdj Dr doom ayega to Rdj ka ironman ka kya hoga wo aayega kya,0,Neutral
C3_mYPlvJeE,Kamaal khan ka kia hoga bro Pakistan me toh Dhurendar chal raha hai,0,Neutral
C3_mYPlvJeE,what about spider man woh waapas aayega kya,0,Neutral
C3_mYPlvJeE,0:01 Aapko kaise pta bhai,0,Neutral
C3_mYPlvJeE,Bhai aap kab Dhruv rathee reaction video bnaoge 😂😂,0,Neutral
C3_mYPlvJeE,yeh kya thaa,0,Negative
C3_mYPlvJeE,Bro tumne dhurandhar pe vdo bnaya tha na 1000cr wala kha gya,0,Neutral
C3_mYPlvJeE,Isko kaise pata mere kambal ke baare mein,0,Neutral
C3_mYPlvJeE,Rathi ko roast karo audience wait kar rahi,0,Neutral
C3_mYPlvJeE,Mujhe pehlei pata tha ki PJ gay hai😂,0,Negative
C3_mYPlvJeE,Abey Thor wala trailer AI generated hai. 🤦‍♂️,0,Negative
C3_mYPlvJeE,"Hawkeye ke playing 11 hai bachho ke naam par, par tum skip kar gaye",0,Negative
C3_mYPlvJeE,kya pj bhai kese ho 🙂🙂,0,Neutral
C3_mYPlvJeE,"0:00 Bilkul Sahi Kahe bhaiya ji. Is Thand me Mere taraf se ek pyali Chai Aapke liye ☕, Swikar kijiye",0,Positive
C3_mYPlvJeE,Bhai dhruv rathee par video kab aayega...PJ explained dhruv rathee youtube par search ho rha hai,0,Neutral
C3_mYPlvJeE,0:01 na bro no kambal only comforter and not a phone iPad Pro m5 13 inch 1tb and not a pookie,0,Neutral
C3_mYPlvJeE,Gym me hu bhai,0,Neutral
C3_mYPlvJeE,Tune ajibo garib thumbnail ke banaya bhai Tamil😂😂😂😂😂,0,Negative
C3_mYPlvJeE,Abe thumbnail 💀,0,Negative
C3_mYPlvJeE,Ab film dekhun ki nahi,0,Negative
C3_mYPlvJeE,Kursi pe baitha hua hu baki sab sahi hai,0,Neutral
C3_mYPlvJeE,captain america ka haat ma bacha hi doctor doom ho sakta ha,0,Neutral
C3_mYPlvJeE,Mere cumbal ke bare me apko kese pta,0,Neutral
C3_mYPlvJeE,Doctor doom Doomsday Mai  super hero Kay  bachay chori karey gah  movie Mai 🤣🤣🤣🤣🤣,0,Negative
C3_mYPlvJeE,thor ki beti? why not beta? future thor should be male na,1,Neutral
C3_mYPlvJeE,Chheee 0:04,0,Negative
C3_mYPlvJeE,ek bachha tony stark ki ladki bhi toh ho skti hai?,0,Neutral
C3_mYPlvJeE,King video bna bhai kb ayegi SRK ❤,0,Neutral
C3_mYPlvJeE,Kambal nhi hai 😢😢,0,Negative
C3_mYPlvJeE,"vai mera comment chura lia re 'comic verse"" k video se 🤣🤣🤣",0,Negative
C3_mYPlvJeE,Thor ki beti ? Par kiske sath ? Jo lady thor bani thi uske sath ? Ya kisi aur ke sath ?,0,Neutral
C3_mYPlvJeE,"0:05 Bhai yaar, mt kiya kr ye hrkat. 🤧🙃",0,Negative
C3_mYPlvJeE,Bai aapko kaise pata chala ki me kmbl me hu,0,Neutral
C3_mYPlvJeE,1:50 yah trailer kahan per hai,0,Neutral
C3_mYPlvJeE,Mitha h ky be ky Bol rha y 😂,0,Negative
C3_mYPlvJeE,Pj meetha button ✅🔘,0,Negative
C3_mYPlvJeE,Banao bhai vedios abhi nahi to kb 😂,0,Neutral
C3_mYPlvJeE,Pichhle 7 dino se 7 video same topic par. bas kar bhai kar bhai 😢🙏,0,Negative
C3_mYPlvJeE,"0:04 🚨 CRAZY MARVEL THEORY 🚨Captain America ko pata hai ki Spider-Man hi Peter Parker hai.Mai isko achise explain krta hoon.Avengers Endgame me timeline 2023 tha.Uss moment Steve Rogers past me travel krta hai Infinity Stones ko unki original timeline me return krne ke liye.Ab agar hum log MCU ki current timeline ko continue karein to Avengers Doomsday tak lagbhag 3–4 saal beech chuke honge.Matlab Steve Rogers present timeline me exist hi nahi krta.Aur yaha se theory bahut zyada crazy ho jati hai.No Way Home me Doctor Strange apna memory spell se sabki memory wipe kr deta hai.Har ek insaan aur hero ye bhool chuka hai ki Peter Parker hi Spider-Man hai.Lekin Steve Rogers to uss timeline me exist hi nahi krta tha.To technically us par spell ka koi asar nahi hua.Ab agar hum log Avengers Doomsday me dekhein to Steve Rogers appear hone wala hai.And theory ke hisaab se wo Sam Wilson ki Avengers team ko lead karega.Team discussion ke dauran Steve Rogers bolega ki hum log ko Peter ki zarurat hai.Wahi pe sab log hairaan ho jayenge ki Peter kaun hai.Tab Steve Rogers bolega, Peter Parker is Spider-Man.Aur waha sab log sunkar shock ho jayenge.Ab dekho, Doomsday se pehle Brand New Day aane wali hai.Uske post-credit scene me ek aisa moment ho sakta hai.Peter Parker apne apartment ki taraf ja raha hoga.Peeche se awaaz aayegi, “Peter.”Peter peeche murke dekhega…Aur saamne Steve Rogers khada hoga.Wo bolega,“Avengers ko tumhari zarurat hai.”Aur kahega,“Main wapas aa gaya hoon.”",1,Neutral
C3_mYPlvJeE,Ghar wapas aa gya kya bro?,0,Neutral
C3_mYPlvJeE,Tumne thumbnail change kar diya,0,Neutral
C3_mYPlvJeE,"Pj pura pagal ho gaya hai, Doomsday se pehle 100 video banake chorega...",0,Negative
C3_mYPlvJeE,main future se aaya hu pj ka death hone wala hai 😢,0,Negative
C3_mYPlvJeE,1:38 bhai par vo to concept trailer hena ?,0,Neutral
C3_mYPlvJeE,Safed kambal mein ho 😅,0,Neutral
C3_mYPlvJeE,marvel se jyada content farm to aap kr rhe ho,0,Negative
C3_mYPlvJeE,Aag ke pass hoon bhai,0,Neutral
C3_mYPlvJeE,Chomu hona😂😂,0,Negative
C3_mYPlvJeE,Ab to daba ke pj video banayega,0,Neutral
C3_mYPlvJeE,Iron man ki beti ka kya,0,Neutral
C3_mYPlvJeE,Bas kar bhai or kitna aur Kitna ghisega Marvel ke 😅,0,Negative
C3_mYPlvJeE,Ek bhi sahi ni tha😒... scroll krte krte feed pr aa gaye ho,0,Negative
C3_mYPlvJeE,Pookie ky hua bhai ye chapri word use mt kro,0,Negative
C3_mYPlvJeE,Tu aise Thumbail kyo banata hai PJ 0:57,4,Negative
C3_mYPlvJeE,Sandas me hag raha hu,0,Negative
C3_mYPlvJeE,PJ Humlogo ko ek proper reply chahiye to Dhruv rathee. From you,0,Neutral
C3_mYPlvJeE,Bro ya kya L intro tha,0,Negative
C3_mYPlvJeE,"Itna sab 3 hr mein hine se raha, kam se kam teen 3 hr movie bana lete toh thik hota...",0,Negative
C3_mYPlvJeE,Nahi Bro not correct,0,Negative
C3_mYPlvJeE,Bhai kaise pata tereko 😂,0,Neutral
C3_mYPlvJeE,Itna vela hu ki 1 sec mai agaya,0,Negative
C3_mYPlvJeE,Saale kahan camera lagaya hai be 😂 0:05 Saari baatein kaise jaan liya??,0,Negative
C3_mYPlvJeE,aap wapas ghr chle gye kya?,0,Neutral
C3_mYPlvJeE,0:01 kahan chupa hua hai pj mere kamre main😅😅,1,Neutral
C3_mYPlvJeE,Dhruv Rathee pe video kab aayega 😪😪😪😪😪😪,0,Neutral
C3_mYPlvJeE,Doom ka duth nikal dunga ab 😡,0,Negative
C3_mYPlvJeE,Bro ye sab bhad me gaya tu dhruv rathi par video bana,0,Negative
C3_mYPlvJeE,0:05 Bhai meri bndi se jyada to tere efforts h mere liye 😭😭,2,Positive
C3_mYPlvJeE,Ghanta kuch samjh nhi aaya😓👍,0,Negative
C3_mYPlvJeE,Bc image lgane ka option hota toh jrur btata bhai fulo vali calvin me hi leta hu 😮😂,0,Neutral
C3_mYPlvJeE,Bc rikshaw me hu office se ghr ja rha jldi kuch sunao 😂,0,Negative
C3_mYPlvJeE,Are haa bhai haa,0,Positive
C3_mYPlvJeE,Bhai marvel ki chatna band kar do ye btao IT ka review kab kroge,0,Negative
C3_mYPlvJeE,"Nahi bhai japan me hu, shibuya crossing pe background me chalte chalte sun rha hu hahaha",0,Neutral
C3_mYPlvJeE,3:15 background me bacche ka aavaj aaraha hai,8,Neutral
C3_mYPlvJeE,Kya bakchodi karte ho bhai. Sigma hu mein,0,Negative
C3_mYPlvJeE,kya bakchodi hai ye start me,0,Negative
C3_mYPlvJeE,0:05 cringe hogya video band kardi,0,Negative
C3_mYPlvJeE,Bhai Kisi din Tere thumbnail dekhkar mar jaunga,0,Negative
C3_mYPlvJeE,Saal pookie na bol,1,Negative
C3_mYPlvJeE,Single ho na,1,Neutral
C3_mYPlvJeE,0:01 nhi bhai padha likha berojgar hu 😅,3,Negative
C3_mYPlvJeE,Mc ye Kase thumbnail heh 😂😂,0,Negative
C3_mYPlvJeE,beta bakchodi nahi,0,Negative
C3_mYPlvJeE,Agyaaaaa apun dekhne 😂,2,Positive
C3_mYPlvJeE,Bhai saaf pata chal rhe padh rhe hoThoda feel daloEmotion convey ni ho rha,0,Negative
C3_mYPlvJeE,Bhai cringe mat ban yaar..,0,Negative
C3_mYPlvJeE,Persona kyu hora bhai,0,Neutral
C3_mYPlvJeE,Bro thumbnail change Karo 🤢🤮,0,Negative
C3_mYPlvJeE,"Ye kya faltu thumbnail dala hai  🤬, agar marvel ko disney ki jaga Netflix ne kharida hota toh shayad doomsday me yahi ho raha hota par kyoki DC ko kharida hai toh shayadLeft side me super manRight side me batmanaur middle me Wonder woman 3x fun 😜",0,Negative
C3_mYPlvJeE,Bhai janta ho ai sab video se tujhe Paisa milta ha par apne desh ke bare mai bhi kuch bata diya kar ..sirf doomsday aur doomsday aur koi kuch bana nhi chakte kiya,0,Negative
C3_mYPlvJeE,Bhai pura sab sahi bola!!,0,Positive
C3_mYPlvJeE,Arrey bas Kar yaar kitne marvel ki jaath seh laye ga! Kuchh aur topic PE vid bna,0,Negative
C3_mYPlvJeE,Bawal theory bc🎉,0,Negative
C3_mYPlvJeE,pagal to tu ho gya...1 week me 10 vdo marvel pe 😂😂😂,0,Negative
C3_mYPlvJeE,0:04 are bhai sab sach hi boldiye😂😂,0,Positive
C3_mYPlvJeE,Bro saare sahi,1,Positive
C3_mYPlvJeE,0:05 ye to meri baat kara hai 🫢🫢😂,5,Neutral
C3_mYPlvJeE,ye sabh theek hota agr 5 sec phle video dekh rha hota Pj maharaj  ki jai,0,Positive
C3_mYPlvJeE,Bhai tu khud bhi pagal ho chuka hai,0,Negative
C3_mYPlvJeE,bhai intro ka.. ek bhi sabd pe khada nhi utar paya me 😌,0,Negative
C3_mYPlvJeE,Pj be like : Paisa hi paisa Ab Ak saal paneer khaunga 😂😂,4,Neutral
C3_mYPlvJeE,Are ha Bhai ha😂😂,0,Positive
C3_mYPlvJeE,bahi start ma kya kah dya,0,Negative
C3_mYPlvJeE,itna berozgar hu mai 😢,2,Negative
C3_mYPlvJeE,Bhai aapne to pura hi nichod liya ek ek trailer ko,3,Neutral
C3_mYPlvJeE,but bhai wo dhruv rathiii😶?!?,3,Neutral
dpIJHTIEKC0,"Thank you algorithm,ramayana ke teaser se compare karne ke liye 😂😂",108,Positive
dpIJHTIEKC0,"""picture buri nahi..wahiyat hai""PJ never disappoints",7372,Positive
dpIJHTIEKC0,"""Pravash ek bada star honge mager ramayan se bada nahi""- pj 0:41",142,Neutral
dpIJHTIEKC0,"'Prabhas bade star honge, par Ramayan se bade nahi'. - the PJ, 2023",59,Neutral
dpIJHTIEKC0,5:55 picture buri nhi hai wahiyat hai😂😂😂😂,177,Negative
dpIJHTIEKC0,Kon kon ramayan ke announcement ke baad aye hain?😁,236,Neutral
dpIJHTIEKC0,"When PJ says""Main Manta hoon Prabhas ek bade star honge, Par Ramayan se bade nehi...""❤️",406,Neutral
dpIJHTIEKC0,04:54  yahan PJ pighal geya😂😂,46,Neutral
dpIJHTIEKC0,@6:59 min of pure truthMai toh phele se hi nahi dekhne wala tha,39,Positive
dpIJHTIEKC0,"""Apne Dhan aur yash k posan krne k lia, inhone hmare bhagwan k mjak bnaya h""...........Best line❤.........Pj never disappoints",252,Positive
dpIJHTIEKC0,Fun Fact is that :- Adipurus ek aisi movie hai jis ko har DHARM ke log boycott kar rahe Hain 😂,8,Neutral
dpIJHTIEKC0,"That line ""buri nahi hai waahiyaat hai"" goes like a knife in the butter",39,Positive
dpIJHTIEKC0,4:15 ek dialogue repeat hogaya ig,32,Neutral
dpIJHTIEKC0,"The level of criticism bhai sahab. Props to PJ for having the balls to not sugarcoat any of the criticisms. Makers will be noticing his views, and they will try to take some sort of action, but we got your back PJ.",355,Positive
dpIJHTIEKC0,Bhai aap ki yahi bat to lagati hai movie ka bahut achhe se review karte ho 5:25,14,Positive
dpIJHTIEKC0,I'm Christian but Bachpan se hi Ramayan aur Mahabharat ki kahani dekhna mujhe bahut pasand he. Par kaal mene movie dekhi aur inhone ramayan ka mazak banakar rakha he,6,Negative
dpIJHTIEKC0,"""prabhas ek bare star honge par ramayan se nahi"" this line touched my heart PJ",28,Positive
dpIJHTIEKC0,"03:21 Ramayan legends of prince Rama, ne bhi 3 ghante se kmm tym ki movie m better story represent ki hh.",26,Positive
dpIJHTIEKC0,6:45 yaha pj ne bohot badi baat boli pr kisi ne dheyan nhi diya 😅😅,2,Neutral
dpIJHTIEKC0,Best film hai ajtak ki ise 5 oscar milni chahiye1. Best vfx2. Best acting3. Best direction4. Best Casting role5. Ye sab Barbad karne ke liye,123,Positive
dpIJHTIEKC0,"bhai totally agreee .👍👍👍👍but nowek baat bta 1:20 min pr ek awaj ayi thi, kya gira tha 😁😁",10,Positive
dpIJHTIEKC0,0:25 Gober mai chini Pj bhai,20,Negative
dpIJHTIEKC0,"That pause before ""mat hee dekho yaar""😂💯",6,Positive
dpIJHTIEKC0,Inse atcha toh Spiderman across the spider verse hai bhai aur ramayan the legend of Prince Rama  4k remastered dekhne mein maza ayega,1,Negative
dpIJHTIEKC0,"Ztv me jo pahle ""Jai Jai Bajrang Bali"" name ka Serial deta tha woh ab mujhe Adhipurus se jyada accha lagne laga hai🙂",1,Negative
dpIJHTIEKC0,Manlo bhai isse to legend of prince ram hi 1000 times better hai sachme lagraha hai ki south hi justice de payegi aisi stories ko,1,Negative
dpIJHTIEKC0,"Bhai bahut sahi bat kri👀👍Ye logo ko khud hi nahi pta bhagvan par movie bana rhe hai to bhgvan ke shabd kya hone chahie. aur kuch sawal pucho to kha ki bat kha le jate hai, kharch to 700 sau karod kr dete hai par logic ki bat ek nahi krte, isse achha 5 karod unhe de dete jo ramayan aur ram charitra ka accha gyan rakhta ho, kya soch🤔 ke itne itne paise barbad kr dete hai🙄🙄😵‍💫",1,Negative
dpIJHTIEKC0,"PJ Bhai ka last dialogue,shukra manao ki apne Prabhu Ramji pe movie banai hai bach gaye varna apko pata chalta internet ka prakop kya hota hai. Was ultimate...",1,Positive
dpIJHTIEKC0,"This line "" Prabhas bade star honge magar Ramayan se bade nahi"" ❤️❤️❤️❤️",5,Positive
dpIJHTIEKC0,"Bhai I’m a Muslim,, bachpan me maine cartoon mai Ramayan dekh ke hi bada hua ,,, mujhe abhibi utni hi excitement hoti hai jitna mai school se bhaag ke aata aur aram se Ramayan dekhta ❤.Mujhe Ram ka dhanush todne waala ,, Maruthi se milne wala , Aur Ravan ke saath fight aur sab kuch achha lagta hai…. Leking e movie mujhe niraash kar gayi…☹️",19,Negative
dpIJHTIEKC0,3:01 Use acha pj se likhva lete,30,Neutral
dpIJHTIEKC0,1:25 saapo ke saath maalish😂😂🤣,5,Negative
dpIJHTIEKC0,"Bhai ne starting me kaha ki "" chalo Bhai log thoda thanda dimak se charcha karte hai "".  Lekin director ka yeh masterpiece thanda hone nai deta kisi koo 😂😂😂😂. Bhai ne kaha se aggressive mode leli pata hi nai chala",1,Positive
dpIJHTIEKC0,Yeh Haters ka bol nahi he.. sach ko sach ka himmat he.,1,Positive
dpIJHTIEKC0,Bhai main bahut zyada dukhi hun aur nirash bhi. Mujhe bahut Khushi thi ki koi aisi movie ban rahi hai lekin ab yaar India WTC final ki haar se bhi zyada dukhi hun.😢,0,Negative
dpIJHTIEKC0,Picture se jyada goosebumps to review me aagya ❤Pj never disappoint us❤,19,Positive
dpIJHTIEKC0,Jo bhi ho bande ne end tak 'aap' kaha...tum ya tu nahi kaha😂😂🤣,2,Neutral
dpIJHTIEKC0,recommend baad mein kissi ko bata bhi nahi sakte ki aisi ek film bhi bani hain,1,Negative
dpIJHTIEKC0,PJ bro liked your last wala Dhamki😅,2,Positive
dpIJHTIEKC0,Pj never disappointYeh trend kabhi end nhi hoga😂😂,5,Positive
dpIJHTIEKC0,5:41 Bhai hmare Prabhu shree ram ki bhi bezzati h ye movie toh ban honi chaiye,4,Negative
dpIJHTIEKC0,Bhai saab ... Aj to sare emotions hi aa gye bahar ...!!! Goosebumps aa gye bhai ..,0,Positive
dpIJHTIEKC0,Bhaiya aapne ekdm khul k btaya ❤ salute bhai apkoAur movie maker ki m.. ki a.. Movie agr bhgwan k upr na hoti to mai bak deta.,0,Positive
dpIJHTIEKC0,Agr poster mai parbhu Ram ka Naam hota na ... cenima hall kai sara poster faad deta h,1,Negative
dpIJHTIEKC0,Aaj pure 1 saal ho gye adipurush ko 😂😂😂,1,Neutral
dpIJHTIEKC0,Adipurush ko boycott kro 3:58,10,Negative
dpIJHTIEKC0,bhai iss production ko bol dena ki Mahabharat ki taraf katai dyan nhi dengei love golden gatha MAHABHARAT❤,1,Negative
dpIJHTIEKC0,Bhai Ramaya ka anime tha vo boht badiya tha ye mai soch ra tha dekhne ko but mai phir vohi animated movie dekh lunga dobara,0,Positive
dpIJHTIEKC0,Ab samjh mein aya Tanhaji kisne direct ki thi.,1,Neutral
dpIJHTIEKC0,1:32 jis time pj khud ko ek female ki trah treat kia😂Main jis par keh sakti hoon 😂😂😂,6,Negative
dpIJHTIEKC0,Pj bhai ne pura apna frustration nikal diya,0,Negative
dpIJHTIEKC0,"""Mitti pe cheeni daal dene se woh muffin nahi ban jata."" is still better than the whole script of adipurush.",13,Positive
dpIJHTIEKC0,Adipurush bakwas hai humare culture ko humare history ko aur toh aur humare bhagwano ko bhi disrespect krti h Pr 6:25 pr ek kutta bhauk rha h background mein ap apne studio mein sound proofing krwa lijiye,23,Negative
dpIJHTIEKC0,Me toh dekhte dekhta so gaya tha ab opinion kese du😅😂,1,Negative
dpIJHTIEKC0,Mai soch hi rha tha ki apni bhadaas kaha nikalu is film ko dekhne ke bad. Pr Ye explanation sunkr thodi man ko shanti mili!,0,Positive
dpIJHTIEKC0,To bhai pj raavan assur tha 1:10To osse kaise present karega yaar.tum log bhi na itne immature ho kya batao,3,Negative
dpIJHTIEKC0,"3:03 Aise dialogues sunke hi mere hall mein kuch uncle o ne keh diya "" Yeh kis mc ke aulad ne bana diya ye picture""",8,Negative
dpIJHTIEKC0,Bhai ravan ka mahal bhi mcu ke asguard ke mahal ko black karke banaya gya hai,0,Negative
dpIJHTIEKC0,End me kya hi mast bola hai pj ne :),0,Positive
dpIJHTIEKC0,Bahi bilkul  sahi review diya aur aik chij bhul gye Indrajit ko to flash banna rakha hai inho ke vo thir kaman chala hi nahi rha upar se tatoo de diya sarir pe aur,0,Positive
dpIJHTIEKC0,I am very disappointed with this movie Bhagwan ke naam per Kuchh Bhi banaa Dete Hain aajkal.😔😔😔,1,Negative
dpIJHTIEKC0,Ye movie toh adipurush se jyada modernpuruush lagraha he,1,Negative
dpIJHTIEKC0,Video ki script and writing achi krte ho PJ bhai,1,Positive
dpIJHTIEKC0,"Aaj to pj bohut garm ho gaya , bhai",1,Neutral
dpIJHTIEKC0,Sabki review ek traf aur PJ ki review ek traf❤,0,Positive
dpIJHTIEKC0,"6:30 pj bhai background azaan hori thi bhai thodi der rokke video bana lete bhai 😢😢 sorry bhai , you disappoint me 😔 because this my reasonAnd you never disappoint on your review ❤❤❤love you bhai",1,Negative
dpIJHTIEKC0,600 CR wasted 😓 isse accha to (starplus) Mahabharat serial Wale bana dete...,1,Negative
dpIJHTIEKC0,Isse accha writing to asur web series ka hai😊.....i mean the dialogues of shubh Joshi and anant were the best❤️,0,Negative
dpIJHTIEKC0,"Hamen trailer dekhte hi samajh jana chahie tha ki yah Ramayan nahin hai, yah Adipurush hai 😅 jiska Ramayan se koi lena dena nahin. 😅Agar aap sach mein Ramayan ko dekhna aur samajh na chahte hain toh 1987 mein aaya hua 78 episode wala Ramayan aapko dekhna padega, aur agar aapko itne sare episodes dekhna boring lagta hai toh Ramayan ke naam pe Adipurush dekhne mat jao.Aapko Bata dun ke, agar aap 1987 wala Ramayan ka sirf Ayodhya kand dekh liya matlab 25 episode tak, toh Shri Ram ji ka aur Shri Bharat ji ka ek dusre ke liye Jo pyar aur ijjat hai woh dekhkar aap itna royoge ki sare episodes dekhne per majbur ho jaaoge",1,Negative
dpIJHTIEKC0,Creative Liberty Ke Naam Pe Yeh Last Mein Raghav Janki Ki Ek Lip Lock Bhi Dikha Dete To Main Hayraan Nehi Hota.. 😖😑,0,Negative
dpIJHTIEKC0,Bhai ye roast nahi tha ye to complete annihilation tha 😆Well deserved annihilation though. Good work,1,Positive
dpIJHTIEKC0,Adipurush dekhkar pata chala Katappa ne Bahubali ko kyun maara tha 😀🤣,1,Negative
dpIJHTIEKC0,Prabhas bde star honge par ramayan se bade nahi ❤,1,Negative
dpIJHTIEKC0,Acha bola vai..proud of you mere vai❤️❤️,0,Positive
dpIJHTIEKC0,"Actually it's not a original ramayan,it's just a fictional movie which deserves criticism n roasting 😂😂",1,Negative
dpIJHTIEKC0,3:31 Asur webseries ke dialogue writer ko afford nhi kar paye to manoj hi sahi😂,0,Negative
dpIJHTIEKC0,"""prabhas ak bhade star honge par ramayan se  badkar nahi"" s i respected a lot for that line 🙏👌",0,Positive
dpIJHTIEKC0,"Bhai dil se bol raha hoon... Shayad aap meri comment padho ya na padho lekin... Puri video dekhte huye ye lag raha tha ki me saans hi nhi le raha... At the end aapne jo pause liya uss time me like.... Husshhhhhh..... Hum aap jaise logonke video dekhte he movie dekhne se pehle. It's not that ki movie ka ticket hume kharidna chahiye ki nhi... Lekin kya sach me uss movie me taste he. Muze aap ke vajah se pata chala ki cinematography kya hoti he, screenplay kya hota he, flik kya he aur bohot kuch. Than you for your videos. Aadipurush team ne sach me sirf paiso ke bare me socha he.",0,Positive
dpIJHTIEKC0,"Bhai iss reaction ko dekh k sukoon mila.. bina Manoj Muntashir jaise dialogue k bhi kisi ko aainaa dikhaya jaa skta hai ye bta diya aapne.. sachme wahiyat movie hai.. achha hi hoga ki isko koi baccha naa hi dekhe, varna vo humaari sanskriti aur shuddhata nhi samjh paayega.. aur kaha gaayab ho gyi boycott gang,, yha to puri Ramayan hi galat dikhayi gyi, ab kyu nhi ho rhi boycott,, infact ye so called hindu PMs bhi iss movie k blessings section me kyu hai!!!",0,Positive
dpIJHTIEKC0,Mitti oe cheeni dalne se wo muffin nhi ho jata😂😂😂.kya dialogue he yar,0,Positive
dpIJHTIEKC0,Memers ki moj la ghai 😅😂😂,1,Positive
dpIJHTIEKC0,Bhai mahakavaya nahi history h,1,Neutral
dpIJHTIEKC0,Bhaiii Nitish Tiwari ke Ramayana ke announcement ke baad yahan aaya hun😂😂,2,Neutral
dpIJHTIEKC0,Bhai tune Dil Jeet Liya Jai Shree Ram ❤,0,Positive
dpIJHTIEKC0,Bechara Pj explained apna gussa nhi chupa paya....suru mai khosis kr rha tha ki thoda naram se baat Karu krke pr baad me to  movie ka gussa to nikal hi jata hai😂😂,0,Negative
dpIJHTIEKC0,Bhai movie was great maza agaya dekh ke. Wese i am from parallel universe,0,Positive
dpIJHTIEKC0,PJ Isse Achha to Me Legend Of Hanuman Vali Series ka Wait kr lu 🤦 Unhone Kya Khub Animation Kra He Dialogue Bhi Kya Khub He Bhai Ek Video vo series Pe Banao,0,Negative
dpIJHTIEKC0,Pj bhark gya ajj toh 🔥🔥,1,Positive
dpIJHTIEKC0,"Maine to trailer ko dekh k hi, maine haath khade kr diye",0,Negative
dpIJHTIEKC0,Ek tarf vo muslim makers dekho jinhone mahabharat aise banayi ki hum aaj bhi bar bar dekhte hai...... Aur ye dekho....,1,Negative
dpIJHTIEKC0,watching this 3rd time..! I love the way you roast. Akho ko thadak mili.,0,Positive
dpIJHTIEKC0,"PJ vai, ❣from Bangladesh. ap to ekdam vardak gaye. santi rakhiye-------santi.. ❤❤✌✌",0,Positive
dpIJHTIEKC0,"DHARAM ke naam pe ""Hindus ko kuch bhi chalega"" wali mentality is well prevailed after 2014, set by our beloved 🙏🙏🙏🙏PM with the main ingredient HATE",2,Negative
dpIJHTIEKC0,Yarr koi bhi mukut kyu nahi pehan raha hai ramayan me,1,Negative
dpIJHTIEKC0,"Me gaya tha gf ke saath movie dekhne First day 2nd show, then first scene me bramha ji aate hai ravan ko vardan dene....Jo varda dia wo actually me Hiranyakashyap ko mila na ki ravan ko.To me or meri gf 2no confused hogaye ki ye ramayan hai ya kya hai",1,Positive
dpIJHTIEKC0,"case a file against them ...though I'm a muslim , I think that this movie is insulting for Hindus",1,Negative
dpIJHTIEKC0,Yahi reason hai ki new generation sub bhoolte ja rahe hai bache ye dekhenge to unko to ye hi real lagega.,0,Negative
dpIJHTIEKC0,The legend of prince Rama 4k mein kab tak aayega,0,Neutral
dpIJHTIEKC0,Abhi sunne me aa raha he ki writer bol rahe he they are inspired from ramayanWo tu ramayan banaya hi nehi sirf inspired he,0,Negative
dpIJHTIEKC0,0:51 Ramayan 5th Century BCE me likhi gayi thi,1,Neutral
dpIJHTIEKC0,Pj bro video toh achi hai pr yaar minor cut ka toh dhiyan rakh liya kro 😊😜,0,Positive
dpIJHTIEKC0,"I like the statement ""picture buri nahi h wahiyar h"" lol🤣🤣🤣",0,Positive
dpIJHTIEKC0,Bhai wo chamgadar abhi bhi he kya movie me😂,0,Negative
dpIJHTIEKC0,Broh  aise hi rahna you nailed it,0,Positive
dpIJHTIEKC0,"Hum sab jaante he ki raavan bhagavan shiv ka kitna bada bhakt tha, iss movie ke raavan ko to Puja ke samay shivling ke saamne hath jodne bhi sharam ati he, you have to notice ki kis tarah se hath jode he 😡😠",1,Negative
dpIJHTIEKC0,Ramayan ki isse jyada bezatti aur kya ho sakti hai😤😤😤Dialogues dekh ke to lagta hai ki makers ka kya hi hoga 😬😐😐😑,1,Negative
dpIJHTIEKC0,Yar matlab Pj apna 0.001 % power use kar rha hai apna gussa ko control karne ke liye,0,Neutral
dpIJHTIEKC0,Bhai ekdam meri language me bol diya... Ma chod diye bhaiya ji ❤,0,Positive
dpIJHTIEKC0,"Wahi me socha mere area me movie ki ticket 100rs bik Rahi hai, me smj gaya ye nhi chalni wali",0,Negative
dpIJHTIEKC0,Galti board ki bhi hai jinhone ye muvi pass kari. Jaane kitna paisa unhone bhi khaya hoga isko pass lrne ke liye. Hadd hai,0,Negative
dpIJHTIEKC0,Bhai mene movie dekhi....final trailer se lg rha tha ki movie me kuch good changes kiye h....but CGI bilkul bkwas tha....seen ese change ho rhe the jese koi bda part hi cut kr diya ho.....i am very disappointed from the movie 😩,1,Negative
dpIJHTIEKC0,Pj bhai to dhaga khol diye 😂,0,Positive
dpIJHTIEKC0,What a review by pj 🔥🔥( Maza aaya 😂),1,Positive
dpIJHTIEKC0,Pj ne 1 million logo ko iss film se bacha liya😮‍💨,0,Positive
dpIJHTIEKC0,I love you pj bhai kya hi bolte ho aap main toh fan ho gaya aapka❤❤❤❤,0,Positive
dpIJHTIEKC0,Bhai Cartoon wali Ramayan hi best thi jo bachpan main dekhi thi,0,Positive
dpIJHTIEKC0,bhai mera to poster dekh ke hi man udgaya tha,0,Negative
dpIJHTIEKC0,Increased my respect for Kisi ka bhai kisi ki jaan,0,Positive
dpIJHTIEKC0,Mai toh Yahi Soch Raha hu Wo kon si Sasti Film Festival hai jis mai is tatti ko liya tha ?? 🤣🤣🤦🏻‍♂️🤦🏻‍♂️,1,Negative
dpIJHTIEKC0,100% brother censor board ki bhi galti hey isme,0,Negative
dpIJHTIEKC0,Mukhe sbse jyada dialogues ne disappoint Kiya baki sb toh phir bhi theek tha,0,Negative
dpIJHTIEKC0,"Main bas Shri Ram ko dhundtha he rhe Gaya is movie mai ,Movie katam hone par maine ek wakti sai  pucha tho usne bataya ki Bahubali he Ram the😲",0,Negative
dpIJHTIEKC0,Vai ko itne gusse me kabhi nahi dekha gaya hoga...😮,0,Neutral
dpIJHTIEKC0,Main to achambhit ho gaya ki in logo ne iss tarah ki ghatiya or wahiyat dialogues likhe hain.....though I did not watch the film....and of corse will not......😂......agar justice nehi kar sakte to banao bhi mat yrrr......,1,Negative
dpIJHTIEKC0,Itni badi Epic legend ko wahiyat banake rakh dia.Ham bahar walo ko bahubali or RRR recommend karte hai.....par isko kaise dekhne ko bolenge.... pathetic quality.,1,Negative
dpIJHTIEKC0,Pj ko Maine Pehli baar itna gussa mein Dekha,0,Neutral
dpIJHTIEKC0,3 ghante mein agar Ramayan nahin ban sakti to fir cartoon wala 2 ghante mein kaise ban jata hai bus yahan per cartoon ki jagah asali character hi to be Thanethe 🤨???,0,Negative
dpIJHTIEKC0,Yea movie maine dekha nahi per...i can feel this movie from his expression 😂,0,Negative
dpIJHTIEKC0,"Side kar diya...Indian abhi bhi shant hai... Aisi ghanghor bezati kahun, humare pujniye shri ram ji ki gantha ki... Picture Director kiDialogue Writer keTou backlash bhi inka...",0,Negative
dpIJHTIEKC0,gussa nhi pj bhai gussa nhi,0,Neutral
dpIJHTIEKC0,Bhai amish sir ki triology ravana sita aur ikshwaku ke wanshaj hi padh lete script aur dialouge dino mil jate visual effects khud hi ban jate kya banana hai..😢,0,Negative
dpIJHTIEKC0,Bohot Sahi Bola Bhaiyya 💯,0,Positive
dpIJHTIEKC0,Even PJ's script is better then adipurush and jab pj ne kaha ki ramayan pe movie bani hai isiliye log zada khulke nhi bol rahe hai toh bat mene khud me bhi notice kari and as we all know this guy never DISAPPOINTS,1,Positive
dpIJHTIEKC0,Mere pyaare Bhayya kisi bhi movie dekhne se pehle disclaimer pado bhaii Bhai 😂😂😂😂😂 aap se ye ummed nahi thii aapko padna nahi aata..😂😂😂😂😂,1,Negative
dpIJHTIEKC0,kal mene socha thaa janekoo dostho ke sath lekeni reals me ayya ki kuchbii banaya gaya he esliye 200 rupya uske upar invest karnese achha bachpan me dheka huva animated series hee achha thaa,0,Negative
dpIJHTIEKC0,Achaa hua mene nhi dekha barna eye drop ke jagah prr  Dettol dalna padta😅,0,Negative
dpIJHTIEKC0,Lanka Ka Structure Bhi Marvel Ke Asgard Se Ditto Churaya Hua Hai Sirf Usko Grayscale Kardiya 😒,0,Negative
dpIJHTIEKC0,I haven't saw movie yet but by your reaction mujhe bhi ghusaa aa raha hai .,0,Negative
dpIJHTIEKC0,"Wo attachment to feel hi nahi ho rahi , jo Ramanand Sagar ji ke Ramayan se ho rahi thi😡😡",0,Negative
dpIJHTIEKC0,bahi yar mann ki baat bol di,0,Positive
dpIJHTIEKC0,Maine adipurush movie the flash ke bad dekhi Mera pura mood kharab ho gaya mujhe theater mein nind aane lag gai thi mere baju ke uncle aunty to dekh ke movie ko hansne lag Gaye the unki bacchi boli ki movie bahut acchi hai bahut comedy hai😂 and credit bahut jaldi ja rahe,0,Negative
dpIJHTIEKC0,Choro bhaiya en dialogues ka cut out  dakh dakh kar or Dil nahi Manta,0,Negative
dpIJHTIEKC0,"Aaj maine mummy ke sath dekh kar aya Adipurush, mummy ne bola kal se movie dekhne mat bulana 😐😐😐",0,Negative
dpIJHTIEKC0,😂😂😂 very true kaha apne bhai😂,0,Positive
dpIJHTIEKC0,Kya hi bole inko ramayan ka dialogue Wala hi news channel pe bol Raha hai ki aajki YOUTH ke hisab se dialogue lika hai taki vo CONNECT ho sake. It's shame vo esa sochta hai ki Aaj ke gen saral aur sudh Hindi Naa samaj sakte,0,Negative
dpIJHTIEKC0,Extraction pe review dedo bhai ab ye toh maine dekhna hi nhi hai🙃🫠,0,Negative
dpIJHTIEKC0,Ab sala curiosity jag gyi hai ki dekhe to shi hai ki koi movie kitni vahiyat ho skti hai ...😂😂,0,Negative
dpIJHTIEKC0,Adipurush dekhne k baad meri Race 3 k liye jada respect badh gyi hai😅😅😅😅😂😂😂😂,0,Negative
dpIJHTIEKC0,Adipurush ramayan ho hi ni skta 🙌,0,Negative
dpIJHTIEKC0,1.5M ..Viral ho gyi re teri video,0,Positive
dpIJHTIEKC0,Jala do us theatre ko jismein Adipurush lagi hai,0,Negative
dpIJHTIEKC0,Isi baat ka darr tha language ka... Lets see in Telugu ....somvaar ke jaunga dekhne,0,Neutral
dpIJHTIEKC0,At least koi to he jo honest opinion de raha he 🤣,0,Positive
dpIJHTIEKC0,Bhai mein apnilife me kabhi Nehi dekhunga.....,0,Negative
dpIJHTIEKC0,Jaa raha hu bro anime wali ramayan dekhne,0,Neutral
dpIJHTIEKC0,Bhai isa achi move to olde age   ma hi bana Dali ti,0,Negative
dpIJHTIEKC0,❤❤❤❤honest reaction movie buri nahi ghatiya thi .Sayad inhoñe intentionally banayi itni wahiyat movie,1,Negative
dpIJHTIEKC0,Bilkul sahi baat PJ bhai😂,0,Positive
dpIJHTIEKC0,Bhai thoda ybp ki comments main dekho Appka tarif he tarif❤❤❤,0,Positive
dpIJHTIEKC0,Apki baat sunkar sukun mila yaar😉🫠🥹😌😌😌😌,0,Positive
dpIJHTIEKC0,Yeto parbas ko khod sochna chaiye tha .jo intni moti rakam le rha tha yebi nei socha ke hum dekhe ge nei pese kha se aye ge😢,0,Negative
dpIJHTIEKC0,Movie kitni wahiyat hai. Wo hi dekhne kiliye log movie dekhne jayenge 😂😂😂,1,Negative
dpIJHTIEKC0,Adipurush movie kisi cartoon se kam nahi hai Mai to kehta hu jise Ramayana dekhni hai to legend of Hanuman dekhlo vo Adipurush bahot achhi hai,0,Negative
dpIJHTIEKC0,Bhai pehli baar itna gussa dekha hai isko,0,Neutral
dpIJHTIEKC0,Waahiyaad hai re actual word,0,Negative
dpIJHTIEKC0,Pj bhai ki suddh hindi far batter than Adipurush's chappri language 🙌🏻,0,Positive
dpIJHTIEKC0,Abey ohh disclaimer pada nahi kya kyu padna nahi aata hai kya pad na nahi aata aur channel kol rakha hai bhai tu...😂😂😂😂,1,Negative
dpIJHTIEKC0,Isse acha hai ki ramanand sagar ki ramayan dekh len,1,Negative
dpIJHTIEKC0,Bollywood never disappoint us in humiliating Hinduism. Shame!!!! Sabko pata hai ki bollywood ke ye dalle log kaise Hinduism ko bar bar galat tarike se represent kiya hai. In besharmo ko Hinduism ke upar koi film banane ki permission dena hi nhi chahiye.,0,Negative
dpIJHTIEKC0,bhai thanks mai dekhne wala thaa pr aab nhi jaounga dekhne 😅😂😂😂😂,0,Negative
dpIJHTIEKC0,"mujhe to pehle se hi pata tha ki ye bhut hi bekar movie hone wali hai, thank god maine ye theatre me jake nahi dekhi or nahi kabhi ise dekhunga, Ramand Sagar's Ramayan is the only on screen Ramayan for me ❤❤",0,Negative
dpIJHTIEKC0,Ye kya bana hai 🙂 Yrrr Ravan ka castle to Gold ka tha... Or Bhai ladayi To din me hota tha To isme Raat me abe chal kya rha hai 😒,0,Negative
dpIJHTIEKC0,ab smje inn logo ne trailer ke review wala video kyu down krwaya tha 😂😂,0,Negative
dpIJHTIEKC0,Mja Aa Gya Pj Bbai,0,Positive
dpIJHTIEKC0,Ek batt toh hai ki yeh religion ka established hona hi problems yarr religion apko sikanee aur sahi margdarshan ke liye banne naki religion ke naam  pe ladhiya aur conflict ke liye😅.,1,Negative
dpIJHTIEKC0,Bhai maine dekha 1st day hi. Achha hi laga. But isko Ramayan nahi kah saakte.,0,Neutral
dpIJHTIEKC0,Pehli baar PJ ko gusse hote dekha hai 😑😐,0,Neutral
dpIJHTIEKC0,After watching this review me to aadipurush movie : ye to tattti h 😂😂😂😂Obviously not for the RamayanaBut the way makers represent this movie..,0,Negative
dpIJHTIEKC0,Ye film mene isliye nahi dekhi kyu mujhe PJ ka review dekhna tha par ab PJ ke review ke baad mein ye movie harkiz nahi dekhunga,0,Negative
dpIJHTIEKC0,"I am sorry to say this but listen, adipurush movie aap logon ne negetive perspective se hi dekha hai,ha main manta hu movie me bohot bohot saari kamiya hai but kuch achii baate bhi hai achii batao se mera matlab music's and songs ni, unki mehnat se hai jo unhone ne try kiya ushko aap logo ne dekha hi nhi lekin mujhe lgta hai pj bhaiya aap log to reviewers ho aap log ko to mere se jyada knowledge hai in sab ke baare me isi liye sach hi bola hoga!🙂Lekin main bhi movie dekhi aur maine bohot injoy bhi kiya movie ko bina ushki kamiya nikale, aur jo log meri ye baate sunkar mujhe sacha hindu ni hu ye bolne wale hai na main unko pehle hi bata du,""hindu hu isi liye is movie ko dekhne gya""aage aap log khud smajhdar ho!🙂! Jai Shree Ram🙏",1,Negative
dpIJHTIEKC0,Bhai adipurush pr finally kisi ne case kr diya h.... Chlo boht bdiya hua adipurush ke saath,0,Positive
dpIJHTIEKC0,Disappoint ka dusra naam Om Raut 😢,0,Negative
dpIJHTIEKC0,"Bhai ye movie na dekh kar Old wala Anime Ramayan dekhlo , 1000x accha hay",0,Negative
dpIJHTIEKC0,Bhaiyaa mere muh se nikl gyii,0,Positive
dpIJHTIEKC0,Adipurush movie of Prabhas and kirthi. Adipurush movie ghatiya to bani hi hay lekin daylog be like haan meri jaan.,0,Negative
dpIJHTIEKC0,3 ghante mein ban sakti hai bilkul ban sakte hai lakh guna achi ban sakte hai,0,Negative
dpIJHTIEKC0,Pj is mixed up with krk virson of him 😅 but actually movie wahiyat thi,0,Negative
dpIJHTIEKC0,Movie k dialogue se ache toh pj k hai,0,Positive
dpIJHTIEKC0,"Mohit bhai jis tarike se Om rout ne hamare bhariya Mahagatha ka mazak banaya he,  humare bhawnao se khilwaad kiya he Wahiyaat shabd bhi kam lag rha he😠😠",0,Negative
dpIJHTIEKC0,Overall video Achi nhi h balki bawal h mere mayne sy toh,0,Positive
dpIJHTIEKC0,Bhai ji aapki mandaari ka Dil se fan hu sach m saalo ne majak bna Diya hai yr . Saala itne gande dialogue,0,Positive
dpIJHTIEKC0,Ye movie release kese ho gyi 😤😤,1,Negative
dpIJHTIEKC0,Bhai aj first time apko Etna gussa ma dekha hai 😂😂,0,Neutral
dpIJHTIEKC0,Bro maine ramayan ka trailer dekha mujhe bahut accha laga phir ye check karne ke liye ki adipurush kitna ghatiya hai lekin wo mera sabse bada bhul tha kisi torture say kam nahi bus ye samjo maine kaise dekha chalo thik hai inka vfx bekaar hai lekin historical incident aur dialogue itna bekaar hai ki ye alag hi trauma de diya 😂😂,0,Negative
dpIJHTIEKC0,Prbhas puri movie mein sirf 1 bar Shree ram jaise lage or hanumanji hamesha ram ram he bolte rehte the yaha puri movie main unhone 1 bhi bar shree ram ka name he nahi liya 😭,0,Negative
dpIJHTIEKC0,Phirse ekbaar Ramayan banai jaye or isbaar paiso k liye nhi sanatani logo k liye banai jaye jisme har ek hindu ko garv ho....,0,Neutral
dpIJHTIEKC0,App bilkul sahi ho mene dekha hai bhaut bekar dialogue hai 3d may dark typ lag rha thi very bed movie,0,Negative
dpIJHTIEKC0,Picture buri nahin hai... Wahiyaat haii...😂😂😂😂😂,0,Negative
dpIJHTIEKC0,Himat hi nahi hui dekhne ki,0,Negative
dpIJHTIEKC0,"hamare Mahaan  itihas ka Bahut ganda mazaak bana diya hai in logo ne , sara mood kharaab ho gya ye film dekh ke 💔",0,Negative
dpIJHTIEKC0,Google Par Hit Bata Raha Hai 3din Ke collection Se,0,Neutral
dpIJHTIEKC0,yah sita hai. Sita ji wah thi jiske sir se kabhi ghunghat nhi hata jiska chahara Sri Ram ke siva kisi ne nhi dekha tha laxman bhi nhi. ek wah sita thi ek yah hai jiske sir pe ghunghat nhi jiski kamar dikh rahi hai. sach kahu to Puri Ramayan ka satyanaash kar diya. aane wali pidi yahi dekhegi sochegi pahle ke log bhi ese the to hum kyu nhi rahe. Ravan to jaise kisi Tik Tok se aaya ho.,0,Negative
dpIJHTIEKC0,Ye movie salar movie par bahut jada negetive response karega... pravash ko movie selection karna sayed nehi aata... yash Matlab rocky vai kabhi aisa movie nehi leta.. kgf universe barbad na ho jaye.. Is movie k karon😢,1,Negative
dpIJHTIEKC0,"Agar prabhas aur om rout ki jagah koi or actor ya director hote to ab tak logo ne unke Ghar pr attack kr Diya hota aur unki betiyo ka rap karni dhamki bhi de Diya hota, 😭 isse bolte h andhi fan following",0,Negative
dpIJHTIEKC0,Bhai .isse achi ramayan to Japanese walo ni banai thi.,0,Negative
dpIJHTIEKC0,Yahi hota hai jab politics ke liye movie banayi jaati hai. 😂,0,Negative
dpIJHTIEKC0,Movie ko ban kar dena chaiye sat hi sat director ko bhi,0,Negative
dpIJHTIEKC0,The flash bhi tha isme,0,Neutral
dpIJHTIEKC0,I'm sikh but I love Ramayan. Movie ko ban krr Dena chahiye aggr hindu bhai chahe to kra skte hai main nhin chahta hmare bchhe aisi historical movies dekhe,0,Negative
dpIJHTIEKC0,wikipedia ki source se............... bahut safe khel rhe ho,0,Neutral
dpIJHTIEKC0,Pj bhai tumne mujhe pehli baar disappointed kar diya I Hate Adipursh,0,Negative
dpIJHTIEKC0,Me ek muslim hu but  makers ko creativity ke name pe ramayan me jo ghatna hui ye actually use simple tarike se dikhana tha vo bhi inse nahi hua,0,Negative
dpIJHTIEKC0,Sahi bat he,1,Positive
dpIJHTIEKC0,Bhai main soch bata raha hu main unse a6a scripting kar sakta hu😅,0,Negative
dpIJHTIEKC0,Bollywood wale pagla gye hai 😢😡,0,Negative
dpIJHTIEKC0,Last me bo background music kya tha 😊,0,Neutral
dpIJHTIEKC0,ek bachha isse achhi ramayan bol sakta haiaur usme isse zyada emotion dikh jayega,0,Negative
dpIJHTIEKC0,"RAMANAND CHARIT MANAS NE JO ""SHREE KRISHNA LEELA"" AND ""RAMAYANA"" BANAYI HAIN USKE JESA KOI BHI KESA BHI INSAAN BAMAHI NAHI SAKTA KYOKI USNE YE APNI PURN SHRADHA AND BHAKTI SE BANAYI THI LEKIN YAHA TO SABKUCHH PAISE KAMANE K LIYE HO RAHA HAIN TO ESA HI HONA THA...",0,Negative
dpIJHTIEKC0,Bhaiya Lagta marble ke paas Paisa jana padega,0,Neutral
dpIJHTIEKC0,Jaago saalo jaago,0,Negative
dpIJHTIEKC0,Bhai agar kisi me dimak ho to vo ramayan ki ek series nikal sakta hai jiske smane got wagera ke war scene bhi kuah nahi lagenge aur rahi paiso ki bat agar sahi se invest karje dil se acha banaye ache holliwood se bhi ache vfx lagake to ramayan itna lamba hai ki uske bache aur potte bhi ameer hijaynge agr sab kush original ramayan ke hiasab se detail me dikhane ki koshish bhi karenge to Dekhna akhir me angrez hi ramayan banakar paisa bhi kamayge aur naam bhi,0,Negative
dpIJHTIEKC0,Vai tu carry jaisa lagta hai🥲,0,Neutral
dpIJHTIEKC0,In logo ne movie ka title diya: hr bhartiya ki adipurush... Ye sbse gnda mjak tha... Kiuki ye kisi bhi bhartiya ki adipurush nhi h,0,Negative
dpIJHTIEKC0,Maine bas suru dekha fir phone se delete kar diya🙂,0,Negative
dpIJHTIEKC0,Aacha hue Hanuman ji ne movie nahi dekha Varna pura Bollywood Jala Dete 😂,0,Negative
dpIJHTIEKC0,Bhai logon ek hi baat Kahana Chahunga Agar movie Nahin dekhi hai to mat dekhna Paisa Barbad hai Iske upar.😩😩😩😩😩,0,Negative
dpIJHTIEKC0,"Adipurush delh ne k baad, zindagi ke 3 hr or 250 rupay barwaad...",0,Negative
dpIJHTIEKC0,Bhai is movie ko bana nai ki kiya majburi thi,0,Negative
dpIJHTIEKC0,Wow ❤ dhodiya,0,Positive
dpIJHTIEKC0,Aaj PJ gusse me hai,0,Neutral
dpIJHTIEKC0,Ptani kya hi bana daale sale ye log! Sale sab 600CR. Apne Jeb me bhar liye honge ye Bollywood wale 😅😅😅,0,Negative
dpIJHTIEKC0,😂pj bhadak gaya,0,Neutral
dpIJHTIEKC0,Bhai Lakshman ko dialogue hi nahi diye,0,Neutral
dpIJHTIEKC0,Ye script khas kar chhapriyon ke liye hai,2,Negative
dpIJHTIEKC0,Ise aacha the legend Prince of Ram dekh lo,0,Negative
dpIJHTIEKC0,Maine to movie se phle hi kaha tha kisi ko bhi Ram kaise bna dete hai or je Hindu Bhai kuch khte kyu nhi je movie sare world may release hoi hai ram ji ki sari respect gai ab krlo ram ram bhut khus ho rhay thay movie se phle,0,Negative
dpIJHTIEKC0,Itne khraab reviews ke baad bhi movie crossed 240 Cr worldwide. Isi se pta chal jata hai ki makers ko pta tha Ram naam judte hi log daude chale aayenge aur wohi ho raha hai,0,Negative
dpIJHTIEKC0,Movi ko movi ki tara dekhe to sab sahi lagega,0,Neutral
dpIJHTIEKC0,Prashna ye nahi hai ki movie kaisi hai?prashna hai ki ye movie hai hi kyu?,0,Negative
dpIJHTIEKC0,Ye movie dekhna k baad muja bp kii problem ho gyii 🥲🥲,0,Negative
dpIJHTIEKC0,Pj background se noise aa ri hai,0,Neutral
dpIJHTIEKC0,Yaar bhut gussa aarahe ye log pe puri ramayan bigadi he 🤬🤬🤬🤬🤬🤬🤬,0,Negative
dpIJHTIEKC0,Ab samajh aaya kee picture itnee kharb kyo h,0,Negative
dpIJHTIEKC0,Dekh e se dar lag raha hai,0,Negative
dpIJHTIEKC0,Shri Ram ji ko jb tir chalate hue dikhaya to sirf 2 pr thik thak CGI use kiya baki kisi men bhi CGI use nhi kiya sare simple tir hi dikaye,0,Neutral
dpIJHTIEKC0,Bhai isko koi thanda paani pilao...😂😂,0,Negative
dpIJHTIEKC0,Paisa barbad Benstokes😢,0,Negative
dpIJHTIEKC0,Is se achi to stage wali ramayan hai,0,Negative
dpIJHTIEKC0,Lekin Hanuman ji ne iss movie me kitni bar jai shree ram bola 😅😅,0,Negative
dpIJHTIEKC0,Koi bhai btaega pj bhai k hath mai kya chiz hai ?,0,Neutral
dpIJHTIEKC0,Tabhi na dekha humne 🤣🤣🤣,0,Negative
dpIJHTIEKC0,"Bro ye movie, dialogue, scene sirf 2014 mai bane hindu ke liye banai gayi hai 😢",0,Negative
dpIJHTIEKC0,Bro ..teaser tak me paad ki gandh aa gyi thi phir bhi gaya huga hua dekhne Aur ghatiya dialogue aur direction k liye Om raut & Manoj muntasir really deserves joota chappal,0,Negative
dpIJHTIEKC0,us hindu writer ne itne ghatiya dialogue likhe aur aaj tak par baith k bol ra mughal iske zimmedar hai .. aise dialogue to humne kisi normal film mei b ni sune,0,Negative
dpIJHTIEKC0,ramayana the legend of prince rama ko india mein ye keh kar hate mila tha ki bhagwan ko cartoon ke roop mein darshaya gaya h or yahan ek ye film h jo 600 cr khake bhi us movie ki 1 percent to chodo 0 bhi nhi h... japan walo ne literally humari muh pr chappal mari h humari sanskriti ke upar humse hi crore guna zyada badhiya picture bnake wo bhi bc 30 saal pehle,0,Negative
dpIJHTIEKC0,Ap ka or mara opinion balkol same hy,0,Positive
dpIJHTIEKC0,Disney land me kaisa chal rha he,0,Neutral
dpIJHTIEKC0,"Bhai Bollywood ko boycot kar do, movie hi mat dekho, friends fam me ye inform karein, 😢",0,Negative
dpIJHTIEKC0,Koi itni sasti nashe kar k dialogue kese likh Sakta hey 😂,0,Negative
dpIJHTIEKC0,Ye peeche aazan ki awaaz aari thi kya ??,0,Neutral
dpIJHTIEKC0,Sukar hai is movie ko banane wale aur dialogues likhne wale Hindus hai agar iske jagah koi muslim person hota toh ye bajrang dal aur bjp wale kattar Hindu log na jane unke khilaf kya kya nahi karte.,0,Negative
dpIJHTIEKC0,aaj dikha andar ka bhadas PJ bhai.,0,Neutral
dpIJHTIEKC0,Mood kharab ho gya dekh ke,1,Negative
dpIJHTIEKC0,Bhai mene jis din prabhas ka getup dekha tha usi din predict kar diya tha ki movie ghatiya hone wali he😅.Kam se kam un ram ko to ye makers mind me rakhte ki logo ke man me kis Ram ki chhavi he.,0,Negative
dpIJHTIEKC0,Wahiyat wahiyat wahiyat 😅,0,Negative
dpIJHTIEKC0,Bhai ram ki movie Hanuman ne ek bar bhi ram ka naam liya 😂😂😂😂,0,Negative
dpIJHTIEKC0,zero zero zero % bhi kuch acchhaa nhi h is movie mharamkhor h puri ki puri caste,1,Negative
dpIJHTIEKC0,Over-all picture buri ni hai wahiyaat hai😅😅😅,0,Negative
dpIJHTIEKC0,"ab kaha mar gya hai godi media,, Rawan sungh kr gya kya?koi aalochna nhi,,koi aarop nhi, koi cheekh pukar nhi,,kahi  jeebh to nhi lakwa maar gyi",0,Negative
dpIJHTIEKC0,Mughe to lagta hai bhai ye picture Bannane vale paisa deal ke Kala paisa safed karte hai,0,Negative
dpIJHTIEKC0,I am also a Muslim but Mai Ram ki ijjat karta hu aur Apni Indian Sanskriti ki bhi but is movie me bahut bura kaam hua Agar dusre desh ke log ise dekhenge to ve kya sochenge ki ye real Mai hi aisa hoga and rawan ki bhi ek negative image unke dimag me aaigi boycott to is movie ka hona tha but it's a religious movie isiliye kisi ne boycott hi nahi kiya,0,Negative
dpIJHTIEKC0,"USS director ko jail main hona chahiye, no wonder usko pichhe se propaganda paise Mile hai ki kuchh bhi banao bas Controversy karo",0,Negative
dpIJHTIEKC0,Prabhas genda 😂😂😂😂😂,0,Negative
dpIJHTIEKC0,"Jab bhi ramayan k upar adharit koi bhi movie ya show dekha jae to sabka man positivity se bhar jana chahiye man shaant ho jana chahiye par ye kya script h iss movie me tu, tera, jali, jalegi... isse ramayan based movie kaise bana dii",0,Negative
dpIJHTIEKC0,"Koi ye bataye ki Harry Potter ka DEMENTORS , ADIPURUSH kya kar rha hai?",0,Neutral
dpIJHTIEKC0,Pj totaly ghusbums😂😂😂😂Review bilkul justice karta hai Adipurush pe.. Iss ghatiya sahed hi kisi movie me dekha hai.. 😅😂😂,0,Negative
dpIJHTIEKC0,Bhai....ramayan hi kyu...? Sabkuch bigad diya bhai...😢😢😢😢😢hamari classic ramayan bigad di....😢😢😢😢😢😢😔😖,0,Negative
dpIJHTIEKC0,3 to Kya 30 ghante ki bhi film banate to Kam se Kam in logon ke bas ki BAAT to nahi Hain.,0,Negative
dpIJHTIEKC0,Aadipurush CGI VFX bahut kharab haiThe legend of Hanuman ka CGI VFX super hai,0,Negative
dpIJHTIEKC0,Ab toh kabhi nhi dekhungaa movie 🤣,0,Negative
dpIJHTIEKC0,Kaha h boycott gang??? Ab himmat h to boycott kr k batao andhbhakkato ! Pathan ko boycott kre the ! Ab kr k batao bhakkto!???,1,Negative
dpIJHTIEKC0,jaladi ticket,0,Negative
dpIJHTIEKC0,Apne sentiments hurt mat kariye mat jaiye yeh movie dekhne.,0,Negative
dpIJHTIEKC0,Isse achi. Movie marvel bale hi bana dete,0,Negative
dpIJHTIEKC0,Tv pr mat lana ye movie ban krdo,0,Negative
dpIJHTIEKC0,Ghanta perspective puri ki puri team sirf dharm k naam per dekhne hi aayenhe sochke jaise v banadiya ye log koi serious hi nhi they Sirf paise k liye jaise taise kardi aur aap perspective bolte hain..,1,Negative
dpIJHTIEKC0,Aaj pata chala pj ko bojot gusa ata h 😢,0,Negative
dpIJHTIEKC0,Elvish yadav ke baad ek aap he ho jisne khulkr bolaa ha itna,0,Positive
dpIJHTIEKC0,Legend Hanuman se hi sikh lete kuch,0,Negative
dpIJHTIEKC0,Yaar sab chhodo inke bajrang ne to puri movie me ek baar vi shree ram nahi bola yaar sharam karo 🙌😤😤😤😤,0,Negative
dpIJHTIEKC0,Prabhas ko bahubali ke alawa jab bhi dekha usne disappoint hi KiyaMujhe lagta he Ane wali salaar bhi wahiyat movie hogiMe to nahi jaraha dekhne,0,Negative
dpIJHTIEKC0,"Sach mai bohot bakwas hai""Jiski jalti hai wahi janta hai""Chee🤮",0,Negative
dpIJHTIEKC0,Hamari Hindu Sanskriti ka apman kiya he ye movie banake,0,Negative
dpIJHTIEKC0,Hanuman ji fir Jai Shree Ram nehi bolte he yaar kya banaye ho yr,0,Negative
dpIJHTIEKC0,"om rout bacha hai ,,ramayan ko destroy karne ke liye puri koshish ki hai... prabhas is good in telugu movies, looks like a tower only suits for action movie",0,Negative
dpIJHTIEKC0,Mic kon sa use karte karte h,0,Neutral
dpIJHTIEKC0,Bhai movie ke ticket price se Ram charitmanas book ajayengi woh kharid lo or pad lo pr movie mat dekho 😡😡😡😡,0,Negative
dpIJHTIEKC0,5 hazar saal pehle to kalyug aya tha or 7 hazar saal pehle ramayan bhi ho gai jo ki treta yug ki hai phir duapar kaha gaya,0,Neutral
dpIJHTIEKC0,I think 💬 Paheli baar pj gussa hua Hain 😡😡😡💢,0,Neutral
dpIJHTIEKC0,😂Kya review hai,0,Neutral
dpIJHTIEKC0,Yeah kya bhawasir bana diye ho 😂,0,Negative
dpIJHTIEKC0,Ma Adiproush nhi deakh sakta mere mo se gali niklgi jo ma nhi dena chata,0,Negative
dpIJHTIEKC0,Ramayan ka apamaan he ye 😡😡😅😅,0,Negative
dpIJHTIEKC0,1 scene dekha tha jalli na wala sala tbhi itna ghtiya feel ho ra tha k sala iska writer kon h,0,Negative
dpIJHTIEKC0,Paisa Barbaad...😅,0,Negative
dpIJHTIEKC0,Rahi baat dialogue ki to haa bhut kuchh gadbad hai and men point is a Hindu dialogue is not available,0,Negative
dpIJHTIEKC0,Bhai kya kachra kardiya yaar 😢 ramayana ki god pls remake this with better director and vfx,0,Negative
dpIJHTIEKC0,Andh bhaktt...be likeee..meri umeede todhi hai tumneee,0,Negative
dpIJHTIEKC0,Bohot badhiya movie he bro 1 no,0,Positive
dpIJHTIEKC0,Best thing that I want to say Adipurush ki cast  ne   kabhi ramayan dekhi he nahi our na he Government ne dekhi hai warna is jaise chu movie ko green flag dekha te he nahi sala bas andha Pisa dekhaya Udaya hai  Haare jahnde dekhane walo ko nikalo pahle fer movie ko haata doo BC kuch bhi banate hai yi Bollywood wali kabhi bhi hamare bhagwan ka samman nahi karti 🥺🥺🥺😭😭,0,Negative
dpIJHTIEKC0,B**ike ase 600cr barbaad kiye kahi daan kr deta 😢,0,Negative
dpIJHTIEKC0,Director jaha dikhe waha gira kr maro,0,Negative
dpIJHTIEKC0,Bhai mene pahli baar hi muskil se dekhi thi ab dusri bar nahi dekhu gaa pese dene pe nahi sorry sorry sorry sorry sorry sorry sorry sorry sorry sorry sorry sorry sorry sorry sorry sorry sorry sorry sorry sorry sorry sorry sorry sorry sorry sorry sorry sorry sorry sorry sorry sorry sorry sorry sorry sorry sorry sab bakwaas😂😂😂😂😂😂😂😂😂😂😂😂😂😂😂😂,1,Negative
dpIJHTIEKC0,Wahiyad wahiyad wahiyad wahiyad wahiyad 🤢🤢🤢🤢🤢🤢🤢🤢🤢,0,Negative
dpIJHTIEKC0,Hamare dharam ko dusrom ne nahi apno ne mara hai,0,Negative
dpIJHTIEKC0,Sab jhola utha ke boycott karne chale aate hai 😂😂😂,0,Negative
dpIJHTIEKC0,@tseries itna pesa he to hame de do isse achchi bana denge,0,Negative
dpIJHTIEKC0,Me Bollywood movie dekhta hi nhi to ye dekhi hi nhi paise bache,0,Negative
dpIJHTIEKC0,6oo crore ka hag diya hai,0,Negative
dpIJHTIEKC0,Bhai aapke ek ek shabd se i agree.....itni ghatiya film banai hai...,0,Negative
dpIJHTIEKC0,Mere to 3 ghante waste ho gaye 😢,0,Negative
dpIJHTIEKC0,Sach me wahiyat bna diya😞,0,Negative
dpIJHTIEKC0,Abhi ka review ko kitne paise mile yaar 🤔,0,Neutral
dpIJHTIEKC0,Prabhas murkh ban gya Bollywood me aake,0,Negative
dpIJHTIEKC0,Acha hua meine is movie nahi dekhaa,0,Negative
dpIJHTIEKC0,Muje ye movie dekha te ulti a raha he,0,Negative
dpIJHTIEKC0,Paisa barbaad....issey Dayanand Sagar Ramayan was 100x better.,0,Negative
dpIJHTIEKC0,bollywood se app umid kar rahe ho ki ye Hindustan k culture ki respect karenge,0,Negative
dpIJHTIEKC0,Inka boycott boycutt karne se ghar ka kharcha  chalta hai,0,Negative
dpIJHTIEKC0,Mujhe mera ticket ka paisa wapas chahye refund warna mai FIR likhwa dunga adipurush k director pe,0,Negative
dpIJHTIEKC0,Writer actor and director kese ko bhi Sharam nhi aayi😢😅😅😂😂 hadd hai BC 🙏 that's why I don't watch any fuc#### Bollywood movie 👎,0,Negative
dpIJHTIEKC0,Durector ki auqat hi nahi hai,0,Negative
dpIJHTIEKC0,kamse kam abhi to boycott karna chahiye,0,Negative
dpIJHTIEKC0,Kit na pesa mila h bhai,1,Neutral
dpIJHTIEKC0,PJ bhai kitne paise mile 🌚,0,Neutral
dpIJHTIEKC0,"Bhai adipurush Ramji thy aur vahiyat naam mat likho uss ke sath, film critic karna aalag hai aur apne Dharma ke baare Mai kuch bolna aalag hai. Please request you to change the title for now.Jai Shree Ram 🚩🚩🚩",0,Negative
dpIJHTIEKC0,Chhodo yr kuch bolne layak nhi h,1,Negative
dpIJHTIEKC0,hanuman ji ka v jisne acting kiya h vo bhut bekar he,0,Negative
dpIJHTIEKC0,"Aaj dekha maine, wakai bahut bekar bnaya hain.😢😢😢😢😢",0,Negative
dpIJHTIEKC0,"Ghor kalyug hai vai , ye ha jo log sabse jada god ki bat karte hai o hi sabse bara devil hote hai. Dipika ki serf bikini colour ki waja se boycott ho raha tha film ab kaha hai",0,Negative
dpIJHTIEKC0,Ab na dekh rha ab,0,Negative
dpIJHTIEKC0,Yaar Sita ma ke kapde dekho....ban karo iss film ko🤬🤬🤬,0,Negative
dpIJHTIEKC0,Ab to ramanand sagar ke charan dho k pine ka man kar rha hai 😂😂.. Dekho ab kb prabhas resign krta hai bollywood se... pan india bnne k chkkar me...south ka bhi na rha to lanka lg jaaegi iski bhi 😂😂😂,0,Negative
dpIJHTIEKC0,I dont support Adipurush movie.... Par 240 Cr worlwide collection hui  kaise 🤔🤔🤔,0,Negative
dpIJHTIEKC0,"Kisne bola prabhas bada star hai.....PJ Bhai Dil par hath rakh kar ek baar sochna....Prabhas ko unnecessary chadhaya Jaya raha hai.... Saare bade budget ki movies mai hi kyu prabhas ko hi cast Kiya Jaa Raha hai.... us bande ko acting nahi aati sahi mayno maiPrabhas ka maano patent ho gaya ho..500-600 cr ke budget mai kaam karne ka...mazak chal raha hai kya?Bahubali ke baad kon si movie hit ho gayi prabhas ki ? Saaho nahi chali, Radhe shyam nahi chaliUske baad bhi pata nahi in directors or producer ko kya latt si lag gayi hai..Abhi Salar ban rahi hai or tum dekh Lena uska bhi wahi haal hoga...Are bhagao yar.. dusro ko chance do,.Puri movie ko waat laga kar rkh di om raut neEsa laga raha hai ki 250-2050 crore in logo ne  apne jeb mai daal liye, or bache 100 cr movie bana Dali....Galti sabse zada public ki bhi hai, are bhai jab ek bande ki tukke mai ek movie chal gayi toh uska yeh matlab toh nahi hai na ki uski aane wali sari movies wesa hi response deyeh baat toh humne marvel ke phase 4 mai hi dekh liAbhi b smj nhi aa rha hai toh jaake pogo dekho",0,Negative
dpIJHTIEKC0,Aapko kase pata ki ramanand sagar ki Ramayan hi sahi ramayan hai aapko ye pata hai ki humare pass 50 se bhi jyada type ki ramayan hai aapko bhi nahi pata ki aapko ramanand sagar ki Ramayan kyu sahi lagti hai agar aapse koi puche to aap bas kehe do GE ki aapki bas aastha hai or koi jawab nahi hota logo ke pass,0,Negative
dpIJHTIEKC0,Aub to  nahin dekhenge,0,Negative
dpIJHTIEKC0,adipurush me jo hindu devtao ka galat tarike se pesh kiya gaya to usko kisine ban nahi kiya ya fir uspar kisine bycott nahi kiya par jab pathan realise honi thi tab kuch bhi faltu karan dekar usko ban karne ki koshish ki gayi......to  ye kya chal raha hai wakai me bharat me sarvdhrmsambhav mar chuka hai ye me guarantee ke sath keh sakta hu,0,Negative
ADllavPbUsg,"A wise billionaire once shared the secret to his success:""girta tha uthta tha, fir girta tha, thak jaata tha,fir uthta tha, fir kadam se kadam mila kar maine 50 se 500 karod tak ka safar tayy kiya""",4657,Neutral
ADllavPbUsg,honestly I’d be crying too agar koi meri bandi leja kar aese “Kar Gaya Kar Gaya” pe dance Kare with one leg hanging in the air😢,1343,Negative
ADllavPbUsg,"""Dahej me naya Cooker"" 😂😂😂😂",4599,Negative
ADllavPbUsg,"“Mei chalta tha ,gir tha, uthta tha phir chalta tha” — esay 500 crore kamay😂😂😂",3731,Negative
ADllavPbUsg,"""Preeti, ranu mondal aur anjali ko kahan koi chhu ska hai""😂😂😂😂😂😂This is hilarious.",774,Positive
ADllavPbUsg,4:02 naya cooker 😅,48,Neutral
ADllavPbUsg,"Only Desi's sarcasm is so high, he can burn anyone with his observation skills.Only Desi ka vyang itta ucha hai ki woh kisi ko bhi bhasm kar sakta hai apne avalokan kaushal se",3629,Positive
ADllavPbUsg,"""Dahej main naya cooker nhi a ayega"" 🤣🤣🤣🤣😂😂lol",768,Positive
ADllavPbUsg,“50 se 500 crore ka safar” is the most hilarious part😂😂😂😂😂😂😂,509,Positive
ADllavPbUsg,Dil mera bhi bada hai 1:38 😂,27,Positive
ADllavPbUsg,"*"" India mein jo Parents honor killing krte hai wo toh prashad hota hoga ""*BRUH I am dead xD",236,Positive
ADllavPbUsg,"Is aadmi ki presence of mind mujhe mil jaye to main duniya jeet lunga! Way to go, my friend!",35,Positive
ADllavPbUsg,"Only Desi: Like kiya Kya?
Audience: Kar Gaya kar gaya kar gaya 😂🤣😂👌😂😂",436,Positive
ADllavPbUsg,"After watching ""Dhadkan"" -"" Jab Baap ki marzi se hi shadi krni thi',To Pyar bhi Baap se puch kr krna chahiye tha""!!!!",248,Neutral
ADllavPbUsg,"Lekin preeti, ranu mandal aur anjali ko kaha koi chhu saka hai 😅 😅 epic 😂 😂 😂",335,Positive
ADllavPbUsg,Sees only desi's notificationMy mind: ''bharo maang meri bharo'',102,Positive
ADllavPbUsg,"""Dar gayi"" and ""kar Gaya"" was so on point 😂😂😂",2,Positive
ADllavPbUsg,"""Dahej mein naya cooker nahi aiga"" 😂",246,Negative
ADllavPbUsg,Dev ki Maa ko Pata chalata hain ki ab Ghar me naya kukakar nahi aayega 😂😂,5,Negative
ADllavPbUsg,English: Total annihilationHindi: Poora phod daala,300,Neutral
ADllavPbUsg,"4:17 jaise hi ""maa ko pata chalta hai ki dahej me naya cooker nahi aayga"" Saala..Has has paad nikal gaya🤣😅😂😂",61,Positive
ADllavPbUsg,7:20 bc sabko bata de scheme.. I am dead lmao,25,Positive
ADllavPbUsg,2:41  ab bnaty hain bro 😂 yhi trend hai,5,Positive
ADllavPbUsg,8:33 savage bro😘😂😂”bhago tumhri ma ke”🤣🤣,62,Positive
ADllavPbUsg,"""Arey Teri Maa ki, khud hi toh puchhi""This is cracking me up 😂🤣",56,Positive
ADllavPbUsg,Dehej mein naya cooker nahi ayega..🤣🤣🤣🤣🤣 bruh!!!! Too humorous ankit!!!😆😆😆😆😂😂😂😂,7,Positive
ADllavPbUsg,"3:58 ""Utar do Apne baap ke seene me Goli"" 🤣🤣Kid is playing PUBG with father..Papa is in opponent's team..-Aamne samne-*Utar* *de* *Apne* *baap* *ke* *seene* *me* *Goli* ..😁😂",35,Positive
ADllavPbUsg,2:02 dil nhi gussega anjali 😂🤣,35,Negative
ADllavPbUsg,Ghar mein Naya kukar nahin aaega😂😂😂😂😂😂😂😂😂😂😂😂😂😂😂😂😂😂😂😂❤😂,2,Positive
ADllavPbUsg,6:10 Uth jaa Bhai...,40,Neutral
ADllavPbUsg,The cat meme had me rolling 🤣🤣🤣.Park me jhari ke piche gandi gandi harkate karo na.,104,Positive
ADllavPbUsg,2:27 Toh kitni mohabbat karte ho tum mujhse😂😂🤣🤣🤣Video Editor ko salaam hai 😚🙏😂,34,Positive
ADllavPbUsg,This was too funny😅Ye bohoth mazzakiya tha 🤣,57,Positive
ADllavPbUsg,How did u missed the bidaai part 😁😁that is so funny Bichari dulhan ro rhi hoti hai bt instead of going from another door he goes frm the same ....rote rote shift hoti. 😁😂😂😂,27,Positive
ADllavPbUsg,6:52 muje dev ka side ka bhi sunna hai ab,28,Neutral
ADllavPbUsg,Funniest part jaise hi Maa ko pta chala nya cooker nhi aayega ghar pe,2,Positive
ADllavPbUsg,2:10 Dev ki gaa*d jalane k baad 🤣🤣🤣👌👌,33,Negative
ADllavPbUsg,"How small things you notice bro, kitni chhoti chhoti  batein tum notice krte ho 😂",3,Positive
ADllavPbUsg,"Her sister, maine bhi notice kiya tha 😂😂",2,Positive
ADllavPbUsg,"Jo bhi ho is movie ka music, script ashi thi .....cd player pe laga tar 2months mere Dada ji is movie ko lga kr har roz dekh te the",2,Positive
ADllavPbUsg,"Wtf. After listening his struggle she asking"" maa kaisi hai"". Pehle to kab nai puchi maa k bare me .u know real Brutality is..still these Story happens mostly Ghar Ghar me 😂",81,Negative
ADllavPbUsg,"5:23 that erection joke, indeed the way how he ties that male robe's strings in an erect way is really a good catch. Bhai tera 20/20 vision next 2020 mey bhi kaayam rahey.. All the best.",195,Positive
ADllavPbUsg,Bhai ne fact pkad liya😂😂 Dictionary,1,Positive
ADllavPbUsg,Observations me tho PhD kr rakha hai 4:38,30,Positive
ADllavPbUsg,"Everytime when that irritating sound ""hunnnnnn"" [00:42] comes with that cat face, i was like ise band karo mad******d 😂",1,Negative
ADllavPbUsg,"In real life if people died just like Sunil Shetty's mom did, I guess I wouldn't mind dying. Sab jhamela khatam.",1,Positive
ADllavPbUsg,Bollywood kya diya Hume Lun*Itna👇👇,59,Negative
ADllavPbUsg,Meri Mummy ki favourite Film,1,Positive
ADllavPbUsg,5:00 kam se kam hairstyle same kar dete 😢😂,12,Negative
ADllavPbUsg,Aur isi tarah Dev ki ga@*d jalane ke baadThat was hilarious man 😂,2,Positive
ADllavPbUsg,Bhai tu kya aadmi h yrrr .... Aisa koi nhi jo itna bdiya bolta ho😂😂😂😂,0,Positive
ADllavPbUsg,Lip ke charo tarf outline😂😂...maine bhi notice Kiya yrr😅,1,Neutral
ADllavPbUsg,Dev ki yehi wealth multiplier strategy Ram ne chori ki to repackage it in Phir Hera Pheri,1,Neutral
ADllavPbUsg,7:38 pyara dost😂,1,Positive
ADllavPbUsg,Bhai gazb observation hai....om jai jagdish wali 😂😂😂😂😂,3,Positive
ADllavPbUsg,Aakhir Aisa kya h mujhme,3,Neutral
ADllavPbUsg,"""but ek din Zee cinema mai aa rhi thi toh dekh li time pass ke liye""... Relatable enough 😂 how Ankit......howww",1,Positive
ADllavPbUsg,Sar Plzzzzzzzzzzzzzzz laadla movie par bhi videos banye please Plzzzzzzzzzzzzzzz from Pakistan 👍👍,2,Neutral
ADllavPbUsg,Har video 5baar dekhta hu Kam se Kam,1,Positive
ADllavPbUsg,Ye ladka meri nazro se movie dekhta h isliye mujhe sb bolte h tu mt dekha kr movie,3,Negative
ADllavPbUsg,Hasa diya na sabko aapne 😂😂❤,1,Positive
ADllavPbUsg,Brother ! God mode hai tumhara,1,Positive
ADllavPbUsg,Main yogi baba wala dekh k aa rha hu. Iska level abhi bhi bht high hai,1,Positive
ADllavPbUsg,"Bhot raees h vo log bhot dhan daulat h unke paas , I laughed too hard",1,Positive
ADllavPbUsg,Bhai ke awaaz mei tharak bahut zyaada hai😅,2,Negative
ADllavPbUsg,dev gya tel lene😀🤣🤣,0,Negative
ADllavPbUsg,Dharmesh darshan ne jo tatti failayi hai...And that background sound😆😂😆😂😆😆😆😆😆😆,1,Negative
ADllavPbUsg,"It's done, ho gaya 😂",1,Negative
ADllavPbUsg,Only legends know the father is playing role of sammers nanaji in the show yeh un dino ki baat hai❤,0,Positive
ADllavPbUsg,"NGL the same thing is happening with my sis ,being blackmailed to get married ""Umar ho gayi hai hmari, maar do humein etc etc""",1,Negative
ADllavPbUsg,Shilpa ka bhagana itna lamba tha ki Maine is video me bhi 10sec skip kiya 😅,1,Negative
ADllavPbUsg,"In my childhood, I really used to think ki wo America chal ke gya hoga 😂😂",0,Neutral
ADllavPbUsg,Bhai thank you kafi time baad itna hasa hu😂😂😁,0,Positive
ADllavPbUsg,Bro shaadi karke pass gaya movie ka revisit karo,1,Neutral
ADllavPbUsg,"That line...""Mai bas yahi kehne aai hun us insaan se jo pehle mera dost hua karta tha....""Bruhhh. 😂Ese hi kat ta hai logon ka 😂😂",1,Negative
ADllavPbUsg,Gane ko ek number hua krte the phele ke movie ke yeh baat  koi badl nhi skta,0,Positive
ADllavPbUsg,"Dark humour ka definition.. Sense Full baat rakhi ..You are good at everything.. philosophy b dete ho..Vedo se reference b dhun lete ho , ya arranged kr lete ho..comedy b .. everything you have..Except talent ..hahahaha...Humour..",0,Positive
ADllavPbUsg,4:36 didn't know koreans bhi selmon bhai ke fans hai,1,Neutral
ADllavPbUsg,Bhai aapki background commentary opp👌🤣😂👌👌👌👌👌,1,Positive
ADllavPbUsg,"Bhai ,,,han mene bhi Pyar Kya he ,pe bhi videos banye please Plzzzzzzzzzzzzzzz from Pakistan 👍👍",1,Neutral
ADllavPbUsg,"Hahahahahahah, yaar kasam se love U as bhai",1,Positive
ADllavPbUsg,"Bhai bachpan me jb pehli baar ye film dekhi thi tb mene ye socha tha ki shilpa shetty aur sunil shetty dono bhai bahen hai, inko baad me pata chala, isiliye ye log shadi nahi kiye is movie me😂😂",1,Neutral
ADllavPbUsg,😂😂😂 seriously rolling...what rani Mukerji did to kajol in kuch kuch hota hai came back to her in mjhse dosti krogi...outer look matters😁😂😂,0,Negative
ADllavPbUsg,Virana ke uper b aek video banavo bhai ❤️❤️,1,Neutral
ADllavPbUsg,Gazab ka talent aapka paas,0,Positive
ADllavPbUsg,7:06 ye sunkar Warren Buffett hospitalize ho jaenge,0,Negative
ADllavPbUsg,Ankit Naye videos nahi banate so I rewatch the old ones over and again!,0,Positive
ADllavPbUsg,Om jai Jagdish hare ke piche pad gaye bollywood wale inn sabke narka main alag se ek kadhai,0,Negative
ADllavPbUsg,Revisits ki bhi revisit krte h hm...itna amazing content...superb ...aur b vdeos daliy   ...,0,Positive
ADllavPbUsg,Dill bada hona chahiye,0,Neutral
ADllavPbUsg,Awsome ho yr tum🤣🤣🤣🤣smjh ni ata ki video zda mazedar h ki comments...,0,Positive
ADllavPbUsg,wuthering heights sasta version 😭,1,Negative
ADllavPbUsg,"Kuch bhi kaho, this movie was part of me while growing up. Enjoyed it back then, still enjoying it. 🤣",0,Positive
ADllavPbUsg,Jhar k pechy ja k gandi harkaty karo hilarious 😂😂😂,1,Positive
ADllavPbUsg,Bhai son of Sardar par video Banao,1,Neutral
ADllavPbUsg,Mast banaau chhu tu bhai,0,Positive
ADllavPbUsg,Anjali ko dekh ke mujhe apni yaad a gyi😂 mood swings....,0,Positive
ADllavPbUsg,Nice video.Bohot hi achchi video thi.,1,Positive
ADllavPbUsg,I crack this joke with my wife' s friends they loved this movie my question was same how the.fukc can someone make 500 cr by chalta tha girta tha utha tha bc I can do this all day give me atleast 1cr 🤣🤣🤣🤣,1,Positive
ADllavPbUsg,Last wala sahi tha😂,0,Positive
ADllavPbUsg,Very Nice review.Bohot hi aacahi sameeksha ki hai.,0,Positive
ADllavPbUsg,Bohut funny tha bhai 😂,0,Positive
ADllavPbUsg,Uske intentions bilkul clear h,0,Neutral
ADllavPbUsg,Aur boby ram ko kabhi pata nhi chlne dega ki vo kaun hai😂😂😂😂🤣🤣😅,1,Negative
ADllavPbUsg,Kyu kyu kyu kyu itna acha videos bnate ho,0,Positive
ADllavPbUsg,sasta wuthering heights,1,Negative
ADllavPbUsg,bhai tab jamana piche tha.. jaise ki 100 saal phle ke logon se aaj k logon ki compare nhi kr skte,0,Positive
ADllavPbUsg,Bhaia kabir singh ka bhi banana 😂,1,Neutral
ADllavPbUsg,dev ka 50 se 500 crore ka Safar is still a mystery,0,Neutral
ADllavPbUsg,Local train mein dholak bajane wale 😂😂😂😂,1,Negative
ADllavPbUsg,sab se mazay ki bat thi: sanskari song,0,Positive
ADllavPbUsg,Paisa jeet gaya saars. Paisa bnao ladkiya khud girengi,1,Neutral
ADllavPbUsg,Dhadkan pr ek ar revisit banaya jaye😂,0,Positive
ADllavPbUsg,Current time me ye story crime petrol par aati hai aur sare news channels pe,0,Negative
ADllavPbUsg,Dil bada hona chaiye 🤣🤣,0,Neutral
ADllavPbUsg,Bhai 500 crore toh chodo bhai ke paas 50 crore bhi kaha se aaye😂😂,1,Negative
ADllavPbUsg,Ek bar galti se papa ke upar chai gir gyi ...and Papa said han han jala de mujhe 😂,0,Negative
ADllavPbUsg,Wo uski sister wala change maine bhi bahut pehle notice kiya tha,0,Neutral
ADllavPbUsg,"7:24 ""pyara dost """,0,Positive
ADllavPbUsg,0:45 heart beat shoulder par kon sunata h??,2,Neutral
ADllavPbUsg,Bhai Mera naam bhi dev hai mere pass bhi big muscle and hairy chest hai haste haste ro dia mein toh jab tumne yeh bola 😂😂😂😂,0,Positive
ADllavPbUsg,Black pink ka advertisement aya h video pe ...budget badh gya hai,0,Positive
ADllavPbUsg,Korean subtitles me bhi he ye movies sab 🤣🤣kya baat he,0,Positive
ADllavPbUsg,Om jai jagadish hare means sanskari yeh toh maine kabhi notice hi Kiya tha😂,0,Positive
ADllavPbUsg,Sound of beep has been used as a warning.. ab gaali aa rhi h 🤣🤣,0,Negative
ADllavPbUsg,Main has has ke pagal hogaya,0,Positive
ADllavPbUsg,Dev ko agar baad mein ameer banana hi tha to pehle hi ban jata itna lafda to na hota 😅😅😅,1,Negative
ADllavPbUsg,Starting is sooo good..with tattii dast waali😂,0,Positive
ADllavPbUsg,"7:47 bio logical truth,,, Abe ye uski bhook hai ..she can't control 🤣🤣🤣🤔🤔🤔",0,Neutral
ADllavPbUsg,Baghban ke om jai jagdish clip me korean subtitles kyu hai?,1,Neutral
ADllavPbUsg,5:18 Bhai Anjali ka to video aa gaya hai.. come to 2022!,0,Neutral
ADllavPbUsg,When my name's Anjali! 😀 Iske piche ke dard ko dekho,0,Negative
ADllavPbUsg,H@rami 😂 youtuber😂😂😂Tu sada gareeb rahe (so that we get such awesome content always) 🎉🎉😂,1,Positive
ADllavPbUsg,Aaj hi dhyan dia Maine behn change hui,0,Neutral
ADllavPbUsg,Dead at mai kar gya kar gya 😂😂,0,Positive
ADllavPbUsg,Lips ke charo taraf outline 😂,0,Negative
ADllavPbUsg,Toh yeh Raju Shyam ki itne dino pehle se le rahe hai,0,Neutral
ADllavPbUsg,"""Go away your mothers""- bhaago tmhri maa ki 😂",0,Negative
ADllavPbUsg,"Ram ki sister changed...Seriously, ye abhi pata chala",1,Neutral
ADllavPbUsg,Iss movie ka sequel banao to ye jarur dikhana ki dev ne 50 se 500 crore kaise banaya😅,0,Positive
ADllavPbUsg,Bhaiya main bhi aapke jaisa focus pana chahta hoon Koi tips doge,0,Positive
ADllavPbUsg,Gaali bhi do sath me beep beep bhi daalo...😂😂😂,1,Negative
ADllavPbUsg,Ab devdas ka bhi Bana do,0,Neutral
ADllavPbUsg,Bhai pahle kyu ni Mila tu mujhe🤣🤣,0,Positive
ADllavPbUsg,"Iska daurna ho jaye toh mujhe utha dena,😂😂😂😂😂😂",0,Negative
ADllavPbUsg,Basic sabko Ani chahiye 😂😂😂😂,0,Negative
ADllavPbUsg,"""'Haaye me kr gaya kr gaya"" 😂😂😂😂😂nibba nibbi ki kahani yaaha de shuru hui thi😂😂😂😂",0,Negative
ADllavPbUsg,But bhai movie zabardast hai 😊,0,Positive
ADllavPbUsg,Next koi mil gya,0,Neutral
ADllavPbUsg,mst bro 🤣🤣🤣🤣,0,Positive
ADllavPbUsg,Bhai Mera toh Galti se dost ke jagah papa ko call lagaya tha bhai😅,0,Neutral
ADllavPbUsg,Abe park me aye ho to jadiyo kr peeche jaake gandi gandi chize karo na 😂😂😂😂😂 no shit just straight on the point,0,Negative
ADllavPbUsg,Itne Dyan se Toh script writer ne script ni likhi hoghi 🤣🤣 Jitne ghor se inn mahashe ne video  ki editing ki hai 😂😂😂😂😂,1,Positive
ADllavPbUsg,Mela ka banao,0,Neutral
ADllavPbUsg,Please count kitni baar dev bola 6:23.😂,1,Neutral
ADllavPbUsg,6:54 3 logon ko Jodne  m Kuch zyaada Hi Paisa nahi hai 😅,0,Negative
ADllavPbUsg,2:39 lip makeup 😂bhai banate hai line lekin,0,Negative
ADllavPbUsg,Ram ka intention bilkul clear hai😂😂 itna details to koi nehi pakadta,0,Positive
ADllavPbUsg,4:36 bhagban ke korean sub kaha se mile bhaiya 😂,0,Neutral
ADllavPbUsg,50 se 500 crore kaisa banane h ye seekh gya m,0,Neutral
ADllavPbUsg,"Bhai, aap moonh se SUPARI nikaal ke baat kiya karo yaar! 😂",0,Negative
ADllavPbUsg,Gandi gandi hrkate kro n 🤣🤣🤣🤣🤣jhadi k pichhe that line 😂,0,Negative
ADllavPbUsg,Ye movie Kam English speaking course jyada lag raha hai 😂😂😂😂😂😂,0,Negative
ADllavPbUsg,5 sal laga thah gadhe banane me,1,Negative
ADllavPbUsg,Yarr kitni bariki se note karte h ak ak point ...matlab hatke hi🤣,0,Positive
ADllavPbUsg,Channel taak guess kr liye isne too 🤣,0,Positive
ADllavPbUsg,4:35 Korean kabse dekhne lag gaye movie,0,Neutral
WshNJefWEP8,"I wasn't wrong when I used to sing ""paise wala love""",376,Neutral
WshNJefWEP8,"I can't stop laughing on ""Vaha bhi bakchod bacchi aur yaha bhi bakchod bacchi"" 😂😂😂",6036,Positive
WshNJefWEP8,"”SCRIPT LIKHOGE KAB?"" 😂",1538,Negative
WshNJefWEP8,"""agar unhe kuch ho gya to i m sure woh bhi baat nhi krengi kisi se...""i m crying while laughing😂😂😂😂😂",1146,Positive
WshNJefWEP8,Frd: why do u still watch Tarak Mehata?Me: Mujhe rishte todna acha nh lagta,724,Neutral
WshNJefWEP8,"""waha bhi bakchod bachi yahan bhi bakchod bachi ""😂😂😂😂...also ending ka song cracked me up 🤣",150,Negative
WshNJefWEP8,"""Aadhe to saalo se sauce wala love gaa rhe hai"" was epic 😂😂😂",3,Positive
WshNJefWEP8,"Hahaha waha log Maa ke darshan kar rhe hai, aur yaha Ye ANGPRADARSHAN kr rhe hai😂😂😂😂",547,Negative
WshNJefWEP8,"I was immature when this movie released,at that time i liked this movie ,but after watching this 😂 video. I be like: ye kya dekh liya bachpan mai😂😂😂",1020,Positive
WshNJefWEP8,Brands wala...pose wala..zabardasti wala sab...Gucci Prada...Balenciaga...Paise wala sab...Script likhoge kab..?Awesome 😂😂😂,887,Positive
WshNJefWEP8,Itna concentrate kaise kerte ho bhai duniya ka end hi ker dete ho Hahaha,1171,Positive
WshNJefWEP8,the part he says script likhoge kab dil touch kr liya inhone,7,Positive
WshNJefWEP8,I subscribed your channel! do you know why? coz Mujhe rishte todna aachha nahi lagta!!!!,958,Positive
WshNJefWEP8,"4:55 ""But even worse than that is, they're making a sequel of this tatti.. I mean SOTY"" 😂🤣So cool!! Loved it!!❤😘",729,Positive
WshNJefWEP8,"I completely lost it when he said ""waha bhi bakchod bacchi..yaha bhi bakchod bacchi""🤣🤣🤣🤣🤣🤣",41,Positive
WshNJefWEP8,Bhai C.I.D kyun nhi join krlete .....daya ko tmhari zarurat h..😂👏👏👏♥️👌,264,Positive
WshNJefWEP8,"02:30 Ghanta yaha pe Goa ka trip nahi hopaata, aur ye Thailand groom rahe hai lol 😄",69,Negative
WshNJefWEP8,"Finally only desi agreed to upload on regular basis because,Ussr Rishte Todna Aacha Nai LagtaEdit : thanks for the likes.",109,Positive
WshNJefWEP8,2:14 Ye ek aisa school hai jaha bahot sari EXTRA-CURRICULAR ACTIVITIES karai jaati hai. Jaise PADHAI compulsary nahi hainahi karna hai to koi problem nahi hai,19,Neutral
WshNJefWEP8,"Yaar, teri har video mujhe hasa hi deti hai! :D",139,Positive
WshNJefWEP8,Like kiya... Uske baad video dekh raha hu... Cuz i know Ur content will be awesome like always...  Love you brother...,162,Positive
WshNJefWEP8,Wahaa baat baat me MAA k darshan...yahaa baat baat me ang pradarshan....ek number bhai 😂🤣😛😜😝👏,94,Positive
WshNJefWEP8,Bhai agar possible hota to 100000000 likes  de deta yaar....u made my day .....u deserve more than this seriously ❤️❤️❤️❤️,37,Positive
WshNJefWEP8,Bhai agar 50cent ki university hoti toh uska naam St.Cent hota nhi??,412,Neutral
WshNJefWEP8,Bhai Hum tumhare Video Kabhi miss Nahi Karenge🤗Kyonki.....Hame rishte todna achha  nahi lagata.😁😁😁,107,Positive
WshNJefWEP8,4:38 Or Mne Teri Girlfriend k sath😂😂😂,260,Negative
WshNJefWEP8,Aa Gaya Apna Bhai 😃💕,68,Positive
WshNJefWEP8,"""Surkh wala, soz wala, paise wala love. Hota hai jo love se jyada paise wala love""~🤣🤣",2,Neutral
WshNJefWEP8,21 topo ki salami bhai ko jo hamare liye jisne hamko ye sab dikhane ke chakkar me ye film ek se jyada baar dekhi .....,15,Positive
WshNJefWEP8,Yeh mera 2nd favourite youtube channel hai first nahi kyunki mujhe rishtey todna achha nahi lagta hai,1,Positive
WshNJefWEP8,*Humare bhi future mein college life Karan Johar directed hi ho!!*,22,Positive
WshNJefWEP8,Kafi der baad koi acha channel milla jiski hrek video awesome hai,40,Positive
WshNJefWEP8,"Sunn Meri baat, its her choice became famous in this movie",27,Neutral
WshNJefWEP8,"Was in bad mood, laugh instantly after 20 sec of the video. To good bro. I will ask the same question at last ""bhilai kab aarahae ho""",82,Positive
WshNJefWEP8,"Ohhh Mere Bhai, GAZAB 😍😂",163,Positive
WshNJefWEP8,Kitne years baad bollywood ka koi song favourite ban gaya,1,Positive
WshNJefWEP8,"Waha bhi dadi , yaha bhi dadi Waha bhi bakchodh bacchi yaha bhi bakchodh bacchi 😂😂amazing man 🙌👏",9,Positive
WshNJefWEP8,Didn't even know about half the brands you pointed out. 😭😭😭 #gareebproplus,28,Negative
WshNJefWEP8,I love “bharo mang meri bharo” part so freaking much 🤣🤣🤣,19,Positive
WshNJefWEP8,Being an urdu person let me tell you all meaning ofSurkh wala ♡ = passionate love. Red color is used to describe passionSauz wala ♡ = sauz means jo dheemi dheemi anch pe jala ho....wo pyar jo dard deyFaiz wala ♡ = faiz ka asl matlab faida hay. Iska mtlb kbhi bhi victorious nai hota (wo fouzia ka hota hay). To faiz wala love matlab wo love jo reason banay faiday aur blessings ka,12,Positive
WshNJefWEP8,"""I am sure unhe kuch hogaya to vobhi kisi se baat nhi kregi""..... Funny tha bahut",1,Positive
WshNJefWEP8,"Att Meri jaan , Bhai tu unn YOUTUBERS mein se hai jinko main kabhi nahi chaunga ki Woh you tube , har video 🔥Each and every punchline and joke is hilarious 😂😂😂😂😂😂❤️Keep doing it 👍👏God bless you ❤️😁",14,Positive
WshNJefWEP8,"You should have added a scene from the ""Ratta Maar"" song where you can clearly see Alia Bhatt is holding a *Quantitative Aptitude* book of RS Agarwal & singing Ratta Maar 😀😀😀WTF was that ?? I mean Quantitative Aptitude koi *Ratta* Maarta hai kya 😀😀",51,Negative
WshNJefWEP8,I used to hear 'Paise wala Love' 😂😂,6,Positive
WshNJefWEP8,Seriously Bhai Louis Vuitton wala classic tha :),10,Positive
WshNJefWEP8,"They are making the sequel of that tatti, I mean SOTY 😂.Bro u r really a legend ♥✨💘",10,Positive
WshNJefWEP8,Bhai Main prem ki diwani hoon ka revisit karo pls,1,Neutral
WshNJefWEP8,"Watched this video 4 years ago, aaj phirse Yaad aa gaya!!😂",2,Positive
WshNJefWEP8,Why I thought ki ye College me the. And today he told me ye school tha. WTF,5,Negative
WshNJefWEP8,bhot hard bhot hard😂😆🔥🔥,7,Positive
WshNJefWEP8,Amiro Ke Bache Or Amir Ban Rahe Hai..,6,Neutral
WshNJefWEP8,I was laughing so hard through the whole thing. GENIUS!! especially song in the end. I died. Phakkad wala love from Pakistan ❤️❤️,8,Positive
WshNJefWEP8,"Ye mera bhaaai, to go into that much detail, you must of watched this movie thrice at least, which means you destroyed quite a lot of your brain cells, aisa jokhim uthane k liye jigra chiye, apne fans k liye kitna karta hai re tu bawaaa. :D :D :D",7,Positive
WshNJefWEP8,5:01 Jabardasti ko JabarZasti  bolne ka maja hi kuch aur hai,1,Positive
WshNJefWEP8,I was among the Chutyas who watched student of the year. But I will not be among the mahaa chutyas who gonna watch it's sequel 👍,60,Negative
WshNJefWEP8,Bhai AAPKE itna Kam subscribers kaise . Main toh subs kar Raha hoon .😂,11,Positive
WshNJefWEP8,Aaj mera is channal per 2 day or ab ye mera favourite ho gya h😂😂,0,Positive
WshNJefWEP8,Bakchodi wali ladki.... 😂😂😂.Mujhe rishte todna acha nhi lagta👍😂😂😂.Pumaaa...pumaaa... Pumaaa,8,Negative
WshNJefWEP8,Bhai Kya Nazar he,26,Positive
WshNJefWEP8,This is the best on your channel so far. Gucci wala ... Prada wala... Paisa wala sab .. script likhoge kab omg 😂😂😂,2,Positive
WshNJefWEP8,The song at the end was best .....script likhoge kab 😂,6,Positive
WshNJefWEP8,"har baar ki tarah is baar bhi like karthi hoom, kyonki mujhe rishhe todna acha NAHI LAGTHA!!! kya aankh hain bhai aapka, saara products tune detect kiya!!! sherlock holmes ke koi hai kya!!!",17,Positive
WshNJefWEP8,Script likhoge kaab?😂😂😂That was awesome 😂,7,Positive
WshNJefWEP8,"Apna Indian Screen Junkies!!!!!Btw, u have made a great job guys!!",17,Positive
WshNJefWEP8,Superman v batman ke bare mat bol bhai😂😂 woh jabardast hai.,1,Positive
WshNJefWEP8,These movies that shows happy college life should be banned. Because REALITY SUCKS! COLLEGE = STUDY + WORK!!!Karan Johar kaha para tha???,5,Negative
WshNJefWEP8,Script liko ge kab?  😂😂😂,5,Positive
WshNJefWEP8,Wha pe baat baat pe maa ka darshan yha pe baat baat pe ang pradasan 😂hits me different and I laugh liyt loud like I can't even explain 😂,1,Positive
WshNJefWEP8,"waha bhi dadi,yaha bhi dadi...waha bhi bakchod bacci,yaha bhi bakchod bacci....this was toooooooo much deep",0,Positive
WshNJefWEP8,Last wala acha song achha tha,1,Positive
WshNJefWEP8,Kya Observation hai bhai tera,1,Positive
WshNJefWEP8,"""Script likhoge kaab"" was epic🤣🤣",1,Positive
WshNJefWEP8,'zabardasti wala....sab' HAHAHAHAAH WHEN I SAY CRACKED-,0,Positive
WshNJefWEP8,I LOVE YOU ALL BECAUSE MUJHE RISHTE THODNA ACHHA NAHI LAGTA BAHAHAHA,2,Positive
WshNJefWEP8,Sahi hai patel.,1,Positive
WshNJefWEP8,Kya editing hai.. Plus the words you choose to describe 👌👌👌,1,Positive
WshNJefWEP8,Ooo bhai kya roast kiya hain 100/100 🎉🎉🎉🎉💯💯💯💯,0,Positive
WshNJefWEP8,Mujhe rishte todna achcha nahi lagta,1,Positive
WshNJefWEP8,Pls make more revisit...bhot relief milta h...khul ke hs kr..❤️,0,Positive
WshNJefWEP8,OMG this channel is like humare man ki baat 😘😘😂😂😂,0,Positive
WshNJefWEP8,You're my fav 😘... Kiyun ki mujhe tumhara rishtey nibhana bohut pasand aata 😂😂,0,Positive
WshNJefWEP8,"Yr i just love your content 😂😂😂,ek hi video bar bar dekhti rehti hu",0,Positive
WshNJefWEP8,Brands waala... Pose waala...  Jabardasti waala... sab Gucci...  Prada... Balenciaga... Paise waala... sab  Script likhoge kab ?  😂😂😂😂 Just love this version 😅😂,1,Positive
WshNJefWEP8,"Ye meri favourite movie thi.... ise dekh ke lag rahaa hai, kyu? XD Thak you Mr. Hasaane wale aadhe angrez",0,Positive
WshNJefWEP8,I'm mean it just woww❤ .....your skill of spitting facts 👏👏Script likhoge kab wala part is good in last ....😂,0,Positive
WshNJefWEP8,Bhai aap ne toh jabarjasti...... Boldiye 😐😑,0,Negative
WshNJefWEP8,"Waha baat baat par maa ke darshan, yaha baat baat par ang - pradarshan ...Hilarious 😂😂",1,Positive
WshNJefWEP8,When he said.. bhai I'm sure agar unko kuch ho gaya na toh woh bhi baat nahi karegi kisise 🤣🤣🤣🤣😆😆😆😆,0,Positive
WshNJefWEP8,Bhai I love your channel maza hi aagya🤣🤣🤣🤣,0,Positive
WshNJefWEP8,"bro pays nice attention to details...😂,bs abhimanyu jitna hi middle class bnna h 🤑",1,Positive
WshNJefWEP8,Bhai main unlogon ke bare main soch raha hun jinhe yeh movie achi lagi thi. Kitna chota dimaag hoga aise logon.,1,Negative
WshNJefWEP8,Masttt vro👌👌ekdum jhakaas video😂😂😂👏👏,0,Positive
WshNJefWEP8,Bhut badiya..bhut hi umda...New lense to look at movies..,0,Positive
WshNJefWEP8,🤣🤣🤣 Jabarjasti wala... Love,0,Negative
WshNJefWEP8,We sang Paise wala love to waise wala love,0,Neutral
WshNJefWEP8,Start hi mze ka tha.. weseSoz mean dard..,0,Positive
WshNJefWEP8,Only desi ..I want to grab your attention ...jis building ko ye school bata rahe hain wo actually Indian forest research institute hai jo ki uttarakhand main hai.😆😆😆😆,1,Neutral
WshNJefWEP8,"Kisi maha purush ne kaha tha "" She's such a dumb girl. Iski yhi pta nhi ki wo kisse pyar krti hai"" 😂",1,Positive
WshNJefWEP8,Bhai pls Naya kuch dalde ..purana sab ratt liya hai...,2,Negative
WshNJefWEP8,I recommend everyone here to also watch TVFs Gana wala song after watching this.,0,Positive
WshNJefWEP8,Script likhoge kb my favourite 😂😂😂😂 part,1,Positive
WshNJefWEP8,"""Brands wala ,pose wala ,jabardasti wala sb...Gucci , prada, balenciaga  , paise wala sb ....""And the epic ..Script likhoge kb??🤣🤣🤣🤣🤣",1,Positive
WshNJefWEP8,Bro you are superrr ke uparrr,0,Positive
WshNJefWEP8,2 saal lg gye YouTube ko is epic channel ko suggest krne m😞,0,Positive
WshNJefWEP8,bc wo virginity wala joke was so good,0,Positive
WshNJefWEP8,I used to think saunf wala,1,Neutral
WshNJefWEP8,They are making seque of this tatti. I mean soty 😂😂💯💯😂😂😂,0,Negative
WshNJefWEP8,"And now after watching SOTY2, I'd have to say yeh movie achi thi bhae",0,Positive
WshNJefWEP8,Last me gaana achchha gaya bhai....🤣,0,Positive
WshNJefWEP8,FRI Dehradun tha kya vo..Jab gate open hota h..,0,Neutral
WshNJefWEP8,Last wala gana sabse best h,0,Positive
WshNJefWEP8,Bhai tu solan se hai na,1,Neutral
WshNJefWEP8,"It's actually , ufsooz wala luv 😂😂😂",1,Negative
WshNJefWEP8,Iss baar london nai thailand gye.. movie was shot at assumption university of thailand,0,Neutral
WshNJefWEP8,Maybe Abhimanyu sarojini market se kharidta hota kapde😂😂,1,Negative
WshNJefWEP8,Bhai bahut mehnat kar rehe ho,0,Positive
WshNJefWEP8,1:42 movie theater mey yeh scene nehi tha,1,Neutral
WshNJefWEP8,last song was epic brands wala pose wala jabardaasti wala sab gucci parada balenciaga paise wala sab script likhoge kab,0,Positive
WshNJefWEP8,Song at last is💥💥💯💯,0,Positive
WshNJefWEP8,brands waala love song is op est thing ever😂,0,Positive
WshNJefWEP8,Oh I like that😂Gucci vala belanciaga vala sabPaise vala sabScript likhoge kab?? 😂😂😂,2,Positive
WshNJefWEP8,""" bhai I am sure agar unko kuch hogaya toh woh bhi baat nehi karegi kisi se "" hahahahahahahahhahahahahahah omg wth . Hahahahahahahhahaha",0,Positive
WshNJefWEP8,Ye school tha????? Mein ise clg smjh rhi thi🙂🙂,4,Negative
WshNJefWEP8,"""But the sad part is.....abhi bus Interval tak hi aaye hay"" lmao😂😂😂😂",0,Positive
WshNJefWEP8,English m bhi accha h lekin hindi m hoga to maza aa jaega❤,0,Positive
WshNJefWEP8,H R college me yeah sab hota hai?🤔,1,Neutral
WshNJefWEP8,Paise wala loveeeee,0,Neutral
WshNJefWEP8,Bhai please Tarak mehta ka ulta chashma ka revisit video banao!🙏,0,Neutral
WshNJefWEP8,"2:07 london nahi dikhaya par london walo ne jo banya, wo dikha diya",0,Neutral
WshNJefWEP8,that ''ang pradarshan'' line...🤣🤣🤣,0,Positive
WshNJefWEP8,Literally these movies make me think itna sundar school college... Bc waste ho gyi life.... Kitna depressing hai 🤣🤣,0,Negative
WshNJefWEP8,This Men change my mind 😂😂😂Aaj se Bollywood band 😂,0,Negative
WshNJefWEP8,…. Abhi ko Sympathy nahi virginity chayaaa😂😂😂🔥… haha bhai the best one 😂😂😂🔥,0,Positive
WshNJefWEP8,Bataya nhi k Pakistani song bhi chori Kia tha??  Nazia Hassan ka....,2,Negative
WshNJefWEP8,Aur movies pe bhi video banao please,0,Neutral
WshNJefWEP8,Gzb dhoya h🤣🤣,0,Positive
WshNJefWEP8,Student of the year 2 ko bhibroast krdo,0,Neutral
WshNJefWEP8,Sala yeh log movies me aisa school college dikhate hai jinke saamne amarica fail hai,1,Negative
WshNJefWEP8,Awesome yr..... 😂😂😂😂,0,Positive
WshNJefWEP8,Shurk ek colour hota hai jise english me RED kehte hai.,0,Neutral
WshNJefWEP8,Principal ka bete real me le gaya 🤣,0,Positive
WshNJefWEP8,bahut gandi move thi yaar... mere hostel roommates dekh re the 2012 m ... mujpe apna laptop nahi tha isliye dekhna pad gaya ... kyunki mai bi siddhart malhotra ki tarah bahut hi middle class family se hu ..,0,Negative
WshNJefWEP8,"Sequel of that tatti 😂😂, maza aagya yaar ❤️",0,Positive
WshNJefWEP8,"""Script likho ge Kab ..................????? ""🤣🤣🤣🤣🤣",2,Positive
WshNJefWEP8,bollywood ka bhosdawood bana diya bhai ne. good job bro...,0,Positive
WshNJefWEP8,yaar ye daadiya bhi same thi,0,Neutral
WshNJefWEP8,He didn't spare any of these Bollywood movie 😂😂😂.. he made us feel like every movie is bakwas,0,Negative
WshNJefWEP8,"Martha wale scene ka inner meaning deep hai, tum student of the year ke sath use compare nehi kar sakte",0,Neutral
WshNJefWEP8,3:35 😂😂😂😂agar daadi ko kuch ho gaya toh vo kisi se baat nhi karegi 🤣🤣🤣🤣🤣🤣🤣🤣🤣🤣🤣,0,Positive
WshNJefWEP8,Apki aawaj mast hey😂,0,Positive
WshNJefWEP8,Sidharth Malhotra ne iske baad acting seekh li per Varun Dhawan wahi fuddu Raha,1,Negative
WshNJefWEP8,Thank god dharma productions ne shershaah me taang nhi adaai 😌😌😌😌 wahi Siddharth Malhotra ki asli acting dekhne ko mili 😍,0,Positive
WshNJefWEP8,College ki building Dehradun mein hai,0,Neutral
WshNJefWEP8,Apki voice nice hai 😅,0,Positive
WshNJefWEP8,U forget St Francis' 🤣🤣,1,Positive
WshNJefWEP8,Samaj gai muje b abroad me admission k liye thumka lagani paregi😂😂😂😂😂😂,0,Positive
WshNJefWEP8,Hme to paise wala love lgta tha,0,Negative
WshNJefWEP8,Aajkal ke tatti ke comparison me ye movie toh Godfather ke barabar hai 😂,1,Positive
WshNJefWEP8,Bhai dance competition wala video kaha se laya,0,Neutral
WshNJefWEP8,Ar video lao bhai,0,Positive
WshNJefWEP8,Jawan movie mein baat baat pe poco phone 😂,0,Negative
WshNJefWEP8,Baba ye video k end pe konsa song ata hai? Kumar Sanu ka hai,0,Neutral
WshNJefWEP8,o wahi bachi hai 😂,0,Positive
WshNJefWEP8,Yaha kafi extracurricular activities krayi jati hai jaise pdhai 😂😂,0,Positive
WshNJefWEP8,bt yeh school nhi dehradun ka FRI h...,0,Neutral
WshNJefWEP8,Dadi ko kuch hogya to woh bhi bat nahi karain gi kisi se😂,0,Negative
WshNJefWEP8,Script kab likhoge😂😂.Extra activities like padai😂😂,1,Positive
WshNJefWEP8,kuki muje rishte torna achha nhi lgtaaa .. LMAOOOOO,0,Positive
WshNJefWEP8,Thumka lagake admission 😂,0,Positive
WshNJefWEP8,Brand pe poora gaana b likha tha 😂,1,Positive
WshNJefWEP8,Bhai jb tk tum aisi viedo bnaate the to mza aata jbse samne aya Sara mood khrab hogya ....,0,Negative
WshNJefWEP8,Yeh channel ke contents par copyright claim yeah reused content nahi Ata hai kya ?,0,Negative
WshNJefWEP8,"Though i know this video is for entertainment purpose only which actually did what is was suppose to 😅😅But out of curiosity i had a question, kya cheating ke badle me cheating ko cheating kehte h?",0,Neutral
WshNJefWEP8,Bollywood : Kyu Izzat nikalra,0,Negative
WshNJefWEP8,Ksm hai is c lnd movie aajtk nhi DekhiEdit : suna hai second part zada lnd hai,0,Negative
WshNJefWEP8,Maa ki darshan aur angg pradarshan 😂😂😂😂😂😂😂😂😂,0,Positive
WshNJefWEP8,Hahahahah its the script likhoge kab for me,0,Positive
WshNJefWEP8,Puma puma puma puma 🤣🤣🤣🤣🤣😂,0,Positive
WshNJefWEP8,aree re re singer kab ban rahe ho??,0,Negative
WshNJefWEP8,3:41 Lekin abhimanyu ko uski sympathy nai virginity chahiye😂😂,0,Negative
WshNJefWEP8,"The pshycho of indian culture of the song,and film ka yahi attitude ki problem hai👻👻👻👻👻🤖🤖🤖..aliya fail 10wi..up board",0,Negative
WshNJefWEP8,The scene where alia cries “mai competition ka hissa nahi hu” you should have covered that too worst acting ever.🤣🤣,0,Neutral
WshNJefWEP8,"GPA, SAT and ACT ye sab kya hain bhaiii",0,Neutral
WshNJefWEP8,Mujhe esa laagta hai kahan kahan maine apne rs barbaad kre hai,0,Negative
WshNJefWEP8,Koi mujhe bas yeh batade koi yeh college hain ya school?? Kyuki kahin bhi itne bade nai hote log yeh sab kam se kam 10 saal bade hain college walo se,0,Negative
WshNJefWEP8,Yaar kaay ho tum.   🤣🤣🤣🤣🤣🤣,0,Negative
WshNJefWEP8,Mza ni aya. Plz make another revisit. Isme to bhaut kch tha,0,Negative
WshNJefWEP8,Tumhare dialogues,0,Neutral
WshNJefWEP8,Shanaya did clearly cheat on her bf but uska bf to waise bhi usko bhav he kaha Deta tha. He would hit on other girl in front of her. He was least involved with her. Wo to fir hona he tha.,0,Neutral
WshNJefWEP8,I like your revisit but itna bura bhi nhi hai is movie ka story jitna tum dikha rhe ho,0,Neutral
WshNJefWEP8,Script lekhoge kb awesome,0,Positive
WshNJefWEP8,Script likhoge kb epic,0,Positive
WshNJefWEP8,Bhai Karan Arjun pe mat Jana yr 🙏,0,Negative
WhvuONO1INQ,isko adipurush achi lgi thi ye yaad rakhna sab 😂😂😂,3942,Negative
WhvuONO1INQ,Bhai yaad rakhna ise to Adipurush bhi pasand aayi thi 😂Thanks for like ❤,347,Negative
WhvuONO1INQ,Maine yogi bhai ke lie itne ache ache. Comment kie uspe itne likes kbhi nhi aaye jitne iss prr ek baar critisize krne pe aa gye 1 din bhi nhi hua aur 1k likes ho gye😂,1215,Negative
WhvuONO1INQ,Yogi ko paise do💰💰💰💰Paise nahi diye te usne negativity start ki😅😅😅,24,Negative
WhvuONO1INQ,Yogi bhai tumne disappoint kr diya humko 😢😢,431,Negative
WhvuONO1INQ,Guys pura theatre enjoy kar raha hai bhai maza hai old style classical type comedy,603,Positive
WhvuONO1INQ,Chalo bet lagate hain 😂 Peisa nehin mila he 😂😂😂Thanks for likes 😁,1309,Negative
WhvuONO1INQ,Abhi ye khans ki movie hoti toh ye chatna shuru kr deta 😂,20,Negative
WhvuONO1INQ,3:32 aapne humlog ko disappointed kar diya,47,Negative
WhvuONO1INQ,Mai dekh ke aaya tha .Movie achhi hai  and 3.5 stars to 4 stars tak ki movie hai .Full vibe thi bhai theatre mein raat ko dekhte wakt ❤,460,Positive
WhvuONO1INQ,4:05 Comment section me to aapki ki bhi khol ke rkh di bhai😂,410,Negative
WhvuONO1INQ,0:13 Payment Nhi  aaya Isko 😂😂,187,Negative
WhvuONO1INQ,Yaar movie acchi hai pura na thodi comedy rahenga. Esa hoga to story ka plot nai banega.,197,Positive
WhvuONO1INQ,3:08 surprise kya tha? Mujhe to nhi mila,5,Neutral
WhvuONO1INQ,*ajkal ek trend chala hai ki purane actors ki filmo ko hate karo aur south ke 2 kodi mass masala films aur bollywood ke brutal films ko tarif karo*,4,Negative
WhvuONO1INQ,Isko aadi purush acchi lagi Thi yah yad rakhna sab😢😂😂😂😂😂,39,Negative
WhvuONO1INQ,Yogi bolta hai ❌Yogi kuch bhi bolta hai ✅,168,Negative
WhvuONO1INQ,RIP Stree 2 💀Bhoot Bangla ne aate hi hawa tight kar di 👻🔥,259,Positive
WhvuONO1INQ,Comment section👎🏻 yogi ko gali dene wale 👍🏻☑️🤣,5,Negative
WhvuONO1INQ,"Bhai Top notch comedy Hai, sach me dil khus Ho gaya 😅❤",163,Positive
WhvuONO1INQ,Comment Section mein Oggy ki itni tarif dekhkar sukoon mila .Baad mein yahi bolta hai ki Akshay ki movies achhi hoti hai but fans dekhte nahi hai . Aaj pahli baar comment mein yogi ko pela ja rha hai 😂,53,Negative
WhvuONO1INQ,Lagta pisa nhi mila 😂😂,256,Negative
WhvuONO1INQ,1:26 is admi ka mat suno koi 😅😅😅,4,Negative
WhvuONO1INQ,Bhai ye movie online kha dekhe,0,Neutral
WhvuONO1INQ,Aaj pta chala k triple tap karne se comment reply hota hai 😂😢,310,Neutral
WhvuONO1INQ,0:13 Bhai yaad Rakhna Isko Bhagwath Kesari Acchi lagi Thi 😂😂😂,66,Negative
WhvuONO1INQ,Fake reviews karta hai bhai 😂 only for money review,7,Negative
WhvuONO1INQ,Bhai to ja raha hoon movie dekhne9:30 par jaipur,43,Neutral
WhvuONO1INQ,Mein aap ke review dene se pehly smjha gaya tha ki aap aisa hi review doogee❤,0,Positive
WhvuONO1INQ,Bhai sahab comedy yarrr 😂😂,38,Positive
WhvuONO1INQ,Aisa hi hota h jab pese na mile koi kasar nhi chhori burai krne me 😂😂,1,Negative
WhvuONO1INQ,Iska sahi hai Paise nahi diye to aajate hai negativity karne,133,Negative
WhvuONO1INQ,Yahi south ki hoti movie jo ye subtitles ki help se dekhta toh iski taarif band na hoti,10,Negative
WhvuONO1INQ,Hamko toh ummid b nhi tha es film se. Hit th bhut dur ki baat hai. Ajkal th south wala hi tabahi macha rai❤,1,Positive
WhvuONO1INQ,Jabardast movie hai bhai sbko dekhni chahiye akki paji ka comeback 🤩🔥,1,Positive
WhvuONO1INQ,Wtf Yogi bhai disappoint toh apne kar diya yaar,8,Negative
WhvuONO1INQ,Mene pehle hi guess kar liya tha ki aap negative bologe hi yogipidia me mene aapka udass chehra dekha tha jab iska news cover kar rahe thee,16,Negative
WhvuONO1INQ,"Isliye mai kavi bhi single person review pe  believe nhi krta, sbse Best public review usme honest review ka pata chalta hai.",1,Neutral
WhvuONO1INQ,"Agar movie acchi nahi hai, descent hai toh 21 Cr Day 1 mein kaise collect kar liya😒",1,Negative
WhvuONO1INQ,"Movie bahot acchi hai. Songs bhi bahot kamal ki hai  Full on Entertaining.  Sabki Acting lajawab hai.   Friends and family walo ke sath dekh sakte ho. Negativity, Heaters  ki baato me matt fasoo. Movie enjoy karo.❤🔥🔥",27,Positive
WhvuONO1INQ,1:05 Main bataata hun kya karein..... GHARE JAAKE SUTTI BABU😂😂😂😂,21,Negative
WhvuONO1INQ,thodi der mein comments section disable hone wala h 😂😂😂,1,Negative
WhvuONO1INQ,galat review de Diya Bhai aapne....is bat par unsubscribe toh Banta Hai... because Boss is always right....,1,Negative
WhvuONO1INQ,Pahle main dekhunga uske Bad review bataunga😂😂,10,Positive
WhvuONO1INQ,yogi bhai krishnavtaram ke trailer ka review karo ek number hai,1,Neutral
WhvuONO1INQ,Suraj Kumar and Filmi indian ko ye movie achhi lagi hai to achha hi hoga 😂😂,84,Positive
WhvuONO1INQ,Bhai bahut achhi movie h ek bar ja kr jarur dekhna or ha tere review ko meri taraf se 0.5 out of 5 star ✨,7,Positive
WhvuONO1INQ,Yogi bhai month me 4 movie dekho taavi atcha laagega ab bhai one day me 4 movie dekhoge to khakkk mazza aayegaaa 😆😆😆😆😆,1,Negative
WhvuONO1INQ,1:09 ab kya har ek scene me comedy hi de kya,4,Negative
WhvuONO1INQ,Bhai mai iska khud nahi maanta ye paise leke review krta h Aur dusri baat Ashish chanchlani se paise leke Ekaki ka review kia tha isne. aur upar se I Remember bhai Akshay ki Ram setu aayi thi jab tab bhi isne negativity kri thi balki Ram setu ka climax aakhiri me twist bohot sahi tha lekin isko dikkat thi,51,Negative
WhvuONO1INQ,Lagta hai half payment mili hai 😂😂😂,2,Negative
WhvuONO1INQ,Yogi bhai mere piche baitha tha cinepolis me 😊,1,Neutral
WhvuONO1INQ,Ab kuch log Yogi ko Oggy bolke apne aap ko komedian smjhenge 🤡,28,Negative
WhvuONO1INQ,00:24 agar Yogi ne Kuch bi average bola to unsubscribe pakka 🤔🤔,5,Negative
WhvuONO1INQ,Aaj se iska viedo kabhi nahi dekhoonga 😂,1,Negative
WhvuONO1INQ,Kiya comeback hoga😮😊,4,Positive
WhvuONO1INQ,Bhai inhe itna Gyan hai to 5 min ka add ho bana de,1,Negative
WhvuONO1INQ,Is se acha movie thumbnail to me free me bana du🙏🙏😂😂,0,Negative
WhvuONO1INQ,4:10 Me unsub kar kar rha hu yar tumne dil tor diya aaj,4,Negative
WhvuONO1INQ,Dhurandhar se bahar aa😅,5,Negative
WhvuONO1INQ,Comments dekhne me jyada maja ata hai 😂😂😂,1,Positive
WhvuONO1INQ,Movie achhi thi 4 out of 5 ✅,5,Positive
WhvuONO1INQ,Unsubscribe kro,7,Negative
WhvuONO1INQ,Apne bilkul sahi bola ki movie me tabbu ka kuch khash roll nhi tha mene tabbu ke liye hi movie dekhne gayi thi aap bilkul right bolte ho movie ke bareme very good job 👍👍👍,0,Positive
WhvuONO1INQ,Half ke baad puri dharm ke athe chdaa di,2,Negative
WhvuONO1INQ,Charo vor se review ache nikle hai tera kuch samjh nahi aaya ab ki baar,3,Negative
WhvuONO1INQ,Adipurush ko achi Btane wala cutie aadmi ❤❤,12,Positive
WhvuONO1INQ,Payment nhi mila hai 🤡🤡✅,1,Negative
WhvuONO1INQ,"Abhi just movie dekh kr aya hu One time watch' h bs fr bhi apne sahi btaya h yogi ji review me bht forced situation, scene ate hai jo nhi hone chahiye thee offcourse screen time ki whj se but dale gaye hai...and songs jaise apne bola movie dekhne bad ek bhi song yad nh ata bs Rajpal yadav hi yad rhta h and casting bhi glt h kuch chr ki specially paresh rawal sir ke kuch scenes u explained it really well...thanx fr your genuine review",0,Negative
WhvuONO1INQ,2:40 kya baat kar rahe ho .. the legend arijit singh ka gana tu hi disda wala gana acha hai..  lgta hai aapko pese ni mile movie review ke,9,Negative
WhvuONO1INQ,bhai tu hi bana le movie Priyadarshini sir ko hum samjha the hai,2,Negative
WhvuONO1INQ,Isko aadipurush best laga tha 😂😂,1,Negative
WhvuONO1INQ,Yogi bolta hai❎Yogi bikta hai✅,1,Negative
WhvuONO1INQ,"Paise nahi mile kya, yeh wahi hai jiko Adipurush acha lagta hai 😂😂",1,Negative
WhvuONO1INQ,*Hats of to Rajpal Yadav jinhone ne apne career main naa jane kitane Diffrent charector nibha kar logo ko hasya hai. Baki Akshay ki same comedy wali acting pe log baar baar kaishe haa sakte hai mujhe samajh nahi a araha hai. Baki movie bhul bhulaiya 2 zada lag rahi thi*,1,Positive
WhvuONO1INQ,Yogi bolta hai ❌ Yogi kya bolta hai ✅,1,Negative
WhvuONO1INQ,Humne To free mein movie dekhi Hamen to bahut Achcha Laga download karke dekhiae Humne bahut majedar movie hai aur Badi interesting Story Hai,1,Positive
WhvuONO1INQ,ye sahi review nikla baki Suraj Kumar ne toh tareef ke pool bandh liya hai is movie ke,0,Positive
WhvuONO1INQ,Bhai ye bollywood wale ek real horror movie kyu nhi bnate.,0,Negative
WhvuONO1INQ,It's like old bhool bholaiya. Story lineup boht acha he. Bilkul boring nhi he. Comedy bhi mst he. Must watch,0,Positive
WhvuONO1INQ,Pichhle 4 saal se Yogi ji aapki movie review dekhta aaya hu lekin aaj first time aap se bharosha uth gya movie bahut achhi hai iska first half story ko Bild karta hai baki 2nd half me jaise story hai uske hisab se hi movie chalti hai,0,Negative
WhvuONO1INQ,"Review sahi kiya karo bhaiya. ap ne ""devra movie "" Ko bhi average hi bola tha par wo movie bahut achi thi..",1,Negative
WhvuONO1INQ,"Bhai lagta h payment nhi mila , baukhla gaya h 😂😂, isko adipurush achhi lagi thi 😂😂",1,Negative
WhvuONO1INQ,Muze pehale se pata tha ye burai karega 😅 movie achhi hai bhai log,1,Negative
WhvuONO1INQ,Bhai...tum wahi ho na jo trailer ane pr tarif kr rhe the😂,1,Negative
WhvuONO1INQ,South to repeat karta hai kabhi-kabhi aapko achcha lagta hai kyu,1,Neutral
WhvuONO1INQ,Very good reviewMaza aagaya yogi bhai 👍,1,Positive
WhvuONO1INQ,"bhaii time nikalkar — ""Krishnavataram part 1- hridyam"" pr bhi ek review video bana do bhaii please 😢",0,Neutral
WhvuONO1INQ,Adipurush isko blockbuster lagi thi. Iska review kaisa hoga 😂😂😂,1,Negative
WhvuONO1INQ,Main to sirf comment per Bharosa karta hun comment mein pass matlab picture acchi hai Kal  parson mein jata hun❤❤,1,Positive
WhvuONO1INQ,Are bhai Krishnavataram part 1 movie ka trailer Review nahin kiya,1,Neutral
WhvuONO1INQ,tum ne bola tha k Kerala story propaganda hai abhi Nashik mein corporate company mein hua us pe kuch bolo ge ke 🤐,1,Neutral
WhvuONO1INQ,Jo kisi ko achi nahi lagti ..  Wo isko achi lagti he😂😂Jo sab ko achi lagti he.Wo isko nhi lagti😂😂,1,Negative
WhvuONO1INQ,Yah South wala repeat Karta to aapko achcha lagta hai,1,Negative
WhvuONO1INQ,Abhi dekh k aa rha hu blockbuster movie h😂😅😊❤🎉,1,Positive
WhvuONO1INQ,Mai yogi kai pudi bakchodi nahi dekhi bs commant mai kon kon yogi ki pelai kr raha h ye padhne aaya hu😂😂😂😂😂,1,Negative
WhvuONO1INQ,Bhai ye nhi bika aaj 😅😅Pese nhi mile points ginane ke😅,1,Negative
WhvuONO1INQ,Bhai adipurush re release kab hogaa...,0,Neutral
WhvuONO1INQ,Bhool bhulaiya 4 de dena tha naaam,1,Negative
WhvuONO1INQ,Bro krishavatarm movie trailer ka review karo na😢,1,Neutral
WhvuONO1INQ,Yogi bhai eaabar apko paise nahi mile movie block baster hogi dekhana😅❤,1,Negative
WhvuONO1INQ,0:38 Dhurandhar 2 ye kya bol diye 😮😮😮😮,0,Neutral
WhvuONO1INQ,Bhai inki saari Film jab release hui thi to flop thi but jab ye tv pe aayi to sabko pasand aayi thi,0,Positive
WhvuONO1INQ,Aare abhie dekh kar aaaya movie aur honestly aacha laga,1,Positive
WhvuONO1INQ,2 star itna bekar hai kya movie😮,1,Negative
WhvuONO1INQ,Iska to hil gya h 😂😂,1,Negative
WhvuONO1INQ,First movie jo leak nhi hui me kgud theater me dekha kafi enjoy kiya 😊,0,Positive
WhvuONO1INQ,Ramayan walo ne bahot paise diye the bhar bhar ke tarif ki balki  teaser tha fir bhi jam jam ke tarif ki moje bilkul Ramayan ka teaser achhchha nahi laga😢😅😂,1,Negative
WhvuONO1INQ,"Jo Muthal bol rahe the ki bhooth bangla hit jayegi 😂  vo dekh lo, unke  nosh-tell-jiya  ki  maiya put gayi bhoot bangla ki bhi😂",1,Negative
WhvuONO1INQ,Yogi ko koi bhi movie me Kami nikal deta hai,1,Negative
WhvuONO1INQ,Spoiler alert but one mistake - agar vadhusud ko light se darr lagta tha....to last scene me itni fire kyu jal rhi thi ?,0,Negative
WhvuONO1INQ,Bhaiya ham movie dekhkar aaye hai wo bhi first bahut achhi movie hai great directon by Priyadarshan sir,0,Positive
WhvuONO1INQ,Movie aacha h sare log dekhne jao kiski baat pe barosha mat karo,1,Negative
WhvuONO1INQ,you broke the trust of giving honest reviews bhai... yogi bhai apse ye umeed nahi tha...,0,Negative
WhvuONO1INQ,"Akshay, Rajpal yadav, paresh rawal, late asrani sir❤ togeather movie always  bestI hope yeh sb mil k aisi movie banati rhai gi  please akshay sir",0,Positive
WhvuONO1INQ,Iski Baton per Dhyan mat do doston jakar movie Dekho enjoy karo 🎉,1,Negative
WhvuONO1INQ,Ye sirf south ko achha kehta h,1,Negative
WhvuONO1INQ,Yogi bhaii Seriously!Aaj pta chala aap itne Negative v ho 😂Itni criticism!💔💔💔Ek Subscriber kam ho gya aapka aaj God Bless you 🙏👍,1,Negative
WhvuONO1INQ,2.5 star dena matlab kuch bhi very shame full yoji bhai,1,Negative
WhvuONO1INQ,Wamika Gabbi ki hasi thodi zyada hogya hai 😂😂😂😂,0,Negative
WhvuONO1INQ,*_Agar movie pasand na aaye to Suddhikaran ke liye Bhool Bhulaiya dekh lo😂_*,0,Positive
WhvuONO1INQ,Ek comedy movie se aur kya dekhna chahte ho tum  😂😅 Yogi tum Oggy Jaisi baat karte ho 😁,0,Negative
WhvuONO1INQ,Surprise kya haa iss Film mein....?,0,Negative
WhvuONO1INQ,Yogi bhai aap pehle hi achha review dete the ab Toh aapki video dekhne ka man v nhi krta hai Pehle aapki videos k intijar me rehta tha me,0,Negative
WhvuONO1INQ,"Mai dekh k aay hu raat ka show tha yahan pe... 1st show was too much funny and 2nd show bhi acha h.. but thoda fun type kam h but acha h, Maja lagega.. 4 star out of 5 dekh lo sab accha h..",1,Positive
WhvuONO1INQ,Kya hua be payment nhi aaya kya😂😂,1,Negative
WhvuONO1INQ,Bi muja acha laga mera famelly ka sath,1,Positive
WhvuONO1INQ,Kl raat he movie theatre mein dekh kar aa rha hun... Bhai kya movie bnayi hai yrr❤️❤️❤️....Yogipedia ko almost 1 year se follow kr rha hun but aaj sach mein lga k ye review Biased thaa😢Movie hum bhi dekhte hain aur as a audience humko bhi pta hai kon c movie kitni achchi hai🙏🙏,0,Positive
WhvuONO1INQ,Mast review 😅😅😅,1,Positive
WhvuONO1INQ,Aaj movie dekhunga agr tera review galt nikla to last time aapka video h mere liye,1,Negative
WhvuONO1INQ,Film superb hai,2,Positive
WhvuONO1INQ,Finally ye time kuch toh Achha bola movie kie liye,0,Positive
WhvuONO1INQ,Apne Abhi Tak Krishnavataram part 1 ka trailer ka video nai banaya hai,0,Neutral
WhvuONO1INQ,Bhai krishnavatram ka review kab aaega 😅,0,Neutral
WhvuONO1INQ,Bhai inko yeh 10 Saal bad cult  classic movie lagegi,0,Positive
WhvuONO1INQ,Yeh movie 4 star deserve karti h (entertainment ke liye)Mujhe personally Aryan ki bhool bhulaiya se to 100% acchi lagi hai,0,Positive
WhvuONO1INQ,Saly tujy role milta phir achi thi😂,0,Negative
WhvuONO1INQ,Mene kal dekhi bahot achchhi movie thi comedy and horror,1,Positive
WhvuONO1INQ,"Bhai gaane ke alawa tho story ,humour sab tho badiya hi laga thode time stretch kiya,uske alawa vo wamiqa gabbi ka bahan aur jo family pehle mara gya unka plot jaldi khatm kiya 😅 sorry for little spoiler",0,Positive
WhvuONO1INQ,Yaar last main samajh nahi aaya agar akshay baar gaya tha sabko kese dikhta tha please reply,0,Neutral
WhvuONO1INQ,Achi movie h bhoot bangla,1,Positive
WhvuONO1INQ,Paise nhai mil le kya ?,2,Negative
WhvuONO1INQ,Honest review hai bhai mene bhi dekha kal movie itni bkwass movie hai mt hi pucho 😵😵😵😵,0,Negative
WhvuONO1INQ,Sab ko badiya review de raha hai or ye negative hi deta hai humesha akshay kumar ko haad ha be movie badiya ha mene dekh liya sab jao dekhne khud dekh k samjho awsme hai comedy khatarnak hai,1,Negative
WhvuONO1INQ,"Abe ye movie bahut achhi hai( mai abhi abhi dekh kar aaya hoon, sach mein mjaa aa gya) ye sab youtubers k behkaave mein matt aaya karo",2,Negative
WhvuONO1INQ,Movie achi Hai especially first half me comedy Kamal Thi bs itna kehna Tha second half me comedy aor daalni Thi wo thori kum reh gayi,0,Positive
WhvuONO1INQ,Ye yaad rkhna isko durandhar psd nhi aaya tha 1 part 😅 3.5 star,0,Negative
WhvuONO1INQ,"Bilkul sahi ho aap..only first half acha he,second half 🥵🥵",0,Negative
WhvuONO1INQ,1 minute ki baat pr 4 minute ki video bnadi apki video ko 1 star out of 5 😂,1,Negative
WhvuONO1INQ,Aapnehi aadipurush  ka trailer achha bola tha😂😂,0,Negative
WhvuONO1INQ,Adipurush acchi lgi 😅,1,Positive
WhvuONO1INQ,Isko bhool bhulaiya 2-3 achhi lagi thi to bhai log ye yad rakhna .....😂😂😂😂 Baki badiya movie h enjoy karo 🎉🎉,0,Negative
WhvuONO1INQ,Review to koi bhi de sak ta hai..Ek movie bana lena... pement nahi mila Kya 😂😂😂,1,Negative
WhvuONO1INQ,Yogi bhai ko promossion ke tips nahi mile😂😂😂😂,0,Negative
WhvuONO1INQ,Khud toh dek aaye hume rok raha hay jane se😅😅,0,Negative
WhvuONO1INQ,"Totally agreed, decent movie h, time pass h, comedy bhi itni khas nhi h , itne mnjhe hue actors hone ke bad bhi vo wali vibes nhi aayi movie se jo socha tha, thik thak movie h bs..",0,Neutral
WhvuONO1INQ,"Do rupe ka youtuber ab movie review karega,jisko ek short film banane ka awkad nehi hain🤣🤣🤣🤣🤣",1,Negative
WhvuONO1INQ,Meine ye movie dekhi aur mujhe to first half bhi utna kuch khaas acha nahi laga lakin kuch sences wakai me ache the bhut ache nahi lakin average the aur hn movie bhut ji jada predictable hai to mere taraf se is movie ko 2/5,1,Neutral
WhvuONO1INQ,Ye dogla hai bhai log..bas betting apps ki promotion krta hai..aur adipurush isko achi lgi thi,1,Negative
WhvuONO1INQ,Vaazha 2 ki review de do vai,0,Neutral
WhvuONO1INQ,Bhai ye movie jaani Dushman ki story base vo jaani dusamn jisme amrish puri saitaan bnta h,0,Neutral
WhvuONO1INQ,Bhai please krishnavataram ke trailer ka review karo,0,Neutral
WhvuONO1INQ,Mujhe maja nhi aaya bilkul bhi🥲,1,Negative
WhvuONO1INQ,Me to bahut hasa 😂yaar or movie bahut achhi thi . Or bahut maza aya,1,Positive
WhvuONO1INQ,Yogi bhai Kitne din se bol raha hoon please 🙏 Alice in borderland pe ek video please 🙏,0,Neutral
WhvuONO1INQ,kya guarantee hai ki next year same pattern hoga,0,Neutral
WhvuONO1INQ,Mujhe bahut acchi lagi movie rajpal ne such mai hasa diya,0,Positive
WhvuONO1INQ,Paise nahi mile hai kya 😅😅,2,Negative
WhvuONO1INQ,Hamlog jugaar wale ..... Jugaar krke dekh lenge 😂😂😂😂😂,0,Positive
WhvuONO1INQ,Isko peysa nhi mila hoga,1,Negative
WhvuONO1INQ,"Ye Yogi ye v bola tha ki Dhrundhar 2 ki Release Date Change hogi kyuki Toxic us din Release hogi,But Toxic hi bhag gya Dar gyaa",0,Negative
WhvuONO1INQ,"Vadhusur kahoo , Jeepers creepers kahoo, lights out kahoo ya kehdoo tumhe chamgadro ka batman🦇 😂😂😂😂",0,Negative
WhvuONO1INQ,Mein to unsubscribe karraha hon wrong review de Raha hai 😢,1,Negative
WhvuONO1INQ,"Chalo main movie dekhta hu aur agar mujhe movie pasand ayi aur acchi lagi to , aapke review ko bekar samjhunga, aur har movie apke review ke bina hi dekhunga",0,Negative
WhvuONO1INQ,"Jo Muthal bol rahe the ki bhooth bangla hit jayegi 😂  vo dekh lo, unke  nosh-tell-jiya  ki  maiya put gayi bhoot bangla ki bhi😂",1,Negative
WhvuONO1INQ,"0:38 Isse kehte hain movie agar achha na ho, toh log title bhi bhul jaate hain 😂",0,Negative
WhvuONO1INQ,Phele bar lag raha hai Yogi ku bol raha hai.... common broo just tell it was good no need to rafe bait yrr eiti achhi toh hai...sorry to say agar ye south ki hoti toh tarif karte karte thakta nhi 😅,1,Negative
WhvuONO1INQ,"Bhai aapko review naa dena aaye toh mat diya karo , waise bhi yogi bhai  achi movie kaa review aap kabhi sahi tarike se nahi karte and agar mein himmat hai toh superstar by kunaal khemu sir ki movie ka review dalo apne channel pe yaa recently realised hui film nukkad natak ka review karo toh maan jaaunga",2,Negative
WhvuONO1INQ,Audience ko tumhare opinion se fark nahi padega abb audience khud samjhti hai achi movies ko appreciate karti hai tumhare samne hai reason after lockdown malayalam industry ne kitna rise kiya aur audience ne bohat pasand kiya to yeh audience decided karegi par yaad rakhlo movie blockbster hogi jarur kyuki audience akki aur priyadarshan ke wajh se ja rahi hai the og.,1,Negative
WhvuONO1INQ,Tum log itne hi gyani ho to koi achhi khoj karo ya tum logo mei dum ho to khud banao movie ya sirf sirf faltu dusro mei kamiya nikalna aata hai...,2,Negative
WhvuONO1INQ,Yogi to man se bhi batti de deta he .bhai ke pas to pesa aaraha he😂😂😂😂😂😂😂,0,Negative
WhvuONO1INQ,*Oggy Bhai Ek Do Film Aap Bhi Banao Tab Review Dena*,0,Negative
WhvuONO1INQ,Jise adhi purush pasand aayi use hum seriously nahi lete,0,Negative
WhvuONO1INQ,Bhai comedy movie nahi hai jo second half me bhi comedy dekhoge 😂😂 horror cum comedy movie thi toh itna bhut tha 😮,0,Negative
WhvuONO1INQ,Ab to horror comdey se bharosha hi uth gyaaa.. priyadarshan jaise director bhi fail ho gye comdey movie delivere krne mee.....first half is bhool bhulaiya 1 but second half bhool bhulaiya 2 and 3..😢,0,Negative
WhvuONO1INQ,Public ko movies dekhna chor dena chahiye....,0,Negative
WhvuONO1INQ,Bhailogo sab is video ko report karo taki agli baar jhuta review karne se ye 1 lakh bar soche 🤬,1,Negative
WhvuONO1INQ,License Movie ka review karna masoom sharma ki❤,0,Neutral
WhvuONO1INQ,Bakwas movie tha bhoot bangla isse atcha bhool bhulaiya 2ya3 tha,1,Negative
WhvuONO1INQ,Bhai ye movie mujhe stree 2 se best lagi,1,Positive
WhvuONO1INQ,Bhai sambhavam hotstar pe movie aayi hai uska review bana lo,0,Neutral
WhvuONO1INQ,Super hit movie Mai bhi kl rat dekha benglore me Super comedy movie hai,0,Positive
WhvuONO1INQ,Ysko toh bas south movie pasand hai ....bhhot banga is too good movie...plz family ke saath enjoy karo,0,Positive
WhvuONO1INQ,movie dekho bindas iski mt suno,2,Negative
WhvuONO1INQ,Mujay movie literally bahot achi lagi ...same flavour jo priyadarshan ki movie ka rehta hai Kher ese review mene tab khatta meetha l liye sune the aur aaj woh movie cult bani hui hai,0,Positive
WhvuONO1INQ,"Yogi bhai koun ho tum,bas bahut huwa,boycot kro yeh yogi ko,kuch v 😅",0,Negative
WhvuONO1INQ,Men abhi movie nahi dekhi par mujhe pata hai ki achhi hi hogi movie to par eski yogi ki video mat dekha karo kyuki eski achhi nahi hai video,0,Negative
WhvuONO1INQ,Isko achha movie dekhna bhi hai aur time bhi kam kese hoga yar,0,Negative
WhvuONO1INQ,Yah hai kon vaise,1,Neutral
WhvuONO1INQ,Bhai acchi movie hai 🍿🍿🍿🍿,1,Positive
WhvuONO1INQ,bhat the boys dekha hay Apne ???👀,0,Neutral
WhvuONO1INQ,Bhai 100 mujh se le lo but positive bol lo 😂😂,0,Negative
WhvuONO1INQ,Aapka review bilkul sahi he bhai,0,Positive
WhvuONO1INQ,"YOGI bhai mujhe Horror movies dekhna bohot pasand hai , ekdin mere office ke boss ne bola ki itna horror movies mat dekho dimag pe bura impact padta hai . To maine unko bola ki yea mera personal interest hai. Unhone mujhe bola ki Office mai mat dekho 😢🙏😭",0,Neutral
WhvuONO1INQ,"Bhai m dekh kr aaya hu movie aaj subh wala show , to movie ka review ye rha - movie ka first half best hai comedy ke hisaab se and intervel ke baad movie thodi si mid feel hoti h shayad vo back story sunate hai is vajah se , movie ka end thoda rushing huaa h mtlb vha thoda improvement ho skta hai . Baaki overall movie dekhi jaaye to achhi h family orr friend ke sath dekhna maja aayega . M friends ke sath gya tha to mujhe to make aaye the . M movie ko 3/5 star dunga. Baaki YOGI BOLTA achha HAI 😅",0,Neutral
WhvuONO1INQ,Mast film hai bahut din ke baad film achha laga,0,Positive
WhvuONO1INQ,maine toh phele hi predict krliya tha wahiyaat movie hogi.,0,Negative
WhvuONO1INQ,Kya bhai kitna jhuth reviews de rahe ho Maine dekha movie bahut achhi movie hai bhale interval ke baad comedy scenes nahi hai par story to achhi hai na or presentation bhi accha hai ❤❤❤,1,Negative
WhvuONO1INQ,Bhai movie me kuch khas nhi hai but ha ab tk jis tarah pahle ki movies me bhi pandit ho ya koi pujari ya purohiton ki insult ki jati thi ussi tarah is movie ke last me bhi hai.,0,Negative
WhvuONO1INQ,Aisa review dekha 🤣😀😂to mulakat kabhi nahi hogi 🤡,0,Negative
WhvuONO1INQ,Must movie thi bhai,1,Positive
WhvuONO1INQ,Matlab mai movie dekhne jau ki nahi ?,0,Neutral
WhvuONO1INQ,0:27 tu pagal ho kiya 😅😅😅,2,Negative
WhvuONO1INQ,Honest review hai bhai mene bhi dekha kal movie itni bkwass movie hai mt hi pucho 😵😵😵😵,0,Negative
WhvuONO1INQ,Achhi movie hai aaj hi maine dekha bhut. Achhi comedy movie hai❤,0,Positive
WhvuONO1INQ,Bhot hi bekar hai ye movie,1,Negative
WhvuONO1INQ,Bollywood ka sabse bada dushman hain ye 😂,0,Negative
WhvuONO1INQ,"Main aaj dekh ke aaya hu, audience full enjoy kr rhi thi movie. I don't know why everyone is talking so negative about it",0,Positive
WhvuONO1INQ,Sahi maine bina review dekhe movie dekhi . Wrna tumhaari baat sunke nhi jati well movie achhi hai,0,Positive
WhvuONO1INQ,Bhai aapka taste abse kabhi follow nhi karunga. First half mai hi comedy hi kyuki yeh horror/fantasy bhi hai. Bhool bhulaiya mai bhi yahi hua tha. Yeh movie bohot achi thi ager isko support nhi mila comedy genre dead hojayegi. Classic comedy 4.5/5 stars,1,Positive
WhvuONO1INQ,"Ab Bollywood GHODE LAG GAYA hey ,",0,Negative
WhvuONO1INQ,Bhai enke akshay sa phati hi,2,Negative
WhvuONO1INQ,"Movie Ek Bar dekhne layak Hai Bus.Jyada acchi bhi nahin hai aur Jyada kharab Bhi Nahin Hai, story acchi hai",0,Neutral
WhvuONO1INQ,Bhai interval k baad hi acchi hai madam to yahi bol rahi hai,0,Positive
WhvuONO1INQ,Movie bhot aachi ha yar 5 out of 5 ha moj kar di movie na full pasia vasul ❤❤🎉🎉,0,Positive
WhvuONO1INQ,Aaj 7:15 ka show hai evening ka,0,Neutral
WhvuONO1INQ,Kya yogi bhai theatre me maja aa gya movie dekh ke sab log enjoy kr rhe the itni badhiya movie h fir bolte ho aaplog pehle jaisi movie nhi bnti ab pure bhool bhulaiya vibe aa rhi thi Aapka review achha nhi lga movie bhot mast h,0,Positive
WhvuONO1INQ,Gaana kaha se us level ka hoga. KK thodi na h,0,Negative
WhvuONO1INQ,Isko Koi Badass Rajkumar dikhao bhai....,0,Neutral
WhvuONO1INQ,Mai bhi kuch time se feel kar raha hu ki ab yogi ke reviews scripted ho gaye hai......😂😂😂,0,Negative
WhvuONO1INQ,Movie acchi toh ha bhai,1,Positive
WhvuONO1INQ,Isko director bana chahiye tha sab dekhta hai yeh tho,0,Negative
WhvuONO1INQ,Movie Amazing hai bhailog in logo ki baaton mein mat aana Logic ghar rakh k jaana Horror+Comedy ka perfect comboAgar Bhul bhulaiya 1 acchi lgi thiTo yeah bhi jarur lagegi 👏🔥❤️,0,Positive
WhvuONO1INQ,Movie bahut acchi hai aur bahut comedy hai ❤❤,0,Positive
WhvuONO1INQ,"ye bhi bikau nikla 😂😂.is film ki comedy bakwas hain, bahut bekar Hain",1,Negative
WhvuONO1INQ,Krishnavatarm ka trailer dekha ya nhi??😅,0,Neutral
WhvuONO1INQ,Ek din kl maine dekha achi movie h,0,Positive
WhvuONO1INQ,Yogi bolta hai❌ Yogi paise leke bolta hai✅,0,Negative
WhvuONO1INQ,Bollywood ab acchi movie nahi bana pa raha ghuma fir kar repeat kar raha hai,0,Negative
WhvuONO1INQ,Guys no doubt movie bahoot badhiya hain bilkul 2007 ki bhool bhulaiya jaise fun wali aur horror wali inko chodo ye to negative bolenge hi,0,Positive
WhvuONO1INQ,"Iske liye mai ""CHUP"" ka story repeat kar du kya? 😂😂",0,Neutral
WhvuONO1INQ,Movie bahut achhe hai Our Story to bahut hi jyada Achhi ❤❤❤Rajashaab se 1000 Guna Achhi ❤❤😅😅,0,Positive
WhvuONO1INQ,Mana dekha bhut bangla acchi ha bhot sahi hassi bhi aai aur maja bhi aya,0,Positive
WhvuONO1INQ,Yogi bolta hai ❌ Sona se chandi compare karta hai ✅,0,Neutral
WhvuONO1INQ,Bhi movie achi thi iska review mat suno kuch bhi bakwas kar raha hai aur isko movie ke naam bhi nahi pata 120 bhadaur ko 140 bol raha hai iske review na suno toh he acha hai direct movie dekho isko adhi purush achi Lage thi hai kya review dega maine khud movie dekhe bhai audience enjoy kar rahi thi,1,Negative
WhvuONO1INQ,Kya family friendly movie hai ya nahi,0,Neutral
WhvuONO1INQ,@yogiboltahai tera kiyun path ta hai.,1,Negative
WhvuONO1INQ,Maine aapko follow Kiya tha lekin ab unfollow krunga kyun ki aap paise le kr ke ab review dete ho 😂,1,Negative
WhvuONO1INQ,Movie to thik hai yrr...maine dekhi aaj....puri movie me comedy hi thodi hogi yrr.... story bhi achi hi hai,0,Positive
WhvuONO1INQ,Mujheto Film achha laga han song bura tha lekin movie ke liye 4.5 ⭐,0,Positive
WhvuONO1INQ,Mene kal dekha movie bahot hi mast he,0,Positive
WhvuONO1INQ,Bhai tu khud apna ek movie bana hum log review dege 😂😂🎉,0,Negative
WhvuONO1INQ,ye wala thik review dia,0,Positive
WhvuONO1INQ,"Har movie buri nhi hoti, Bahut acchi comedy+horror tha bhai thoda review skills ko upgrade kar.🤣🤣Most of reviewers ko ye movie pasand aayi hai, Sab galat tu sahi wah-bhai-wah😜😜",0,Negative
WhvuONO1INQ,Tum apne bekaar review se Priyadarshan x Akshay Kumar ki jodi ko tod nhi sakte ho 😂😤😡Tumhre review ko meri taraf se 2 out 5 stars 😂😂,2,Negative
WhvuONO1INQ,Bekar movie hai 😢😢😢,1,Negative
WhvuONO1INQ,movie badiya h yogi bhai puri ki puri ek baar ap phr se dekhoo dono half,0,Positive
WhvuONO1INQ,Bhai bhoot bangla ka review PJ ne sbse best diya h uski vdo dekho....,0,Positive
WhvuONO1INQ,Agr koi muje 1 lakh bhi de to m ye movie dubara nahi dekhunga 🤦🤦,0,Negative
WhvuONO1INQ,Bhai aajkal ki ladai wali movies se to ye family wali comedy movie kafi achi maja aa gya,0,Positive
WhvuONO1INQ,"Review karna band kar de bhai tu… 😤  Itne saalon baad koi achhi movie dekhne ko mili hai, aur tujhe usme bhi problem dikh rahi hai.",1,Negative
WhvuONO1INQ,esko  north se south bej do jisko koi logic movie na ho,0,Negative
WhvuONO1INQ,Bhai movie hit hai.don't give me your fucking fake reviews,1,Negative
WhvuONO1INQ,Akshay kumar ki comedy ko troll koyi nhi krskhta ❤,0,Positive
WhvuONO1INQ,Bhai tu review aise deta hai jaise ambani hai…. Teri life youtube se chal rhi hai .. kal band ho jaye to kya karoge??? Akshay Kumar hai wo khiladi Kumar?… Mene movie deki hai baut mast hai yrr,1,Negative
WhvuONO1INQ,Yogi bolta hai ❌ Yogi Kyon hi bolta hai ✅,0,Negative
WhvuONO1INQ,12:15 ka show dekha aaj jaipur me .. and movie is literally super entertaining .. ab dikkat ap me h ki aaki bada actor h to you just over expected to him .. otherwise movie was really good,0,Positive
WhvuONO1INQ,Lagta hai akshay kumar ne isko paise nhi diye hai 😂😂😂😂,0,Negative
WhvuONO1INQ,Adipurus ko 5 out of 5 star diya tha ye😂😂😂😂😂😂,0,Negative
WhvuONO1INQ,Sab chize chodo yeh sab video dekhne ke baad bhi public movie dekhti hai or achi bhi lagti hai 😂,0,Negative
WhvuONO1INQ,Aaj main aapko un subscribe kr rha hoo 😢😢😢😢 1:03,2,Negative
WhvuONO1INQ,"Itni achi movie ka itna ganda review Ps- paise nhi mile kya sir Just kidding 😂😂-- dekh skte ho movie ,raat me dekhoge to aur maza aayega",1,Negative
WhvuONO1INQ,Ye review walo pe bharosa krne se kuch nhi hota...movie mujhe acchi lagi all actors are best..must watch,0,Negative
WhvuONO1INQ,Kisi ne kaha tha agr movie psnd nhi aayi toh khud ki movie bana lo 😂😂🔥,0,Negative
WhvuONO1INQ,Bhoot bangla = hera pheri+ Bb1+Stree2+ thama…mast movie hai … do not miss this in theatre…!!!,0,Positive
WhvuONO1INQ,"Bhai mujhe toh maza aaya, bohot badhiya movie hai",0,Positive
WhvuONO1INQ,Mujhe to achhi lagi bhai pata nahi tumhe kya chahiye  I am disappointed with your review and rating,0,Negative
WhvuONO1INQ,Adipurush acchi lgi thi yogi ko😂,0,Negative
WhvuONO1INQ,Bhai muje toh maza aaya movie main...,0,Positive
WhvuONO1INQ,Movie ko movie tarah kab dekhoge har kisime kami nikalni hai,0,Negative
WhvuONO1INQ,Yogi bhaii ko aj kal. Paise ni mil rahyy,0,Negative
WhvuONO1INQ,Achchi movie hai yaar tum iss ko itni rating kese de sakte to,0,Positive
WhvuONO1INQ,Tu itna bol raha hai to kyon na tu hi movie banana,1,Negative
WhvuONO1INQ,blockbuster akki,1,Positive
WhvuONO1INQ,Sir aap ek movie banao na,0,Neutral
WhvuONO1INQ,Mujhe to aachi lagi ye movie 🎉❤,0,Positive
WhvuONO1INQ,Nice movie❤ dekhne like h bro,0,Positive
WhvuONO1INQ,Mein kal dekha hun mast movie hai is loduko pata nahin konsa movie pasand hai,0,Negative
WhvuONO1INQ,Bhai pura theatre hass rha hai aur app kaha rha hu ki comedy nhi hai bhai ya app ka liya average hogi lekin mera liya best hai aur bus srk ki movie dekhi bus aur uski tariff Kariya,0,Positive
WhvuONO1INQ,Honestly bolu to movie bahot badhiya hai mene dekhi and comedy + entertainment 🔥go and watch,0,Positive
WhvuONO1INQ,Ho sakta tha ho sakta kya ho sakta tha bata na bhai😂😂😂,0,Negative
WhvuONO1INQ,"You are wrong brother, first half somehow kaam nhi karta it's definitely bahut achhe se likha gaya hai",0,Negative
WhvuONO1INQ,Bhai sabka alag alag test hota hai movie me en sir ko chahiye sir has ke fatt jaye,0,Negative
WhvuONO1INQ,Pelo yogi ko aur pelo ekaki m avengers yad hai,0,Negative
WhvuONO1INQ,Maine abhi tak iss movie ke 2 reviews dekhe and both reviews are completely opposite. Ek ne 4 star diye and 2nd half ko 1st half se better btaya with climax as mind blowing and Yogi ne 2.5 stars. Reviewers pe trust karna mushkil hai.,0,Neutral
WhvuONO1INQ,Yar  pehli bar dekhi itni gora wala bhoot😂.. Or 1 bat kisi ne notice kiya ki ye movie me dikhya ki sab purani model phone use kar rahe hote hein but jab akshay ki father jb airpot me hote hein wahan 1 foreigner smart phone pakad k record kar raha hota he.. 😂😂,0,Negative
WhvuONO1INQ,"Bohot achi ,ovie hai maja aayga jao dekhne",0,Positive
WhvuONO1INQ,Bhai ye movie akshay bhai ki supar movie he,0,Positive
WhvuONO1INQ,Bhai bahut achi thi,0,Positive
WhvuONO1INQ,Sahi pakde hai.,0,Positive
WhvuONO1INQ,U r fake bakwas movie hai aaj dekh kar aye hum 👍,1,Negative
WhvuONO1INQ,Bhai ko har movie average lagti hai 😂😂😂,0,Negative
WhvuONO1INQ,Kya bat krte ho yar itna must movie hai,0,Positive
WhvuONO1INQ,Bilkul best movi hai ekdam best movi hai bro jakar dekho dil khus ho jayega 👍👍👍👍👍,0,Positive
WhvuONO1INQ,Lgta hai bhai ko paisy nhi diye is bar,0,Negative
WhvuONO1INQ,Bhooth Bangla movie me mithun chakraborty ke bareme koi kuch nahi bata rahe hai.asal me mithun chakraborty movie me hai ya nshi,0,Neutral
WhvuONO1INQ,Second half main boring ho gayi thi,0,Negative
WhvuONO1INQ,Movie acchi bani haiBhoot wala song bohot accha hai,0,Positive
WhvuONO1INQ,First half achchha h,0,Positive
WhvuONO1INQ,akshay kumar ke bs ki nahi reh gyi hai ab.,0,Negative
WhvuONO1INQ,"Bhai 100% agree with you Aaj hi dekh k Aya movie morning show, 8 Log mushkil the, first half kafi achha hai lekin 2nd half utna hi wahiyaat, itne bekaar gaane, khas kar ke vo classical wala maha wahiyaat, jheli nhi Jaa Rahi thi movie ek time pe, Akshay Kumar ko hi Vadhusur bana diya hai last mai, matlab Akshay Kumar hi Akshay Kumar ka baap hai aur baap wale Akshay Kumar ko Vadhusur dhar leta hai....",0,Negative
WhvuONO1INQ,Acchi khasi comedy h story bhi acchi h 5 saal baad is movie ko  cult classic bolenge yogi jese log,1,Positive
WhvuONO1INQ,Ye movie review karne wale movie banayenge toh kaise banate honge 😂😂,0,Negative
WhvuONO1INQ,Pisa nahi mila he isko believe me movie is nice 🙂,0,Negative
WhvuONO1INQ,Payment nhi mili pakka 😅😅😅😅,0,Negative
WhvuONO1INQ,"I watched this movie, super lagi hame",0,Positive
WhvuONO1INQ,Jis movie mein akki wo movie sabko khadkati,0,Positive
WhvuONO1INQ,Humhe toh movie acchi lagi ❤,0,Positive
WhvuONO1INQ,"Paise nhi to tareef nhi, dhurendar par to 20 video bna di thi😂😂😂",0,Negative
WhvuONO1INQ,Bakwas movie hai time West money west,1,Negative
WhvuONO1INQ,Bohot badiya movie hai ...sach me,0,Positive
WhvuONO1INQ,Matlb adhe paise wasool hoga 😅,0,Neutral
WhvuONO1INQ,Iska review hamesha suraj kumar ke baad hi aata he or jo suraj kumar bolta he ya wahi dohrata he 😂😂,0,Negative
WhvuONO1INQ,Bekar hai movie,1,Negative
WhvuONO1INQ,Yogi bhai tumse umeed nahi thi itni achi movie ko bekar batarhe ho sharam karo tum,1,Negative
WhvuONO1INQ,Koi acchi hai pahla half Gajab Ka Hai second half khincha Hua Hai Bus Yahi Tha review ismein Itna long video banane ki jarurat Nahin Thi is short Mein banaa sakta tha,0,Neutral
WhvuONO1INQ,"Bhai didi ne to sidha bol diya,bhad me jao😅😅😅",0,Negative
WhvuONO1INQ,Aapka riview kabhi Galt nahi hota,0,Positive
WhvuONO1INQ,Movie to acchi lagi thi❤,0,Positive
WhvuONO1INQ,Bhoot bangla ko  bhool bhulaiya ke jese banane ki koshish ki hai,0,Neutral
WhvuONO1INQ,Isko salmaan khan ki movie achi lagti hai..,0,Positive
WhvuONO1INQ,Bhai muze maza aaya movie acchi he❤,0,Positive
WhvuONO1INQ,"Bhai ko mila nahi, sayad baki apka Decide to comment me bhar ke mil rha hai apko😂😂",0,Negative
WhvuONO1INQ,ye video me kuch to zhol hai mene movie dekhi achi hai but is video me dal me kuch kala hai,1,Negative
WhvuONO1INQ,Bai tu wahi yogi jisko Adhipurash achi thi.😂😂😂😂 Paise nhi is baar,0,Negative
WhvuONO1INQ,Toh isse pata chalta h bhai ko nahi aata review karna ye bas time pass karta h Pj never disappoint 😂😂,0,Negative
WhvuONO1INQ,Hello Yogi ji Aap Is Movie ko Dusri movie ke sath Compare kar Rahe Jis ke karan Aap Ka Review Galt Lag Raha he Always Akshay Kumar sir X Priyadarshan Sir Ki Jodi Ek Golden Era He and Aage Bhi Rahega... Bhoot Bangla Movie Blockbuster Hain Aur Rahegi...,0,Negative
WhvuONO1INQ,"Yogi Bhai, Tumna Phele Movie Dhek K aao aache se. dont criticize the movie it is best on it... I'm Form Nepal And Here Too People Are totally enjoying the movie. there's nothing the backdrop there are few Flaws but movies deserve 4.5 Stars.",0,Negative
WhvuONO1INQ,Yogi to sach bol ra tha 😢 movie sachme boring hai 😂😂😂,0,Negative
WhvuONO1INQ,Is se achhi movie nahi dekhi abhi tak 5/5 stars,0,Positive
WhvuONO1INQ,bhai isko chuspa 2 pasand aaya tha 🤡,0,Negative
WhvuONO1INQ,Movie normal audience ke liye badhiya  hai yee jaan lena ye wahi insan hain jisko Adipurush aachi lagi thi 😂😂,0,Negative
WhvuONO1INQ,Jyada khash nhi hai...only One time watch,0,Neutral
WhvuONO1INQ,Bhai log. Dekho mst movie hai maza aa gya❤,0,Positive
WhvuONO1INQ,Pta nhi isko hindi movie se itani jalan kyu hoti h 😂,0,Negative
WhvuONO1INQ,Bhai Movie achhi dekho sub 😁🥰,0,Positive
WhvuONO1INQ,Unsubscribe button dosto😅,0,Negative
WhvuONO1INQ,Paise nai mile to Kuch bhi😂😂😂,0,Negative
WhvuONO1INQ,maine Bhoot Bangla Dekha. kam se kam Bhool Bhulaiyaa 2 or 3 se to Achcha hai.,0,Neutral
WhvuONO1INQ,Super dizaster  hai,1,Negative
WhvuONO1INQ,Paise isko nahi mila is bar.,0,Negative
WhvuONO1INQ,Movie is good.... Itni bhi buri nhi hai jitna ye bata raha hai.... Mujhe bhi aisa kahene ka man kahe raha hai ki 'Paise nahi mile kya ?'.... Kyu ki iska review dekh ke vaisa hi vibes aa raha hai.... Puri movie thodi na comedy bana sakte hai.... 3.5stars/above out of 5.......,0,Neutral
WhvuONO1INQ,Ye ummid to nhi thi is se achhi movie ko bura bol Raha 😂,0,Negative
WhvuONO1INQ,Movie To achi lagi hme😊,0,Positive
WhvuONO1INQ,2.5 to 3 bas itna hi wo bhi first half ki wajah se,0,Negative
WhvuONO1INQ,Movie Bahut  Acha hain,0,Positive
WhvuONO1INQ,"Ek toh hai bollywood king 👑👑👑👑 akki akshay kumar 😊😊 ek toh hai Bollywood ka khilari 😊😮 iska jaisa na tha na koy hoga Bollywood main. My hero always Superfast hr chij main 😊😊😊😊 Acton, comidy ,😊😅 emoson, hr chij main. Hum apke bhi fan hai or Deksha ji ka bhi lekin ajj sahi ny bole yogi 😢 bhaiya 😢 . Deksha ji sare 3 start diye hai or Dhai start.q ?",0,Positive
WhvuONO1INQ,Are yogi bhai movie dekhne ka audience ka reason priyadarshan aur akshay kumar hai the og aur dekh lena movie blockbster hogi audiences priyadarshan ki films ko pasand karti hai baki tum kamiya nikalo ya fir nahi audience ko tumhare opinion se kuch ghanta farak nahi padega par dekh lena movie chalegi,1,Negative
WhvuONO1INQ,"Unsubscribe karne hi padega, fake reviews karta hai",1,Negative
WhvuONO1INQ,"Second half toh bekar hai hi lekin first half toh bilkul bardaad hai, comedy puri tarah banawati hai",0,Negative
WhvuONO1INQ,Bhaio mast movie hai 🎉,0,Positive
WhvuONO1INQ,Isko Paise Mile To Ye Bekar Movie Ko Bhi Achche Review Dega,1,Negative
WhvuONO1INQ,Achai movie h fir q mere taraf se 5/4⭐⭐⭐⭐,0,Positive
WhvuONO1INQ,Mast movei  he bhai,0,Positive
WhvuONO1INQ,South ki movie hoti to ye 100 star pel deta,0,Negative
WhvuONO1INQ,Bhai log ham bhi akshay kumar ke fan hai ..Par sahi batau maine kal dekha movie bahut nirash kiya 😢Jay hind jay bharat,0,Negative
WhvuONO1INQ,Yar isko ek dewaane ki dewaaniyat achi nhi lagi thi mana kro ke love story movies aur comic movies pe review na hi kare to acha hai.😅😅,0,Negative
WhvuONO1INQ,Sambhavam dekha apne dekho 1 bar,0,Neutral
WhvuONO1INQ,Ye ho sakta tha wo satkta tha fir kudh ek movie bano aap fir hum bhi dekhe aap kesi bana sakte ho,0,Negative
WhvuONO1INQ,4:09 Comment Section Dekhr Lag Rakha haiLogo Ko Disappoint Movie Ne Nahi Aapne kiya hai,0,Negative
WhvuONO1INQ,Tera face b thoda sa thikh hoskhta thaa 😂😂,0,Negative
WhvuONO1INQ,KATTALAN TEASER REVIEW PLEASE KAR DO  VERNA SUBSCRIBE NAHIN KARENGE,0,Negative
WhvuONO1INQ,Bro Paise barabar aa rahe hai...,0,Negative
WhvuONO1INQ,Yogi ko bhog nahi chadaya gaya,0,Negative
WhvuONO1INQ,Isne salaar ke bhi bad review diye the😂😂,0,Negative
WhvuONO1INQ,Entertainment ke naam se enjoy kro na yar itna kya sochna ab comedy movie me just enjoy !,0,Negative
WhvuONO1INQ,😂😂😂bahot maza aya ur fir         😅😅,0,Positive
WhvuONO1INQ,bahut hi achi hai bhai movie,0,Positive
WhvuONO1INQ,Yogi bhai.. kya hain ye? Itna late review? Bhai aise kaise views aayenge? Bhai... Agar late night show  dekha hai toh raat ko 12 baje video aa jana chahiye,0,Negative
WhvuONO1INQ,Horror comedy movies sauth ki hai,0,Neutral
WhvuONO1INQ,Bhai movie mast hai 😂😂😂😂😂,0,Positive
WhvuONO1INQ,Bhai ranbir iska baap hai isko ramayana ka teaser toh historical laga tha,0,Negative
WhvuONO1INQ,SAMOSE NAHI MILE ,0,Negative
WhvuONO1INQ,Movie achi hain...mja aa gya,0,Positive
WhvuONO1INQ,Bohot achi movie thi ❤,0,Positive
WhvuONO1INQ,Aap hi koi movie kyu nhi banate jisme maja aaye😂😂😂😂😂,0,Negative
WhvuONO1INQ,Payment nahi mili kya yogi bhai,0,Negative
WhvuONO1INQ,Story copy hai old jani Dushman (1979) movie se...kuch to naya story laao bollywood walo...🤭🤭🤭,0,Negative
WhvuONO1INQ,Akshy ab comedy mein over acting krta hai...,0,Negative
WhvuONO1INQ,Payment nahi Mila bhai ko,0,Negative
WhvuONO1INQ,1half me maza agya yaar sech mr 😂,0,Positive
WhvuONO1INQ,I just love this movie tum jo v bolo,0,Positive
WhvuONO1INQ,Aaj paise nahi mile kya ? 😂,0,Negative
WhvuONO1INQ,kul mila ke baat ye hai ki............. yahi hai,0,Neutral
WhvuONO1INQ,lights out movie ke scene copy kiye hai,0,Negative
WhvuONO1INQ,Bhai yar tu he bana leta movie ko,0,Negative
WhvuONO1INQ,"Ye yogi bhai ,kuch v bol rehe hai movie ekdum badhia hai , adipurush ko achhe bol dete ho isko...",0,Negative
WhvuONO1INQ,In logo ki video mt dekha kro ye log movie dekhne k phone hi man gira dete h,0,Negative
WhvuONO1INQ,Is gogi ko paise nahi mile kya 😅,0,Negative
WhvuONO1INQ,"sach m dosto, ye movie ek dum bakwas h, na comedy, na horror, na kahani, na acting, movie ek sar dard h...... mera sar dard ho gya movie m😭😭",0,Negative
WhvuONO1INQ,Acche to hai,0,Positive
WhvuONO1INQ,Film na bahut achi lagi yaar,0,Positive
WhvuONO1INQ,Mujhe to dhurandhar ke aage sab fika lag rha hai,0,Negative
WhvuONO1INQ,BHOOTH BANGLA ko 3.0 dena tha,0,Neutral
WhvuONO1INQ,Film achhi thi,0,Positive
WhvuONO1INQ,Yeh sab bolke kya sabhit karna hai chahata hai kya sabhit karna hai chahata hai.,0,Negative
WhvuONO1INQ,Matka king pe review banavo na,0,Neutral
WhvuONO1INQ,Yogi tumse better ki umeed kiye the,0,Negative
WhvuONO1INQ,Paise nhi mile 😂,0,Negative
WhvuONO1INQ,Too late review  kyu de rahe hoAbhi abhi aaya amount shayad ???😂,0,Negative
WhvuONO1INQ,Yar iska aab jajment bahut kharab ho gya hai,0,Negative
WhvuONO1INQ,Iske kahne pe mat jana bhaiyon ...movie achi hai entertaining hai,0,Negative
WhvuONO1INQ,Bhai mai abhi film dekha hai mujhe to bahut achi hai dono half me tum log pta nhi kya dekhate ho critic banana hai bas,0,Negative
WhvuONO1INQ,"Kejriwal ek honest leedar hai ,aur modi sirf ram aur dharam ke naam par vote mangta hai aur kejriwal kaam ke naam par ❤",0,Positive
WhvuONO1INQ,Bhai sab jagah movie ki tarif ho rahi haii ye akela sirf 😂😂aisa bol raha haii,0,Negative
WhvuONO1INQ,Yogi bhai kabhi positive socho,0,Negative
WhvuONO1INQ,Movie acchi hai bhai,0,Positive
WhvuONO1INQ,4:10 Ab to inke bhi review par vishwas nahi hota..Achhi movie ko bekar aur bekar ko acchi batane lag jaate hai,0,Negative
WhvuONO1INQ,1 no. Movie thi bhai eski na suno..😊,0,Positive
WhvuONO1INQ,Yaar kuch bi mast hai movie,0,Positive
WhvuONO1INQ,Ye chomu ne bhool bhulaiya 3 ko 3 star diya tha jaake dekhlo sab😅. He is completely exposed. Rahi baat bhoot bangla ki toh last jitni horror comedy aayi hai usse better hai especially bb2 bb3🤮. Definately not level of old priyadarashan movies but we all no that was due to neeraj vora.,0,Negative
WhvuONO1INQ,Comedy ka itna Gira hua istar nhi dekha aaj tak 👍,0,Negative
WhvuONO1INQ,Jali nah teri jali nah 😏 -Akshy kumar (Bhoot Bangla),0,Negative
WhvuONO1INQ,Movie achchi he,0,Positive
WhvuONO1INQ,Movies acchi hai,0,Positive
WhvuONO1INQ,Mohit aur sab log na bhi Timepass hi kaha film ko yogi ko inta hate kiyu,0,Neutral
WhvuONO1INQ,Movie acchi ha,0,Positive
WhvuONO1INQ,Inhe  payment nhi milta  to negative review dene lagte hai aur sab theatre me dekho iske review ke chakkar me apni movie ka enjoy mat kharaab karo jao aur dekhkar aao Bhoot bangla main dekhkar aaya hai pakka enjoy karoge ❤❤,0,Negative
WhvuONO1INQ,Only Rajpal yadav ki acting thik thi baki over acting time pass movie h Hollywood ki movie jiper- kiper  ka vilen Light off ka action 😂😂😂,0,Negative
WhvuONO1INQ,Lekin 2.5 😢,0,Negative
WhvuONO1INQ,Mtt jaya krrr tu raato me ta morning me dimag or kaan sab band rehta hai iska😂😂😂,0,Negative
WhvuONO1INQ,Tune disappoint kiya..tabhi comment kiya..you lost a subscriber,0,Negative
WhvuONO1INQ,Paise nhi mile h review ke liye..,0,Negative
WhvuONO1INQ,Lak ta hai iss ko dhunrander ka Bhoot abhi tak nahi Nikal,0,Neutral
WhvuONO1INQ,"Rajpaaal yadav ka part chod diyaa to...... Purvi movie bakwasss lagti hainSaraa vfx andhera karne me laga diya Movie kab khtam ho jaye, yahi raah dekh rahaa tha main",0,Negative
WhvuONO1INQ,Jo review teaser kharab kahate Hain vah last mein movie ko bhi kharabi kahate Hain yad rakhna,0,Negative
WhvuONO1INQ,Such Mai Maine ye movie ab tak nhi dekhi hai Mai pak se Hun Lekin 100%  bol sakti Hun k AP Galt bol Rahe hai bekar se bekar movie ko acha bola hai ap kalki adipurush..AJ Kal k tense bhare mohal Mai fresh krne wali movie AP ko 2. Lagi haad hai,0,Negative
WhvuONO1INQ,Yeh bnda kahin se negative le he ata h😂,0,Negative
WhvuONO1INQ,Isko konsi movie achi lagati h pta nahi 😅,0,Negative
WhvuONO1INQ,Tu movies ka director kyun nahi ban jata hai bhai,0,Negative
WhvuONO1INQ,Akshy Kumar ka movie flop hogi tab bhi bahut achcha lagega .... Akshay Kumar and Rajpal Yadav road per chalegi tabbhi bahut maja aaega .. so tension lene ka nahin. Movie bahut achcha hua,0,Negative
WhvuONO1INQ,Yogi bhai mafi mango,0,Negative
WhvuONO1INQ,Paise nahi mile,0,Neutral
WhvuONO1INQ,Paise nahi mile,0,Negative
WhvuONO1INQ,YEHH ISKO AAJKAL PAISE NAHI MILTE FS,0,Negative
WhvuONO1INQ,Horror comidy me pehle half me comedy or second me horror elements zyada hota he to ye movie reviewers ki baat kabhi maat mano apni instict pe biswas karo us se tai karo movie dekhne Jana he ki nehi kisi vi faltu reviewers ki baat maat suno,0,Negative
WhvuONO1INQ,Wohi purane jokes wohi purane dialogues repeat kar k kachra kar diya.. rajpal yadav to udhari k case k tension me lag rahe the poori movie me. Nothing new in acting from Akshay. Paresh sir ki energy kaafi low lagi. Aisa he banana hai to heraferi 3 to bilkul mat banao plz. 😢,0,Negative
WhvuONO1INQ,paise nahi mile kya 🤩🤩🤩,0,Negative
WhvuONO1INQ,bhai aap is bar galat ho movie overall bahut achhi hai meri puri family enjoy kr rahi thi second part bhi achha tha… time ka pata hi ni chala… aap km se km achhi movie ki review sahi to do… apke review se ab bharosa uth gaya😞,0,Positive
WhvuONO1INQ,Vadhusur wali kahani bahut hi ghatiya thaa bhai😂😂,0,Negative
WhvuONO1INQ,Isko Akshay se hi problem h 😅,0,Negative
WhvuONO1INQ,Negative review mat do yar genuine review do paise mile na mile apna masla hai 😂😂,0,Negative
WhvuONO1INQ,ye Bhai saab sab Movie 1st day 1st show dekh kar aata hai or sabko Movie ke baare me negetive negative baatein bol kar Movie dekh ne ka maja kharap kar deta hai 😡😡😡😡,0,Negative
WhvuONO1INQ,Khud ko jada smart 🤓 samajta hai,0,Negative
WhvuONO1INQ,Boaring hai yrrr..😢.halki fulki comedy hai,0,Negative
WhvuONO1INQ,Kal hi dekhi sala movie kam aur clip jyada lag raha tha akdam bakwas😂😂😂😂😂😂😂,0,Negative
WhvuONO1INQ,Yoggi ki bkwas sunne se achchha h jao aur ja kar movie enjoy kro ....isko adipurush hi pasand ati hai 😂😂 mujhe bhi ye review achchha nhi lga but editor ne achchha kam kiya h pta nhi iss yogi ko kaha se utha kar rkh diya h isme 😅😅 meri tarah se iss review ko -0.1/5 😂😂,0,Negative
WhvuONO1INQ,Is movie ka review sahi nahi kiya yogi bhai,0,Negative
WhvuONO1INQ,Movie aachi hai,0,Positive
WhvuONO1INQ,Movie mast hai bhai total dhmal hai jao jake dekho,0,Positive
WhvuONO1INQ,Jaa ke film dekho isko mt dekho best movie hai ye,0,Negative
WhvuONO1INQ,Sab tarif kar rhe hYe negative review de raha h😅,0,Negative
WhvuONO1INQ,Tu ek kaam kar tu ek movie bana,0,Negative
WhvuONO1INQ,Unfollow karraha hoon 😜,0,Negative
WhvuONO1INQ,"The movie was totally Bakwaass... Dialogiues and Punches, Combo of Bhool bhulaiyaa, Hera Pheri, Bhagam Bhag, and Story line somewhat same to Bhool Bhulaiyaa..",0,Negative
WhvuONO1INQ,Yogi ne pesa khaya he. Dam sure.,0,Negative
WhvuONO1INQ,Ek hi baat me... Ek number third class movie he..,0,Negative
WhvuONO1INQ,Sorry Yogi bhai ek hi Dislike tha apke liye ap use 100x me convert kr lenaThanks,0,Negative
WhvuONO1INQ,"Faltu me kyu negativity kar rhe ho bro , movie sab ko achhi lagi hai 👍",0,Negative
WhvuONO1INQ,Yogi ab bahut bolta hai,0,Negative
WhvuONO1INQ,Algi bar writer or director k sath tumhy b behta dangy onko batana k yeh jaga kato yeh jaga choro,0,Negative
WhvuONO1INQ,Dekhi yaar..bakwaas se ek step upar hai,0,Negative
WhvuONO1INQ,Bache k paao paalne se bahir aa gy ha,0,Neutral
WhvuONO1INQ,Itni ghatiya movie maine 10-15 saal ke baad dekhi hogi isse acchi to war 2 thi😂,0,Negative
WhvuONO1INQ,Bhai unsubscribe kr diya....bhoot bangla ek achhi movie h.....yogi bhai tumse ye umeed nhi thi.,1,Negative
WhvuONO1INQ,"A yogi nahi , dhongi hai 😂",0,Negative
WhvuONO1INQ,Movie utna khas nahi tha...,0,Negative
WhvuONO1INQ,Aap hi ek movie bana lo bhai khud ko director samjh leta hai 😮‍💨,0,Negative
WhvuONO1INQ,"Pahle movie dekho , fir review dekho tab  inke content ka pata chalega",0,Neutral
WhvuONO1INQ,Movie achi hai review par mat jaye 😊,0,Positive
WhvuONO1INQ,Iska downfall Lana padega bhai log sab milkar un subscribe karo jaldi😂,0,Negative
WhvuONO1INQ,Achi movie he,0,Positive
WhvuONO1INQ,Yar kya ghatiya review dekh rakhi h maine 16ko hi and trust bhot acchi h,0,Negative
WhvuONO1INQ,Aap ho kon😂😂😂😂😂😂,0,Negative
WhvuONO1INQ,Aisa kro bhai tum kyu nhi movie bna dete ho dekhte hain kaisa rhta hai apki story had hai bhai......kaise review de rhe ho,0,Negative
WhvuONO1INQ,"Akshay ki har film ho promote karne ki kosis karte ho lekin flow ho jati hai , akshay ko promote karne ki kosis band kr do ab Sir.😅",0,Negative
WhvuONO1INQ,First time tumhara review mere ko Galat lagra ha..,0,Negative
WhvuONO1INQ,Achi movie hai ye baketi kar raha hai,0,Negative
WhvuONO1INQ,Paise nai mile is movie k,0,Negative
WhvuONO1INQ,Itni achi entertainment movie hai par itna gnda review,0,Negative
WhvuONO1INQ,"Sabine Positive and kuchu mixed reviews diye hai or ratings bhi 3,3.5 and 4 stars dhe rahe hai or apne isko 2.5 diya sirf.Bhai muje paat nahi hai ki app kis tara se movie ko dekte ho ham sab ne isko khub enjoy kiya hai thori bohut technical problems hai woh main manta hu but overall movie bohut hi shandar hai atleast they try to give us entertainment.Shame on you Bhai.",0,Negative
WhvuONO1INQ,Bhool bhulaiya ka ssaaastaa copy 😂,0,Negative
WhvuONO1INQ,Bekar movie hai hungama 2 horror version,1,Negative
WhvuONO1INQ,Iss mai dulan ko maar kai baal ke puja karte last mai bataya aur akshay kumar b us ke baap kai jaisa he hai wo puja kar Kai logo ke baley chara tha comdey ziyada actor ko nahe deke akshay ko deye mager comdey actor ke bath nahe ate akshay kumar ke acting katta metta movie jaise hai,0,Neutral
WhvuONO1INQ,Review band kar do bhai,0,Negative
WhvuONO1INQ,Vadusur tabu hogi 😂😂😂😂,0,Negative
WhvuONO1INQ,Agar herapheri movie bhi agar is time me aata toh wa bhi ye average hi bol ta aur 2.5 rate hi deta ye kon movie kaise review dena h na dena h kch aata nhi hai isko yogi pogi koo😅,0,Negative
WhvuONO1INQ,Bhai… movie sirf review k lye hi dekhte ho kya!!! First time wrote because i have also watched mere theatre mein toh sab ne enjoy kia !,0,Negative
WhvuONO1INQ,Yaar tune Mera mood kharab kar diya 😡,0,Negative
WhvuONO1INQ,"Mja ayi fir bhi isko bekar lgi  or revel na kr ke revel kr rha hamesha 2.5,3 star deta hai Akshay Kumar ki movie ko",0,Negative
WhvuONO1INQ,Taqreebn 2 sall bad apki video dhakna aya hoo kafi kalla ho choka ho app or bodha bodha lg rha ho 😢,0,Negative
WhvuONO1INQ,7star movie hai,0,Positive
WhvuONO1INQ,Ek kam q nahi karte yogi bhai ap khud q nahi move banate Zara humbhi to dekhen keya hota h q k ap ko to sab malom h eyssa hona chahye weysa hona chahye bolna bohat aasan. Hai ki ke kam mein kharabi beth kar nikalte ho khod banao move phir hum apki movie mein dekho keyse keyse kharabi nikalte hen,0,Negative
WhvuONO1INQ,Film bhooth achi hai jake dakho enjoy karo isko dhurandhar kichi hui nai diki Or yeh isse khichiwi di ki wah bhai yogi tum to oggy nikla,0,Negative
WhvuONO1INQ,Isko paysa Mila nahiye,0,Negative
WhvuONO1INQ,bhai to director ban ja,0,Negative
WhvuONO1INQ,Lagta hay pise nahi mile,0,Negative
WhvuONO1INQ,Arey kuch bhi bol rahe hai bhaiya 😂😂😂😂 akshay kumar super hit they or rahenge 😂😂😂,0,Negative
WhvuONO1INQ,Paese nahi mile kya 😂,0,Negative
WhvuONO1INQ,Asal Mein Jab Se Akshay Kumar andh bhakton Ki tarah se hogaye Hai Tab Se Unka movie Banane Mein man Nahin Lagta Hai aam mangoo  khane Mein maan lagta hai 😂,0,Negative
WhvuONO1INQ,Movie banane se pehle apse puchle to sab sahi ho jayega,0,Negative
WhvuONO1INQ,Ye admi har movie flop krvae deta hai,0,Negative
WhvuONO1INQ,Bhai Such bol movie best Hain lakin tujhe pasand nhi aayi??? Aadipurush FIR tujhe itni acchi kyon lagi Thi,0,Positive
WhvuONO1INQ,Are bhai aapko kuch accha bhi lgta hai kya  kyoun is baar paise nhi mile,0,Negative
WhvuONO1INQ,O yogi babu adipurush kaisa laga apko zara batana us bare me 😂😂 inka baton me mat pado bhai movie bahut achi hai maine dekha app v dekhlo,0,Negative
WhvuONO1INQ,Bollywood ghatiya movie south best movie,0,Negative
WhvuONO1INQ,Yogi bina paise k review karte huwey😂,0,Negative
WhvuONO1INQ,Bhai tune is movie ki itni burai kar di ki jisko dekhna bhi hoga vah bhi nahin dekhne jaega main bhi soch Hi Raha tha jaaun dekhne per tune mere mood L laga diya ab nahi jauo ga 😂,0,Negative
WhvuONO1INQ,Kuch bhi bol raha h 😂 First half se 2nd half better h comedy+horror,0,Negative
WhvuONO1INQ,Bhai main tumko unsubscribe kr rha hai tum humko disappoint kiya,0,Negative
WhvuONO1INQ,Isko sunkhe maat jana bhai lok kuch bhi bolta hai ye,0,Negative
WhvuONO1INQ,Yogi bhai tum ab apni review mein hutiyapa to karne lage ho !😂,0,Negative
WhvuONO1INQ,Ye zarorai TU nai apko Jo Pasand na aye woh Baki audience ko Pasand na aye,0,Negative
WhvuONO1INQ,Movie to thik hai yogi bhai app galt review deto hooo...,0,Negative
WhvuONO1INQ,Sabko acchi lag rahi hai to tumko kya dard h bhai,0,Negative
WhvuONO1INQ,Aaj yogi bhi app na galat bola ha I don't agree with u,0,Negative
WhvuONO1INQ,Bdiya hai movie sir,0,Positive
WhvuONO1INQ,"Is aadmi ko adipurush acha laga tha aur ekaki bhee acha laga tha, to is insaan ko ghatiya movie acha lagta hai aur acha movie ghatiya lagta hai",0,Negative
WhvuONO1INQ,Tu director banjaa aur subko sahi se use krke dikhaa dekhlenge 😂😂,0,Negative
WhvuONO1INQ,Iski baato me mat aana movie mast maine dekhi hai hasi control nhi hui bcz ise nhi mile paise aur iska name hai yogi to ise jaln hogi 😂,0,Positive
WhvuONO1INQ,"Yup actors buddhe ho gaye forced comedy chal raha, hasi vi nahi aa raha",0,Negative
WhvuONO1INQ,Ye yogi ka sabse bekar review tha Movie achi hai,0,Negative
WhvuONO1INQ,Bhai ek kaam kar second half tu phir se bana le . Director by Yogi maggiie,0,Negative
WhvuONO1INQ,Maza nahi aaya movie,0,Negative
WhvuONO1INQ,Mughe sb bda chahiye 😂...tm humesha chhote ke chkkar me pde rhte ho ...😂,0,Positive
WhvuONO1INQ,Aur Hamari taraf is review video ko 1 dislike 😂,0,Negative
WhvuONO1INQ,Yogi bhai hmko to lgta hai isme wo asur akshay hi hai,0,Neutral
WhvuONO1INQ,Bollywood ko nicha dikha ne ka kasam kha chuke bhai log bahot achi h movie h bhai itna kharab nhi jitna Tum Bol rhe ho,0,Negative
WhvuONO1INQ,Ap acchi movie ko bhi galt review deto ho...,0,Negative
WhvuONO1INQ,"Ghatiya movie he ,,ek or movie ka milta julta ghatiya copy",0,Negative
WhvuONO1INQ,AP jese k reviews dekhna ka Kya faida ek na ek din AP log bikh ho jate Hain,0,Negative
WhvuONO1INQ,Ye jhoot bolta he 😂😂😂,0,Negative
WhvuONO1INQ,Bandar kya jane adrak ka swad 😂,0,Negative
WhvuONO1INQ,"Are Shekhchilli 😂😂😂, sudhar ja Rogi😂😂",0,Negative
WhvuONO1INQ,Tumko kuch achha lagta hai ki nahi,0,Negative
WhvuONO1INQ,Bhai ap sy accept nhi kya ta achi film ko bhi ap 2⭐ or ab pta chal gya ki ap ka bhi review fake hy 🙂‍↕️,0,Negative
WhvuONO1INQ,Mazak h movie,0,Negative
WhvuONO1INQ,Itne ache bolte ho bohut kuch jante ho khud ak banalo fir movie 😂,0,Negative
WhvuONO1INQ,Iska review sab bekar aata hai....isne border 2 ki bhi tadif ki thi😂😂😂,0,Negative
WhvuONO1INQ,Yogi bhai ab tumse nhi hogi,0,Negative
WhvuONO1INQ,Bakwaas movie hain... zero comic timing,0,Negative
WhvuONO1INQ,Bahut bekar story not worth it Dhurandhar ke badh pata nhi log Bhoot bangla jaisa ghatiya movie kaise banaya hai na horror hai bekar story hai bahut boring comedy sirf acha hai..,0,Negative
WhvuONO1INQ,one more Flopbuster by Akshy😅,0,Negative
WhvuONO1INQ,delete kr de bhai koi teri baat nahi maan raha 😂😂,0,Negative
WhvuONO1INQ,Tum ko itna samajh me ata hai to.Movies direct kar na.Itana bata raha jaise bohot knowledge ho,0,Negative
WhvuONO1INQ,Bilkul bakwas movie hai bas jabardasti hasane ki koshish kar rahe the bilkul third class movie,0,Negative
WhvuONO1INQ,Tum log ke leye Bollywood barbed hai,0,Negative
WhvuONO1INQ,Bekaar movie heroine k 5 6 scene bekaaaar hai,0,Negative
WhvuONO1INQ,Ye yoggy worst review deta hai .. iska adipurush review dekho,0,Negative
WhvuONO1INQ,Sabse faltu critic hai ye banda😅😅😅😅,0,Negative
WhvuONO1INQ,Fir se bakwaas movie 😤😤😤,0,Negative
WhvuONO1INQ,Bilkul bhi maza nhi aaya 🥲🥲,0,Negative
WhvuONO1INQ,Tu shirf dhurandhar jaise movie ko hi achha bol skta hai,0,Negative
WhvuONO1INQ,Bhai jhooth to mat bolo,0,Negative
WhvuONO1INQ,Dhurandhar dekhne ka baad sala koi movie achhi hi nhi lag rahi hai...nhi .Aditya dhar ye tune kya kar diya😢😢😢,0,Negative
WhvuONO1INQ,Tum bas dhurandhar ko hi promote kro 😂,0,Negative
WhvuONO1INQ,Pese khakar bol Raha hai 😂,0,Negative
WhvuONO1INQ,Bhai rhne de tere se nhi hoga...Yogi kuch b bolta h...😅,0,Negative
WhvuONO1INQ,Is film me ye ho sakta tha Is film ye or bhi accha ho sakta tha Is film me ye or or bhi accha ho sakta tha...yar tu jo tatti film h unko to bada chada k bata ta h..jo acchi film h unko aise isme ye ho sakta tha bol bol ke bekar bta ta h😂😂,1,Negative
WhvuONO1INQ,acchi nhi hai,0,Negative
WhvuONO1INQ,Ek bhi dhang ka comedy nehi hain,0,Negative
WhvuONO1INQ,"Tum logo ne movie ko itna overanalyze krna chalu kr diya h ki tum logo ke liye koi movie acchi hoti hi ni h har movie m kuch na kuch kami lgti hi h, arre har chiz analysis ke liye ni hoti, some things are just to enjoy",0,Negative
WhvuONO1INQ,Jhut movie 4 Star ⭐⭐⭐⭐ ki hai,0,Positive
WhvuONO1INQ,Achhi movie ka kachra kar diya tumne,0,Negative
WhvuONO1INQ,Ye pagal hoa gya hai yogii,0,Negative
WhvuONO1INQ,Bkwas rewie title bkwas rkhty ho,0,Negative
WhvuONO1INQ,Yogi bhai movie kitni aachi hai bor nahi karti aap ko chenel delete kar dena chahiye aap ab thak gaye 😂😂😂😂😂😂😂😂😂,0,Negative
WhvuONO1INQ,Juth mat bolo movie jordar hai,0,Negative
WhvuONO1INQ,Me aj hi unsubscribe kr raha hu apko Aj pehli baar comment padhne aya or me apse najar hu ki ap bollywood movies ko hype nhi dete bas south ki movies ko dete hai😊,0,Negative
WhvuONO1INQ,bht accha movie hai tum chup reho n agar wolog accha acting nhi kar rehe thi to tu hi ja kar kar de,0,Negative
WhvuONO1INQ,140 Yogi tu Kyo bolta hai,0,Negative
WhvuONO1INQ,Channel bandh kardo,0,Negative
WhvuONO1INQ,Tu na itne bade ache reviews deta hai kitna knowledge hai tuze tu na ek kam karte ja agese na tu hi sab movies direct karte ja matlab sab hit ho jayegi 😮,0,Negative
WhvuONO1INQ,Meri tarfh se unscribe😅,0,Negative
WhvuONO1INQ,Ye feku hei ek number ka isko har film achi lagti hei,0,Negative
WhvuONO1INQ,Ye Galat Review de raha he...😡😡,0,Negative
WhvuONO1INQ,Tu rehne de yaar,0,Negative
WhvuONO1INQ,jhot bol Raha hai movie zabardast hai no doubt,0,Positive
WhvuONO1INQ,To itna bahsha. Dyta ha kuhd koi movie bna kr dikha,0,Negative
WhvuONO1INQ,Buhat fazool film hai abhi deka,0,Negative
WhvuONO1INQ,"Iss jhaatu ki har baat bhi mat suno guysss😂....mujhe bhi iske reviews ache lagte hai par yaha ye galat hai......movie dekh kar maza aa jayega..... priyadarshan sir ke direction mein bani wo hi old vibe dekhne ko milegi or sabse badi baat koi forcefully comedy nahi hai bilkul natural comedy hai........vfx ka overuse bhi nahi kiya hai.......in jhatu reviewer ko sirf ek video lagti h har movie ko tatti bolne mein itna aata hai to khud bana k dikhao ek comedy movie.Sach batau to kafi time baad bollywood ki taraf se ek achi comedy movie dekhne ko mili hai.......good to see the old cast of akki sir,paresh rawal,rajpal yadav,asrani ji back in form....and this all happens because of priydarshan sir ❤",0,Negative
WhvuONO1INQ,Isko unfollow kr k mast kaam kiya main,0,Negative
WhvuONO1INQ,"Yogi bhai aapko ab review karne nhi aa rha hai, aap channel band kar do aur dusra Kam dhundho😂😂😂😂😂😂",0,Negative
WhvuONO1INQ,Yogi ko Unsubscribe krne ka time aagya Pese leke review deta he aaj saabit hogya,0,Negative
WhvuONO1INQ,Kitna chiye view... Bhai  kara deta hoon tera ghar chal jayega lekin  dusro ke pet pe lat mat mar ja jo kam karta hai kar  yaha c... Mat kar tum logo ke vajah se  sab ko believe nahi hota news pe,0,Negative
WhvuONO1INQ,iss saaly ko ghanta kuch pta ni achi bhali movies ko bakwaas bolta rehta ha,0,Negative
WhvuONO1INQ,Are isko reviewer q aur kisne banaya isko paise do to adipurush ko bhi achi movie bolega isko bycot karo,0,Negative
WhvuONO1INQ,Ye yogi baba ko paise nhi mile isliye aisa bol raha hai ye sirf propoganda movie ko hi acha review karta hai,0,Negative
WhvuONO1INQ,Abe sale achcha nahin kah sakta to Bura bhi mat bol,0,Negative
WhvuONO1INQ,Tere    ko kya,0,Negative
WhvuONO1INQ,"Kya ye ajeeb yogi ha movies ko khud dekh KR dosry ka dimag mein bas bad reviews dalta ha, actors mehnat krty ha 1 movie pr or ye Kuch smjhta nahi ha onn ki mehnat ko khud he Keh Raha hots ha, ye thk ha ye thk nahi ha, itna bara toh faisla krny Wala Kay ye Achi nahi lagy toh ye Sahi nahi ha ye yogi sahib ko achi lagi ha toh Sahi ha, qadar kiya kro ajeeb loggo mehnat krny walo ki",0,Negative
WhvuONO1INQ,ARE YE SAB TATTI CHHODO AUR STREET FIGHTER KA JO TRAILER AAYA HAI USKA REVIEW KARO,0,Negative
WhvuONO1INQ,Sambhavam adhyayam movie dekho aisi movie hoti hain kya faltu episode dalta hai jake movie dekh aur review dal,0,Negative
WhvuONO1INQ,Bekar movie thi,1,Negative
WhvuONO1INQ,Akshay Kumar = Flop ultra pro max slim,0,Negative
WhvuONO1INQ,Bhai schi ye bnda bhi ab sach nhi bol rha ab paise leke bolta hai bahut mst hai or Baar same same gaane nhi Hoga mst hai Bhai family movie owsm MST hai ye is KO AJ u unnscribe krunga ksm,0,Negative
WhvuONO1INQ,South movihoti toh 4.5 star deta yeh...iss se accha suraj review deta hai.....tera traha bewakoof review nhi deta...😂😂😂,0,Negative
WhvuONO1INQ,Isko to kerala story jaisi movie aachi lagti hai,1,Negative
WhvuONO1INQ,Bahut bekar review laga h tumhara aaj.. ayese hi or review kar do.. koi nhi dekhne ayega tumhe,0,Negative
WhvuONO1INQ,Bakwas movie thi 😂😂😂,0,Negative
WhvuONO1INQ,Boring movie h akshay kumar ki over action h bas,0,Negative
WhvuONO1INQ,Bakvas movie he..,0,Negative
WhvuONO1INQ,Tum log durandar movi 4 gante ki dekh aaoge lekin akshay kumar ki movi ko hmesa avrge bta doge Tere ko kon review krne ko bola To apna kam kar tere ko ajj mai unsubscribe kar rha hu be,0,Negative
WhvuONO1INQ,Bakwaas movie,0,Negative
WhvuONO1INQ,Bhaii tu movie se jyada bor kr deta hai,0,Negative
WhvuONO1INQ,Tujhe kya bolu tu bekar movie ko achha bone bala ......,0,Negative
WhvuONO1INQ,Tu ek movie bna ke dikha ludu,0,Negative
WhvuONO1INQ,Super falto review. Movie 🔥🔥,0,Negative
WhvuONO1INQ,Ghatiya movie,0,Negative
WhvuONO1INQ,Bilkul bakwas hai buddhon ka show hai sabhi buddhe hain,0,Negative
WhvuONO1INQ,Boht ghtiya review diye ho yogi yr boht badhia h movie second hand me bhi,0,Negative
WhvuONO1INQ,😢tu dar kyo gye fudu,0,Negative
WhvuONO1INQ,Bkwas review movie bahut acha h,0,Negative
WhvuONO1INQ,Movie acchi he aaj hi dekhi with family ye fraud review de raha he,0,Negative
WhvuONO1INQ,Bada ghatiya movie,0,Negative
WhvuONO1INQ,Bakwaas movie,0,Negative
WhvuONO1INQ,Yesko unfollow karo,0,Negative
WhvuONO1INQ,Bakwas movie koi mat jana dekhne,0,Negative
WhvuONO1INQ,Bokbass move he😂😂😂😂,0,Negative
WhvuONO1INQ,Bhai tere jaisa admi agr director ban jaye na to fir koi v movie flop hi nahi hogi jitna gyan h na tere andar pakka tu ek v movie flop nahi hone dega 🤡🤡🤡🤡,0,Negative
WhvuONO1INQ,"Bhai tujhe sharm aati kya sharm, ek bhai ne comment Kiya hai ki tujhe aadipurush movie acchi lagi thi, kuch to sharm karo bhai, itna imaan gir jata hai kya paise ke liye insaan ka, abe log bharosa karte hai tujh pe, tere videos dekh ke movie dekhne jaate hai, ab agar himmat hai to comment ka reply de, kyuki........, Jane de ab royega to aur kuch boluga mai to...",0,Negative
WhvuONO1INQ,bekaar movie hai,0,Negative
WhvuONO1INQ,Tum jhoot bolte ho,0,Negative
WhvuONO1INQ,Dislike karo sab log galat review de raha hai,0,Negative
WhvuONO1INQ,Aaj movie dekhne jaa Raha hu....agar tera review or movie Kaa Asli review match nahi hui toh....saam ko wapas aake tera channel unsubscribe Karke ...aaj k Baad meraa review video dekhna band🤟,0,Negative
WhvuONO1INQ,bekar h movie,0,Negative
WhvuONO1INQ,Froud and fake  level gira dia tu khudkaa ab tera channel ko visit ni karunga kabhi,0,Negative
WhvuONO1INQ,Bekar movie he and tera review bhi,0,Negative
WhvuONO1INQ,Bakwas movie,0,Negative
WhvuONO1INQ,It was a Bakwas movie.,0,Negative
WhvuONO1INQ,Ye fake reviews krta h unsubscribe now😡,0,Negative
WhvuONO1INQ,Bakwas bakwas bilkul bakwas h,0,Negative
WhvuONO1INQ,Bakwas h movie,0,Negative
WhvuONO1INQ,Bakwas movie h,0,Negative
WhvuONO1INQ,Faltu bat karta hei,0,Negative
WhvuONO1INQ,Bakawasss bina sar pair ki movie,0,Negative
WhvuONO1INQ,Faltu review,0,Negative
WhvuONO1INQ,mai khud priydarsen se naraj ho gya,0,Negative
WhvuONO1INQ,ankho se lag gai ankhe,0,Neutral
WhvuONO1INQ,khatam movie hai bhool bhulaiya ko Takkar kabhi nahin De payegi bhale kalakar sem Hai bade doctor se main bhul bhulaiya iconic movie,0,Negative
WhvuONO1INQ,ye bhul bhulaiya ko kabhi nhi payenge,0,Negative
WhvuONO1INQ,kul milake bekaar hai kyoki isko bhul bhulaiya se milayenge,0,Negative
WhvuONO1INQ,Makers ne paise nhi diye isko isly itni burai kar Raha hai 😅😅😅,0,Negative
TNPtBnM4koE,*RAMAYANA* ♥ *Kaisa Laga Teaser?* 🤷🏻‍♀😍🔥,870,Positive
TNPtBnM4koE,Emotion tab aate hain jab scene real aur natural ho. Nahin toh yeh vfx toh Hollywood main bhar bhar k hain. So the maker should focus on real scene,394,Negative
TNPtBnM4koE,Kitni bhi ramayan ban jai but jo baat ramanand sagar ji ki ramayan mein h woh feel kisi ramayan mein aa hi nhi sakta...😊jai shree ram 🛕🙏,118,Positive
TNPtBnM4koE,Mujhe to koi problem nahi dekh raha hai kalyug me big beef guy Ramji nahi banega to kalyug kis baat ka 😊,50,Negative
TNPtBnM4koE,"Mam ,Vo monsters Adipurush wali feel de rhe hain .😂😂😂",474,Negative
TNPtBnM4koE,Gaali nahi de raha bs pr Ranbir As Ram I can't imagine 😞,363,Negative
TNPtBnM4koE,Narsima mahavarat bhale hi cartoon vfx  movie thi  but next level movie thi  har ek seen next level tha nd sound effects mind blowing,2,Positive
TNPtBnM4koE,Sab kuchh perfect hai but Sach me vo villains video game wale monster lag rahe hai 😢,103,Neutral
TNPtBnM4koE,Eyes ko believe hi nahi ho raha next level VFX 🫀,32,Positive
TNPtBnM4koE,3:01 Exactly. Rakshas insaan bhi toh play kar sakte hai. Kya dikkat hai,50,Neutral
TNPtBnM4koE,ANJALI ARORA wali Ramayan dekhne ko kahan milega jii???🌚,5,Neutral
TNPtBnM4koE,"Kya baat kahi mam ne ki...""Hume kyu banana hollywood k jaisa unko bannne dona hamare jaisa""""""😅. Very well said...",0,Positive
TNPtBnM4koE,0:46 ap jab bole rongte khade ho gye tab ye soch je ki ap tareef Kroger ye sunken mere bhi rongte khads ho gye,35,Positive
TNPtBnM4koE,World me realise ho rha hai  acha lga wait rhega best hai,0,Positive
TNPtBnM4koE,1:31 kyuki ye valmiki ramayan pe based hai... Usme shri ram ek bohut bade yuddha bhi hai 🙏🥰,48,Positive
TNPtBnM4koE,Om Raot be like ....ab under ground hone ka time aagya 😂,10,Negative
TNPtBnM4koE,My Soul Hrithik Sir Shree Ram Bante To Brahamand Yaad Rakhta 😭😭🙏🙏✅✅,8,Positive
TNPtBnM4koE,Kafi Visuals Adipursh Ko Takkar dete hain😂 Kuch scenes Acceptable lg rhe hain,28,Neutral
TNPtBnM4koE,Jai shri Ram 🎉🎉🎉,9,Positive
TNPtBnM4koE,Sabse pehli baat makers especially namit malhotra ramayana ko global scale pe promote karna chahte hai,0,Neutral
TNPtBnM4koE,"1:26 Axa didi ek baat btaun, hritik roshan as rama bhi ache lg rhe hai😭❤️",10,Positive
TNPtBnM4koE,Jai shree Ram 💐,4,Positive
TNPtBnM4koE,Last 1 second me RAVAN pushpak se bahar niklta he. Towards right side,1,Neutral
TNPtBnM4koE,Jai Shree Ram ❤,6,Positive
TNPtBnM4koE,Kon kon review ka intezaar kar rha tha,4,Positive
TNPtBnM4koE,Ram Ram jiApp Tho Ekdum Expert ho!!❤❤,0,Positive
TNPtBnM4koE,Jo bhi bole this ramaya will break all records 😊😊😊,0,Positive
TNPtBnM4koE,Aapka hi intezar kar raha tha,4,Positive
TNPtBnM4koE,God level ❤❤ movie me 50k dedunga dikha do. Film ❤❤❤❤❤,10,Positive
TNPtBnM4koE,Iss Video keh wait kar raha tha,33,Positive
TNPtBnM4koE,7/10 because 90% VFX makes it feel unrealistic and Game like. Rajamouli ki tarah set banake shoot karna chahiye tha.Ram ji raat ko vanvaas ke liye nikle nahi. Koi bhi raat ko jungle mai safar nahi karta.,53,Neutral
TNPtBnM4koE,00:22 Om Raut like: ab underground hone ka time aa chuka he 😂😂,39,Negative
TNPtBnM4koE,Jai shree Ram 🚩🚩🚩,4,Positive
TNPtBnM4koE,Apke review hamesa genuine lagte the but seriously is baar ye Sab bolne pese mil rahe h jesa lag rha h,0,Neutral
TNPtBnM4koE,Ranbir ki jagah ram charan Chahiye tha❤,16,Neutral
TNPtBnM4koE,Pehle ai laga,32,Negative
TNPtBnM4koE,Future me apko ek aisi hi kisi ek film ke liye assistant director ke taur pr dekhna chahenge ❤,0,Positive
TNPtBnM4koE,"2:05 For your kind information part 1 mai sita haran tak hai usme Hanuman ji ka koi role nahi haai , toh dikhayenge kiyu??? hanuman jayanti toh thik hai lekin itna toh oata hona chaiye part 2 mai bajrangbali ayega tab dikhayega",16,Neutral
TNPtBnM4koE,Ham dekhenge is film ko Jai shree ram ❤,0,Positive
TNPtBnM4koE,Ai lg rhe cartoon se hai isse toh baithar phela bali hai bo lgti hai original jise yah toh sab dekhba hai,4,Negative
TNPtBnM4koE,Jai Shree Ram ❤❤,1,Positive
TNPtBnM4koE,Dil se hai ye Ramayana,0,Positive
TNPtBnM4koE,Thank you for saving my money😂 pirated hi dekh lunga😂,1,Negative
TNPtBnM4koE,Kya kisi ne 'The legend of hanuman' nahi dekha kya?,1,Neutral
TNPtBnM4koE,Ramayan ek he hai Ramanand Sagar ji ke dowara banayi gayi Ramayan serial bhagwan ram ke roop me bhi ek he hai hamare arun govil sir ❤,1,Positive
TNPtBnM4koE,Innocence missing hai jo pichli ramayana me tha es trailor me baki lets see jb pura tailor ayega tb dekhenge ...,0,Neutral
TNPtBnM4koE,Mujhe lagta yeh movie Ram sey jyada Ravan k liye hit hogi❤😂Jai shri RAM❤❤JAI HANUMAN❤❤,0,Positive
TNPtBnM4koE,Are toh isme bhi kya entertainment dekhe ye toh mahara culture hai❤,0,Positive
TNPtBnM4koE,Kuch aisa feel nhi hua h ki extraordinary nhi hai. Simplicity & emotion is required rather than budget.,0,Neutral
TNPtBnM4koE,Yahi Dikkat Young hai Generations ka.,0,Negative
TNPtBnM4koE,Ek mythology ko kab tak or banana hai?,1,Negative
TNPtBnM4koE,"Ram ban gaye Rama, Ramayan ban gaya Ramayana.....ab aur kuch kahne ki jarurat nahi hai",0,Negative
TNPtBnM4koE,"Ram ji mai Jo shanti hai, vo Ranveer mai nhi hai; aggressive lag rha hai. 5/10.",1,Negative
TNPtBnM4koE,Hame hollywood ku tarah  monster laane ki jarurat nahi hai hamare garntho me bahut se  danav hai unse inspiration le sakate the❤,0,Positive
TNPtBnM4koE,Inko Sita haran ka seen majedar lag raha hai😢😢😢😢😢,0,Negative
TNPtBnM4koE,Yeh picture Ramayan ko historical nahi myth hi banayegi,0,Negative
TNPtBnM4koE,"Hame ek aisa Ramayan chaiye jho pure text pe based ho, and realistic ho. Naki peak detailing. Hame global spread se koi matlab nahi.",0,Neutral
TNPtBnM4koE,101% Honest reviw dia hai apne . ...Ramayan is all about Samvaad ye ajeeb se creatures dikhane ki jarurat nahi thi. ..mujhe bar bar yad aata hai Kalki climax ka wo 2 minutes ka mahabharat wala scene usko dekh ke nostalgia feel hota hai wo bachpan ki ramahan and mahabharatwese hi kuch create karte with nayi soch toh maja double hota or hamari trah hi west wale bhi insaan hi hai emotional wo bhi ho jate definately . ..unko dikhane ke lie ye creatures dikhana jaruri nahi hai . ..ho sakta ho in sab se wo bhi bore ho gae ho😉,0,Negative
TNPtBnM4koE,Bhagwan Raam ko mooche hothe hain - Valmiki Ramayan,0,Neutral
TNPtBnM4koE,Adipurush wali yaad a rhi hai,0,Negative
TNPtBnM4koE,Jo bhi baat boli hai kya baat ho rahi hai❤,0,Positive
TNPtBnM4koE,yash ka scene wala vfx bhut mstt tha kyuki monstermind creation yash ki hai😂😂😂😂,0,Positive
TNPtBnM4koE,I wish movie acchi chale👍🏻,0,Positive
TNPtBnM4koE,Aisa lag raha hai k Cartoon dekh  raha hu,0,Negative
TNPtBnM4koE,Is bar to a movies  Oscar mea jaiga😂,0,Negative
TNPtBnM4koE,Mujhe Ranbir Kapoor Hindi TV Serial ke Indra lag rahe hain.,0,Neutral
TNPtBnM4koE,The introduction par khub tarif kri ti aapne hi,0,Positive
TNPtBnM4koE,Maii to aur 2 bar Ramanand Sagar Ji ka Ramayan dekhu,0,Positive
TNPtBnM4koE,Main dekhane jata if ranveer nhi hota !!! Usko dekhne jau !!,0,Negative
TNPtBnM4koE,Hume duniya ko dekhke movie nehi banana he. Hume dekhke duniyako movie banane do,0,Neutral
TNPtBnM4koE,Sab k sab experts ban gaye hain vfx or cgi ke 😂😂 kaam accha h lagi raho munni bahin..,0,Positive
TNPtBnM4koE,Bhai log vfx mai sudhaar kar liya jayega film nov mai ayegi ❤❤,0,Positive
TNPtBnM4koE,Visions clear hai release mein time boht hai vo log thik kar denge,0,Neutral
TNPtBnM4koE,Madam apne shamshera k liye bhi yahi bola tha3 aadmi dekhne nahi gye use 😂😂,0,Negative
TNPtBnM4koE,Humari bachapan wali ramayan zada better thi bhai . Itni purani hone ke bad mai cheze real lagti ti usme...🥲Isko dekne se acha hum uska hi dubara revision kr lege.,0,Negative
TNPtBnM4koE,Ranbir Kapoor acche actor hai aur nitish tiwari behtreen director...ek acchi film.. acche bhavna ke saath dekha ne ko milegi...❤Daya agar me likha ne baithu...hote hai anuvaadit Ram 💞Ravan ko bhi naman kiya..aise the maryadit Ram 🙏Jay siyaram 🙏,0,Positive
TNPtBnM4koE,Bas Pushpak viman hi achha laga pure trailer mein😂,0,Negative
TNPtBnM4koE,"VFX, VFX, VFX ... Ne Bollywood ka bera gark kar diya hai..",0,Negative
TNPtBnM4koE,or jo inhone ai use kiya hia beech beech mein uska kya,0,Negative
TNPtBnM4koE,"Yes I agree with You Hollywood Jaisa Touch Dene ke chakkar me Film ko Joker type bana dete hai Real location par Shooting, impactful Dialogues and Shaandaar Casting se bhi Bahut Badiya Film Ban Sakti hai Jo Sadiyon tak Yaad rakhi jaa sakti hai ye Sab Director ke vision par depend krta Hai",0,Neutral
TNPtBnM4koE,"But i think for ram role it's about just acting,looks ranbir is best actor therefore his suit on the ram role but jo ram ka role kar raha hai vo real life me bhi vo thoda uske layak ho.",2,Neutral
TNPtBnM4koE,Siya ke ram show dekhne ke bad to mujhe koi aur ram sita pasand hi nhi aate us show ki casting itni pyari thi ki har ek character real lgta hai ❤,0,Positive
TNPtBnM4koE,Sunny deol ki awaaz thi jab ram ko pukarta hai,0,Negative
TNPtBnM4koE,Waise ramji ki character ko jeneu nhi pehenaya h makers ne jabki raamji vanbash mi bhi jeneu pehnte the,1,Neutral
TNPtBnM4koE,Deeksha ji agree 100% on your review.... but maan nai maan raha ranbir ko as a shri ram ke kirdar kate hue... Casanova ranbir.... very difficult to digest... thats my thought....,0,Neutral
TNPtBnM4koE,kuch real lag hi nahi raha hai,1,Negative
TNPtBnM4koE,perfect review....kisika review toh match kiya mere thoughts se.....,0,Positive
TNPtBnM4koE,Aawarapan 2 par koi update aaya please uspar koi video banaona,0,Neutral
TNPtBnM4koE,10 me se 5 dena chahunga 💯kiuki bohot se sizh mujhe atcha nehi laga 😢 jese ki kuch kuch jagah par sound effect and Screen effect metch nehi ho raha,1,Neutral
TNPtBnM4koE,Kaise hoga connect jab kabhi valmiki ramayana study ki hoti....... i think jo 1st video h wo devasura sangrama ki h jhan raja Dasharath or kaikeyi  ne davtaon ka sath diya Tha...... agr wo hi h to peek detailing.........❤,0,Positive
TNPtBnM4koE,"Ranbeer ko hanuman ji ka role karna chahiye tha, usme jyada best lagta",0,Neutral
TNPtBnM4koE,Bas mujhe ye dar hai Sunny Deol galti se 'ye Dai khilo ka haath lanka jala  dega' bol diya to🤣🤣🤣🥺,0,Negative
TNPtBnM4koE,"Mujhe ye samajh nahin aa raha ki jinko experience nahin woh itna Gyan de rahe hain, aur jis Insan me ""DANGAL"" jaisa blockbuster movie diya, ""Chhichhore"" jaisi movie di unki kadra aur samajh ke baare mein naadan kya jaane..... 🙏🙏🔥❤",0,Positive
TNPtBnM4koE,Ranbir tho Gomas khata hai  na,1,Neutral
TNPtBnM4koE,Ramayan dhekungi sirf or sirf yash ke liye yash ke samne sab fike par jayenge🔥🔥🔥🔥,0,Positive
TNPtBnM4koE,Bhagawan Sri Ram ki wibe nahi aa rahi he,0,Negative
TNPtBnM4koE,Humko acche actors aur acche dialogues chahiye,0,Neutral
TNPtBnM4koE,Ranveer Kapoor ko Ram ka  roll acha lagta hai aur usko jachta bhi hai,0,Positive
TNPtBnM4koE,0:32 kuch khas music nahi tha waise. Jab film dekhenge tab pata chalega.,0,Neutral
TNPtBnM4koE,Mai abhi bhi bol sakta hu Rajamouli is perfect for any epic mythological movie,0,Positive
TNPtBnM4koE,New web series update please please please please please reply to 🙏🙏🙏🙏🙏🙏🙏🙏🙏🙏🙏🥺🥺🥺🙏🙏🙏🙏🙏 next video new web series update please please please 🙏🙏🙏🙏,1,Positive
TNPtBnM4koE,Hatni ka role apko offer ho skta hai,0,Negative
TNPtBnM4koE,I don't know but I can't imagine Ranbir as Rama....use dekh ke raam nhi sakuni bali feeling ATI...I don't know 😂.....jyada se jyada ranbir indradev se relate kr skte bss😂😂,0,Negative
TNPtBnM4koE,Aadipurush ke jaisa Iska bhi haal karna hai Dosto taaki ye log aage se Ramayan me faltu kaa VFX aur Holliwood ko naa ghusede 😂😂😂,1,Negative
TNPtBnM4koE,Casting pe to question h hi qki character less ko ye character wala role diya gya h,0,Negative
TNPtBnM4koE,"Jo insaan kehta hai ki "" I love to eat beef"" usse shri ram bana diya.",0,Negative
TNPtBnM4koE,Animation aur accha hona chaiye,0,Negative
TNPtBnM4koE,"Itna jarur hai ki ramayana is emotion and culture mainly, agar vo nahi hua toh yeh khatam ho jayegi aur vo hua toh bestJaise devo ke dev mahadev itna accha hai ki aaj takk vo disney par chalta hai kyunki vfx jyada na hokar dialogues, music and emotion ko priority di hai",0,Neutral
TNPtBnM4koE,Sri lanka 7000 year  history maha ravan 😊😊😊  powerful leader ❤❤❤,0,Positive
TNPtBnM4koE,"Chanakya, Ramanand Sagar & Chopras should have been a reference but strangely its LOTR & GOT.Orbs, Trolls, dark cold distant dull yellowish VFX milieu. Aree bhai we are a hot country, dense forest, legendary rivers, peepal, banyan inko toh dikhate... yeh Germania kaha se?",0,Negative
TNPtBnM4koE,Pahele ye batao k us ko ram bana na thik tha? ye batao,0,Neutral
TNPtBnM4koE,Mujhe pehle se lga tha ..ye ..ranbir ki movie ki tareef hi karegi.. madam ne samshera ko masterpiece batya tha,0,Negative
TNPtBnM4koE,Ramayan hamare Desh ka vah itihaas hai kabhi bhul nahin sakte Aisa itihaas Jo saccha Hai achcha hai asali hai isliye jab bhi usko parde per utaro ek baat ka Dhyan rakho ki sab kuchh asali hona chahie sab kuchh saccha hona chahie aur sab kuchh achcha hona chahie hamen apni jadon Ko nahin bhulna chahie Ramanand Sagar ji ke vanshaj Hain hamen unse kuchh sikhana hoga. Ramayan parde pe superhit hui iska ekmatra reason Hai sab kuchh real tha.,0,Positive
TNPtBnM4koE,"Movie 2 part mai release hogi, so part 2 mai Hanumaan ji ka jada scene hoga",0,Neutral
TNPtBnM4koE,"1 Storm scene me no moving hair of Ranbir. 2. Entry ,walking scene pool dalne ek bande k turban ka color change  ho rha , that means AI generated clips and glitch",0,Neutral
TNPtBnM4koE,When Indian Cinema try something new..... Nobody supports it comparing with others like they did then for Ra-one......Hindustan ka sabse bada Dushman Hindustan hi hai.....,0,Negative
TNPtBnM4koE,Tmne to nil chatte ko wallpapers bna rakha h😂😂,0,Negative
TNPtBnM4koE,Parmote kese karna h koi tumse sikhe,0,Positive
TNPtBnM4koE,Abhi bhot time h release m sb fix hojayega ja shri ram..,0,Positive
TNPtBnM4koE,Koi innocent fresh face lena chahiye Ramayan ke liye,0,Neutral
TNPtBnM4koE,Chahe kitne me bhi rupaye laga ke banaye Ramayan lekin ramanand sagar ji bnaya gaya ramayan ekdam natural or Emosan ke sath Usse achha nahi hoga ye new wala ramayan,0,Negative
TNPtBnM4koE,Mam web series aur movie mein difference hota hai. Don't compare both.,0,Neutral
TNPtBnM4koE,Yash ravan sunny Hanuman to jahnvi ko subhnakha bana dena tha😂😂😂,0,Negative
TNPtBnM4koE,Didi your review are tooo good,0,Positive
TNPtBnM4koE,Ranbeer ram nahi lag sakta is janam to nahi,0,Negative
TNPtBnM4koE,Ranveer kapoor bolta hai iam beef lover 😡 aur kahata bhi hoga aur yhe prabhu shree ram ka character karenge 😢 bilkul nhi ramanand sagar ji ki ramayan with Arun govil sir as ram 🙏🏻,1,Negative
TNPtBnM4koE,Aap bhi ek ramayan bano do emotion daalke,0,Negative
TNPtBnM4koE,Lagta hai iss baar package nehi aya hai,0,Negative
TNPtBnM4koE,aaj iske ghar paneer banega,0,Neutral
TNPtBnM4koE,Nhi ranveer nhi shoot kiya,0,Negative
TNPtBnM4koE,Me just ravan ko dekhne k liye jauga dekhne yash ❤❤❤,0,Positive
TNPtBnM4koE,Yeh movie chalegi 100%,0,Positive
TNPtBnM4koE,Bhai ye movie hamare liye nahi hai. Bahar wale international viewers ke liye hai shayad. Aaj kal ham indians ke liye kon film banata hai.,0,Negative
TNPtBnM4koE,Vidhyut jamwal ko ram ko role fit bethta hai..,0,Neutral
TNPtBnM4koE,Ravaan as a arvind trivedi unka koi compare nai ho skta kbhi bhi,0,Positive
TNPtBnM4koE,last me ye bhi bta dena tha ki aap kitne me bike hue ho. meko v assistant bna lo thodi bhut kmaee hmari bhi ho jae.,0,Negative
TNPtBnM4koE,Kitne paiss mile,0,Negative
TNPtBnM4koE,Jo bhi ho par ranveer ke bare me kabhi bura nahi bolegi,0,Positive
TNPtBnM4koE,Jab ramayan banana hin tha toh ram ka role yashko de dete wo deserve v karta hai ....,0,Neutral
TNPtBnM4koE,Ramayan ek hi hai bus old ramayan,0,Neutral
TNPtBnM4koE,"3:04 kyuki ye movie Indianaudience k liye banai hi nhi gayi hai, isn’t it obvious? 🤥",0,Neutral
TNPtBnM4koE,Ramayana me VFX nahi use karna chahiye tha or ye monster bhi nahi rakhna chahiye the monster ki jagah kisi insan ko junior artist ko rakses bana kar rakhna chahiye tha pushpak viman jo pahle Ramayana me tha us se milta julta rakhna chahiye tha,0,Negative
TNPtBnM4koE,Baaki se better karne ki koshish ki hai.....kaafi had tak achha kiya hai..a..final aane par dekha jayega,0,Positive
TNPtBnM4koE,Sourabh Raaj jain ko  Sri Ram banana chahiye.,0,Neutral
TNPtBnM4koE,Game of thrones or house of dragon vale VFX artist ko lena chahiye tha 😓,0,Negative
TNPtBnM4koE,Mai 3d mai dekhunga,0,Positive
TNPtBnM4koE,Ramanand Sagar's ki tar same bananeko bolo ye kayhe hollywood movies ki tar Rawan,0,Negative
TNPtBnM4koE,"VFX ,style and action ki jarurat ni h Ramayan m emotions hona chhaiye - Ramanand sahab best h",0,Negative
TNPtBnM4koE,AR Rahman is picture mein kya kar raha hai?,0,Neutral
TNPtBnM4koE,I think Ram ji  ka role salman ko milna chaiye kyunki unka orr heran ka purana rishta hai,0,Neutral
TNPtBnM4koE,4k ka budget hai to aapko bhi thoda to mila hoga nhi dete to 4k lagana bhi waste ho jata 😂,0,Negative
TNPtBnM4koE,Itna bada budget itni badi company vfx deri hai fir wo baat nhi dikhri pata nhi kyu,0,Negative
TNPtBnM4koE,Hanuman jayanti par hanuman ji ko nhi bataya main isi ka intzar kar raha tha  afsos,0,Negative
TNPtBnM4koE,2:30 that the real problemAi ke karan ab kya ai kya vfx nothing can differentiate Movie ke vfx kaffi ache h...Pr logo ka khna h vfx h,0,Neutral
TNPtBnM4koE,4000cr ka maal nahilagraha hai bhai yeh toh 400 rupaiya ka maal Lagraha hai abhi yeh dekh NE k badh toh Om raut bhahoot khus hoga 😂😂😂😂,1,Negative
TNPtBnM4koE,1:01 hambe .....! Esa lage hai jaisa abhi bhi nashe mai hai,0,Negative
TNPtBnM4koE,Superhit hoga aap dekhna,0,Positive
TNPtBnM4koE,"Saara budget Ranbir kapoor ko gaya hoga, isliye scene quality compromise ho gayi",0,Neutral
TNPtBnM4koE,Ye ramdi Pakistan se he kya ????,0,Negative
TNPtBnM4koE,Tv pe dekh lunga purani ramayan ye ni dehkne jaunga,0,Negative
TNPtBnM4koE,Jo Banda Ye Bol Raha Ho Ke Beef Khana Pasand Karta Ho Kya Wo Prabhu Shri Ramji Ka Role Deserve Karta Hai,0,Negative
TNPtBnM4koE,Time milo to imax ka camera check fir leke jao us camera ko pahad pr,0,Neutral
TNPtBnM4koE,"Disney walo ko de do ye project dekhna kitna acha bnayenge,ye to ai generated video lgg rhi hai",0,Negative
TNPtBnM4koE,Saurabh raj jain ko le sakte the ranbir ki jagah 🤔🤔🤔🤔🤔🤔,0,Neutral
TNPtBnM4koE,Saurabh raj jain ko cast karna tha as Ram...... Ji😢,0,Negative
TNPtBnM4koE,To tum ramanand sagar wali ramayan dekho,0,Neutral
TNPtBnM4koE,Isse next video me ye didi apni hi bat se mukar gai he 😅,0,Negative
TNPtBnM4koE,Treta yug wali feeling nahi aayi😔,0,Negative
TNPtBnM4koE,Vfx ache nahi hai,1,Negative
TNPtBnM4koE,"Serial dekh lo didi, apko achha lagega",0,Positive
TNPtBnM4koE,Yr dekh Jo bola h bol But ye mt bol ki ranveer sundar lg rha hRanveer ram k role me bhi sanju ka sanjay dutt hi lg rha h,1,Negative
TNPtBnM4koE,Ranbir Kapoor jo ek movie pehle Animal movie m sx krra tha,0,Neutral
TNPtBnM4koE,"M bhale hi muslim hu lekin bachpan me hum bhi ramayan dekhte the, ya ramayan nhi balki ram ke sath mjak bna diya",0,Negative
TNPtBnM4koE,Adipurush film ayi  ab Beef 🍖 khanevala purush .. film aayi 😂😂😂,0,Negative
TNPtBnM4koE,Mujhe ye samajh nahi ata webseries wale matching ke according actor choose krte but jab movie ki ho toh har bar celebrity ko cast kyun krte LORD RAM ke liye aur achha actor bhi toh mil sakta tha....isse better civic sence toh South wale ke pass hota h  🙄😕,0,Negative
TNPtBnM4koE,Prabaas wali ramayan ka jo haal huwa wahi haal iska bhi hoga😂😂 vfx locha he bhai😂😂,0,Negative
TNPtBnM4koE,2 video me 2 type ki batien😂😂😂,0,Negative
TNPtBnM4koE,100/10 dunga 😢😢😢,0,Positive
TNPtBnM4koE,Log to white pepper pr pe bhi galti Nikalte he,0,Negative
TNPtBnM4koE,Adipurash 2 lag rahi hai ye,0,Neutral
TNPtBnM4koE,"Actually agar kbhi valmiki Ramayan padhogi tow jo first shoot hai na wo wha ka hai jb raavan kuber pe attack kr deta hai kailash me uske sehar pe ye wha se hai snow nhi tha ye wo log itne gadhe hai apne desh me, and also usme jo gaints hai wo ramanyan me mentioned hai 2 samne se aayenge ram ji ke pass ek kabandh hai aur ek hai jo isse bhi ganda dikhta tha bada sa Peak details hai yrr jo padha hai na valmiki ramayan wo samajh sakta hai aur forest wgera bhai aap jaisa valmiki ramayan me likha hai ki kai hazar saal se tree ko touch nhi kiya gya hai usko kaise dikhawoge real location pe I am down for this movie ❤",0,Positive
TNPtBnM4koE,"CGI aur CGI hi hai , realism hai kahan . Isiliye animation ya video game jaisa lag raha hai . Sadak pe chalne wala scene to pura AI hai . Background score bhi khuch khas nahi .",0,Negative
TNPtBnM4koE,Bezzati karva Di ka kya matlab hota hai,0,Negative
TNPtBnM4koE,Didi  Ram ko atch Nehi laga but Ranbir bhi atch hai,0,Neutral
TNPtBnM4koE,Ramanand Sagar ji ki ramayan ke bad Swastik grup ki shrimad ramayan best he,0,Neutral
TNPtBnM4koE,"VFX adipurish jese hi dal diye ,,",0,Negative
TNPtBnM4koE,Raam ji to Ram Charan sir hi best hote,0,Neutral
TNPtBnM4koE,Yash ab bhi 10 me 10 le geya ❤,0,Positive
TNPtBnM4koE,Mai nhi dekhu ga or sab ko mana karu ga,0,Negative
TNPtBnM4koE,Bhagwan Ram ji ko Legend bana diya ... 🤷 Puri AI Movie bana dali he kya ❓❔,0,Negative
TNPtBnM4koE,Apko achha laga kya ranbeer medom,0,Neutral
TNPtBnM4koE,Tum log kabhi kisi moovie se khush huye ho...,0,Negative
TNPtBnM4koE,Wah re ek video me tarif dusre video me burai 😮,0,Negative
TNPtBnM4koE,Geyaaaa ye movie pani me ...adiprush 2,0,Negative
TNPtBnM4koE,Still RK can't justify the role. Kisiko bhi utha ke Ram nahin bana sakte,0,Negative
TNPtBnM4koE,"Acha ye sab chodo batao kitne me baat set hui? Baat hai isme , par wo wali baat nahi hai.....",0,Negative
TNPtBnM4koE,Ranveer ki casting uski acting ko lekr bilkul nhi tha.But uski beef eating pe h,0,Negative
TNPtBnM4koE,Taglines to accha likh le,0,Neutral
TNPtBnM4koE,Fact -ramand sagar krit ramayan ka koi tha nhi hai chahe budget 1bilion hi kyu na ho vfx kabhi reality pe bhari nhi hoti.,0,Positive
TNPtBnM4koE,Main average kahunga but mujhe maza nahi aaya..aadhe scenes ai generated lag rahe hai,0,Neutral
TNPtBnM4koE,Raam km Ravan ka bhai Jada lag raha hai ranveer,0,Negative
TNPtBnM4koE,Vfx bhi average. Ranbir ne wig pehni hai saaf pta chlta hai. Baki k monster scene n all ese lga rha tha jaise ps5 ki koi game ho.,0,Neutral
TNPtBnM4koE,Ye hamesha har picture achha hi kehe ta hai,0,Negative
TNPtBnM4koE,"Ramcharan ko Ram ke Role me rakhna Chahiye tha , Ye Movie Real kam Reel jyada lag rahi faltu kaa VFX aur Holliwood ko ghused diya hai , I pray ki ye Disaster yaa Flop jaaye , Prabhas ki Aadipurush ki tarah",1,Negative
TNPtBnM4koE,"Bakwas review, Ranbir looking so sadistic lol",2,Negative
TNPtBnM4koE,Mam aapka srk nhi hai is liye aisa bol rahe ho na 😂😂,0,Negative
TNPtBnM4koE,dissapointment bas yehin hai jo extra vfx ke saath unnatural characters ka entry hota hai ramayan mein woh khatak taa hai....om rout wala darr v lagta hai,0,Negative
TNPtBnM4koE,Sidhi bat no bakbas Ranveer kapoor ram ke role me acha nhi lag rha hai  bas ram ka rol thode ache log ko diya jana chahiye jiska character shi ho,0,Negative
TNPtBnM4koE,Hamara ghamand hai 🤦🙎,0,Negative
TNPtBnM4koE,Ye to suno bhai tumhe kaise pata ki jo ram ji the we kaise dikhte the aj tak to kisi ne bhi nhi dekha hoga or khi likha hua ya ki rakshasks aise dikhte hai ya waie...,0,Neutral
TNPtBnM4koE,Yar ye langoor ram ji to kahi se bhi nhi lg rha...,0,Negative
TNPtBnM4koE,"Srf acche kahani or acche dialogue se movies acche nahi ho jate hai bahen ji.. there are various other factors and VFX, graphics, editing and AI is one of the most important aspect",0,Neutral
TNPtBnM4koE,Agar film chali tho sirf RAVAN ka ke wajah se hi chalegi,0,Neutral
TNPtBnM4koE,Ranveer axa ne lag ra but chalo bhagwan  ki murzi vise south star  Ram Charan ko lena chahiye,0,Neutral
TNPtBnM4koE,Ranbir  ka face purane vale ko justify nh kr rha...,0,Negative
TNPtBnM4koE,Means ek taraf Rajamouli sir hai jo 10 Bahubali banane ke experience gain karna chahte hai aur fir Mahabharat ye Nitesh tiwari jo china me chalte hai so sayad ye china me hi chalega…..Sab thik hote hue bhi movie ke director suitable nahi ha,0,Negative
TNPtBnM4koE,AI se banaya hai sab,0,Negative
TNPtBnM4koE,Video game wali felling aa rahi hai. Ramayan ko ramayan ki trhai kyu nahi pesh karte. Ramanand Sagar wali ramayan ke character aur natural scenes logo ke under bas chuke hai.,0,Negative
TNPtBnM4koE,Dabbal dholki 😊😊hai yeh ladki capshen me kya likha hai or bolti kya hai,0,Negative
TNPtBnM4koE,Tumhare liye nahi ban rahi movie? Tum movie me heroine ho?,0,Negative
TNPtBnM4koE,Ravan hansome nahi tha Purani ramayan vala damdar tha uska chahera bada tha muchhe badi thiYes raj ravan vala vibe nahi de raha,0,Negative
TNPtBnM4koE,"Ekdm bakwaas,ranbir kapoor as a ram ❎❎",1,Negative
TNPtBnM4koE,"randbir, sai pallavi and monster ko hota do.baki movie set hai.",0,Neutral
TNPtBnM4koE,Sabse bada dikkat hai iska beef lover hona as a hindu 🕉️ shree ram itna pavitra character aise insan ko jo khud ko beef lover bole bilkul bhi dimag acept nahi kar rhaa 😢,0,Negative
TNPtBnM4koE,Koi Ramanand Sagar original Jo Ramayan hai usko achcha quality mein fir se banane ki koshish hi nahin kar raha hai Ramayan chalega to vahi chalega jindagi Bhar,0,Negative
TNPtBnM4koE,Kucch v bolo Ranbir is good actor but ram ke roll mai ramcharan is best....,0,Neutral
TNPtBnM4koE,Aap to faltu mein emotional ho gaye,0,Negative
TNPtBnM4koE,Nhi bdhiya lg rhi hai ramayana i think hit hogi,0,Positive
TNPtBnM4koE,Nhi yaar ranbir mujhe aacha laga haa khate hai beef lekin is movie me bhaut log khate hai,0,Positive
TNPtBnM4koE,Tu india ki sabhi film ki bejjati karti hai tujhe Hollywood pasand hai kya 😂,1,Negative
TNPtBnM4koE,Inse na ho payega 😂,0,Negative
TNPtBnM4koE,asli bhagwan apke piche hai,0,Neutral
TNPtBnM4koE,Hum ne bachnman ka Ramayan Pasand hai...Bhai bas karo Bollywood walo haar saal koi na koi Ramayan bana raha hai...inko new story nhi mil rahi kya...,0,Negative
TNPtBnM4koE,Emotions to dur dur tk nhi dikhe bahan,0,Negative
TNPtBnM4koE,Ranveer koi angle se v character me fit ni ho rha h...na na na,0,Negative
TNPtBnM4koE,"Ramayan ye Ram ke upr kam Ravan k upr zyadaa lgi lekin Ram Charan ko portray krna chahiye tha what a Casting he would have been vo long face i mean vo click nhi krra + Sai pallavi to bilkul anti-national hai usko Mata Sita me cast krdiya Didi me personally disappointed hogya bht bura lagra hai 💔😞B.R. chopra ne bhi to Nitish Bhardwaja ko as Krishna portray krwaya tha kitne shi the mtlab eekdum fit uss role k liye aisa Same S.S Rajamauli ne kiya in KALKI 2089AD but, why couldnt Namit Malhotra do the same....Ya siya ke ram wala he serial lelijiye kya he tha vo eekdum perfect acting...plus ramanand sagar ji ne arun govil ji ko kya he cast kiya tha eekdum Fantastic..... Im hugley disappointed 💔💔😞",0,Negative
TNPtBnM4koE,Vfx thoda achcha karna hai inhe....... Aur rakshas vagaira ye cartoon type na dikhate bs ❤,0,Negative
TNPtBnM4koE,Beef khane wala kabhi ram ji nahi ban sakte yeh ram ji ka apman hai ranver ki acting aachi hogi after all vo actor hai par ram ji ka kirdar yeh insaan nibhaye hume manzoor nahi,0,Negative
TNPtBnM4koE,Ranbir Ram chachu laag raha hain..,0,Negative
TNPtBnM4koE,2 out of 10. Jb budget 4000 Cr h to theek se use kro n bhai... Please hago mt. (for reference... Dhurandhar 1+2 dono 500 Cr se bhi km m bn k ready ho gyi),0,Negative
TNPtBnM4koE,Sach me ye AI nhi laga 😂😂😂,0,Negative
TNPtBnM4koE,didi muje tho  AI lag raha hai,0,Negative
TNPtBnM4koE,"Kuch bi bolo maza nahi aayi, kalki  movie ka last scene tha vaise pura banate to alag hi bat thi",0,Negative
TNPtBnM4koE,Overage ka to pta nhi but ranveer ka face udaas hi h hr timeHlki muskan nhi h face pe jo gayal sahb k thi,0,Negative
TNPtBnM4koE,Yeh flop hogi kyun ke yeh adipurush ka part 2 hai 😂🎉,1,Negative
TNPtBnM4koE,muje lagata tha ye ladki  cinema ko achha smjti h par aaj pata chal gaya ise kuch nhi pata ye movie jyada khas performance nhi deikhayegi cinema par as compare to budget of this movie bollywood  bekaar ho gaya h,0,Negative
TNPtBnM4koE,4000 cr ye bhi black money converting a khel hai 😅,0,Negative
TNPtBnM4koE,10 me se minus  -10,0,Negative
TNPtBnM4koE,Star plus wala better h isse,0,Negative
TNPtBnM4koE,Arun govil ne mukut pehnaya peak deteling  😂😂😂😂 tum pr barosha uth gya,0,Negative
TNPtBnM4koE,Flop hi hai dekhna,1,Negative
TNPtBnM4koE,Yah movie 100 karod Paar nahin kar payegi,0,Negative
TNPtBnM4koE,Mujhe to ye samaj nahi aa raha.. Ye rakshason ko cartoon characters kyun dikha rahe hai... Traditional rakshas hi kyun nahi dikha sakte...,0,Negative
TNPtBnM4koE,wa didi wah ... Ranbir Kapoor pk jaise dikhre.. koi bhi shanti ya samazdari nahi zalak rahi face se.. Ramcharan as ram ya Allu arjun bhi suit kar sakte hai,0,Negative
TNPtBnM4koE,jo monster jungle me hai jaha Ranbir flip maar raha hai wo moster jungle spirit monster se milti hai valmiki ramayana ki....dusra Ramanand sagar ki ramayana me bhut si chije glt hai ya alag way me dikhayi gyi hai ye khud Sagar ji mante hai...please us se bahar aao...world ko history dikhani hai to visuals vese chahiye.....................MOREOVER ab esa lgta hai ki movie ke 2 version bnane pdenge ek outside india ek india ke liye...visuals india wale me km ho....tabhi indians maanenge...,0,Neutral
TNPtBnM4koE,Entirely based on AI..... 4000 ct film??? Isse accha cartoon network wala ramayan dekhlo emotiom,0,Negative
TNPtBnM4koE,Arun govil jaisa ram ka kirdar koi nahi kar sakta haiSuneel lehri jaisha Laxman aur koi nahin ho saktaDeepika chikhaliya jaisha koi nahi ho sakta Ramanand sagar ramayan aur koi nahi bana saktaBugat 4000 hajar koror 50000000000000 karar ho,0,Positive
TNPtBnM4koE,Come on Ranbir as a Ram ? Bilkul bhi nhi. Stop praising him.,0,Negative
TNPtBnM4koE,Film Flop Hai,1,Negative
TNPtBnM4koE,Beef khane vla ab prabhu shri ram ka kirdar kre ga 😂,0,Negative
TNPtBnM4koE,KYA DRAMA BANA DIYAAA,0,Negative
TNPtBnM4koE,Ranbir kapoor ka emotionless face issi ko pasand ara hai q ki ye khud bhi joker he hai🤡,0,Negative
TNPtBnM4koE,10 me se 3 number vo bhi sirf ravan k liye,0,Negative
TNPtBnM4koE,Nahi jama muje bhi,0,Negative
TNPtBnM4koE,"Jo vi ho mujhe ranvir ko casting karna achha nehi laga,",0,Negative
TNPtBnM4koE,Ye inki sbse bdi pr agent h or khas kr Ranbir ki,0,Neutral
TNPtBnM4koE,"Starplus ka jo Mahabharat banaye the,unko ye project dena chahiye tha...isse to bohot zada acha banate aur casting bhi acha hota...ranbir as Ram ji is jst disaster...koi feel hi nehi aya bcz kuch natural laga hi nehi",0,Negative
TNPtBnM4koE,Real banana Ai se banayetho accha nahi lagtha,0,Negative
TNPtBnM4koE,Flop hogyi 99%,0,Negative
TNPtBnM4koE,Aap kehna kya chahte ho😮,0,Neutral
TNPtBnM4koE,Ranbir thake huye lag rahe hai,0,Negative
TNPtBnM4koE,"Honestly speaaking i didn't liked the cast, Ranbir as rama, Sunny as Hanumana, intolarable, yash ko bhi negative role dia, yash positive me jyada achha lagta hai, chalo yash ki personality ke according considerable hai, but the other two are just not good casting, hoping ki sita mata aur lakshman ji ke role ke liye koi better choice ho.",0,Negative
TNPtBnM4koE,Ranveer se perfect casting nahi hai lord rama ke liye,0,Positive
TNPtBnM4koE,Is review ke liye kitni fee chage ki hai ...........Totally Biased,0,Negative
TNPtBnM4koE,AI  se utha ke dal diya,0,Negative
TNPtBnM4koE,10 me se 100 number,0,Positive
TNPtBnM4koE,Sab achha hai rakshas VFX achhi nai hai reality dikhna chahie old Ramayan Jaisi,0,Neutral
TNPtBnM4koE,Vxf sada huwa hai,0,Negative
TNPtBnM4koE,4000 cr me se kitne mile is bakwaas aadipurus 2.0 ko defend karne ke liye😂😂😂😂😂,0,Negative
TNPtBnM4koE,Ab bollywood Hindu ko Khush karne lag gayi.... Lekin,0,Positive
TNPtBnM4koE,Vfx itna accha nehi laga. 5 out of 10,0,Neutral
TNPtBnM4koE,Itni tareef banti hai kya iska ..,0,Negative
TNPtBnM4koE,Itne ache pasie aur mehant phir v aap log lgta kuch kami h to aap nhi lgta ek  reel bnano o v perfect Khana nhi h to roti ko v bur bolo,0,Negative
TNPtBnM4koE,4000crore 🤔🤔🤔🤔🤔1lakh puri sena khadi ho jaati 🥱🥱,0,Neutral
TNPtBnM4koE,"Ranbir ko ramji ke roop main dekhna acha nahi lag raha hai, ramji ke chehare ke bhav alockik hai, jaise Ayodhya mandir main ramji ki prateema ko hi dekh loAaj Kal to ye dar lagta hai ki ye hamari sanskriti ke saath kaise kaise khilwaad karenge",0,Negative
TNPtBnM4koE,Movie indians ke liye nahi hai...Word audience ke ban rahi...Maan lo4000 crore ka budget laga kar india se kamai toh kar nahi sakteAur koi bhi producer barbad hone ke liye movie nahi banayegaWorld audience ke palat ke hisab se dish ban rahi hai...Samajh jao toh theekWarna indian audience ke liye Arun Govil ji Ramayan aaj bhi sufficient hai,0,Neutral
TNPtBnM4koE,Khaliye pese is channel ne bhi ...Buddha lagra hai with no innocence at all,1,Negative
TNPtBnM4koE,"Dukhi log review na kare, unko aur dukh hoga",0,Negative
TNPtBnM4koE,Ek scene esa nhi laga ke kuch nya dekha .. adi pursh se bura hal hoga is movie ka... diferent karne ke chakkar me.. movie bekar kar dete hain...,0,Negative
TNPtBnM4koE,ram ji ke liye ranveer kapor bekwas actor hai maza nhi aaya,1,Negative
TNPtBnM4koE,yar 1% bhi accha ni hai 1 - 1 sec. ai generated lag rha.,0,Negative
TNPtBnM4koE,Ramayana nahi bahubali lagraha,0,Negative
TNPtBnM4koE,4000 cr use karke kya banaya yarrr......,0,Negative
TNPtBnM4koE,Ranbir damchi lg ra glow hi nhi hai,0,Negative
TNPtBnM4koE,Pehele vali ramayan ka koi match nhi,0,Negative
TNPtBnM4koE,Ye ranbir ki tarif kr rahi hai....omg hahahaha...1000 cr tu de de,0,Negative
TNPtBnM4koE,Isse pahle wale video mein to aap kuch or hi Bol rahe the 😮Really muze to acha nhi lga isse acha to Ramayan Jo Abhi new serial aaya tha jiske Sujay Reu Ram bne the go best lge muze to,0,Negative
TNPtBnM4koE,Mehenge vala AI,0,Negative
TNPtBnM4koE,Sabse jyada ye creatures and monster aankhon ko chubh rahe hai ...Bhai aap The Great Epic RAMAYAN bana rahe ho to creatures and monster jo aapne bana diye hai thoda ispar bhi research kar liya karo..,0,Negative
TNPtBnM4koE,Ranbir kapoor kahan se Ram lag raha hai😂😂😂😂 kuch v.Saalo unpadh ese filmo me character k liye audition karna chahiye.,0,Negative
TNPtBnM4koE,Isse accha mein bahubali dekhloon,0,Negative
TNPtBnM4koE,Itta makkhan baaji😅,0,Negative
TNPtBnM4koE,Ht double battery,0,Negative
TNPtBnM4koE,Ranveer gou mata ko khaya tha 😡,0,Negative
TNPtBnM4koE,Apki tareef thodi zyada hi ho gya hy...,0,Negative
TNPtBnM4koE,"Sci-fi Superhero  movie lag rahi hai, ramayana to bilkul bhi nahi lagi.",0,Negative
TNPtBnM4koE,sab AI jaisa laga,0,Negative
TNPtBnM4koE,Hug diya ek hi ramkatha ko kitne bhi tarike se dikha do is se achha avtar jaise film bollywood me banta to dekhne me achha lagta,0,Negative
TNPtBnM4koE,Feel nahi aya Flop na ho jaye kahi. Character Prabhu Ram ji and actor match nahi ho raha hai,0,Negative
TNPtBnM4koE,"4000 Cr mai se kitne pese milgye ,, chaplilusi ke liye 😂",0,Negative
TNPtBnM4koE,MOVIE FLOP HOGI.,0,Negative
TNPtBnM4koE,Ranvir hona tha,0,Neutral
TNPtBnM4koE,Ye faltu ka show hai jisse koi culture nahi dikhta asli Ramayan to 90s ki thi  hai rahegi,0,Negative
TNPtBnM4koE,Kya fayda etne achhe chehra ka Hrithik Roshan Mt hi banoo movie,0,Negative
TNPtBnM4koE,Flop hogi 😂,0,Negative
TNPtBnM4koE,Sita bhi galt cast hai,0,Negative
TNPtBnM4koE,4000 cr naam ka 400cr kaam ka,0,Negative
TNPtBnM4koE,Itna acha bhi nhi lga,0,Neutral
TNPtBnM4koE,"He is a misfit for the role nothing can change this fact , reviewers pr bn gye hain lgta h",0,Negative
TNPtBnM4koE,Bilkul bhi achhe nhi lag rha ranveer,0,Negative
TNPtBnM4koE,Mujhe ulti aa rahi hai😣🤢🤮Hmm! ab ulti ke baad thoda araam lag raha hai.😪,0,Negative
TNPtBnM4koE,0 out of 10 ram to actual me arvind govil lagte hai aur maa sita deepika chikaliya kya unka sound hai aur sabse accha hanuman dara singh jo ki ramayan me free me kam kiya,0,Negative
TNPtBnM4koE,Ranbir badhiya role nibahayenge vfx khrab h,0,Neutral
TNPtBnM4koE,Ranbir nahi match hora hai.,0,Negative
TNPtBnM4koE,"You are another Ranbir kapoor fan girl.Khakh acha lag raha hai, isse acha to sonu dagar lagta hai stage wali Ramleela me. Nahi dekha ho to check kar lena pehle.",0,Negative
TNPtBnM4koE,Didi aap Reviews dalna chod do,0,Negative
TNPtBnM4koE,"Dneg where is that vfx gone in the movie ,vfx not good ,it's not hollywood comparison not even close ,music is excellent set pieces excellent ,but bad vfx",0,Neutral
TNPtBnM4koE,Abey kya expression tumhe sahime review dene nhi aata!😂,0,Negative
TNPtBnM4koE,Ye layak hi ni he bhagvan sri ram banane ke,0,Negative
TNPtBnM4koE,Tumne brahmastra ki bahut tarif ki thi.  That was boaring film,0,Negative
TNPtBnM4koE,Ye movie flop hogi dekh lena because bollywood walo se muje koi ummid nahi hai,0,Negative
TNPtBnM4koE,Kitna bar ramayan banaoge sachcha inko bhi pata hai ki koi ram thha hi nhi,0,Negative
TNPtBnM4koE,10/3 film flop hai madam,0,Negative
TNPtBnM4koE,Film flop he 😂😂😂,0,Negative
TNPtBnM4koE,Tu pehle apna muh doh le…..😂😂😂,0,Negative
TNPtBnM4koE,Kitni jldi palat gai apni hi baat se,0,Negative
TNPtBnM4koE,Third class character Ranbir Kapoor ko hi sign Kiya hai to movie flop hona hi hai.,0,Negative
TNPtBnM4koE,Chashmish tujhe pr ke liye...per likh ke le le film flop hogi😂😂😂😂😂😂😂,0,Negative
TNPtBnM4koE,Mujhe dekhke itna hi Laga ....1 aur bakwas lane wale hain ye log... Purana Jo ramayan hai uska 50 % bhi feel nahi aarahi,0,Negative
TNPtBnM4koE,"Ram ke rop Main Ranbir bekar hai , Ranbir ko hatan chaiye tha, 😡",0,Negative
TNPtBnM4koE,Traler  main h dum nai  hai😢😢😢,0,Negative
TNPtBnM4koE,Thoda cartoon jaisa laga,0,Negative
TNPtBnM4koE,Bahut ghatiyaa trailer and bahut kharab aur non genuine review hai ye..... really not able to like it,0,Negative
TNPtBnM4koE,Inse achi toh cartoon mai bna di thi... Japan ne 1993 mai dekh lo ja kar... Bakwaas,0,Negative
TNPtBnM4koE,Bazjiti nahi flop hogi,0,Negative
TNPtBnM4koE,Didi thoro ruk jao time ha avi  time pehla sa itna complaint kar rahe ho .DNEG app janta ho na .Kitna Film banaya ha .Nitesh sir ko v Janta ho,0,Negative
TNPtBnM4koE,"mai to nai dekhne wala hu ye movie , ranveer to bilkul shree ram ka role me nai dekh sakta , Big Beef guy",0,Negative
TNPtBnM4koE,Tere se pooch k banaana tha kya 😂😂😂Tu koun bL,0,Negative
TNPtBnM4koE,Mujhe to crap laga.,0,Negative
TNPtBnM4koE,Awaj aa nhi rhi gyan pel rhi h,0,Negative
TNPtBnM4koE,Dhaba movie.......cartoon lag rhe sb,0,Negative
TNPtBnM4koE,Aadi purush jaisi pitegi ye bhi... Sb nakli lg raha hai 😐😐,0,Negative
TNPtBnM4koE,Ranbir as a actor bekar h is movie me,0,Negative
TNPtBnM4koE,Kuch acha nhi hai bhsi😅😅😅,0,Negative
TNPtBnM4koE,Achcha hai per videshi rakshas a gaye hain,0,Neutral
TNPtBnM4koE,Ranbeef aur Dawoodwood ki chamchi😂😂,0,Negative
TNPtBnM4koE,"Total bakbas mam, phir se dekhlo",0,Negative
TNPtBnM4koE,10 m se 2 milega .. Ai film oh bhi kamzor wala 3rd grade 👎,0,Negative
TNPtBnM4koE,Ek dam bakwas hai 😂,0,Negative
TNPtBnM4koE,Koi bhi RAM bhakt dekhane nahi jaayega 😢😢 karn sabhi ko malum hai hamare ram ke naam se aese logo ko bevkuf na banaya jaye,0,Negative
TNPtBnM4koE,1001% floop movie...animantion movie is better than this,0,Negative
TNPtBnM4koE,Aapka   hi  negetive review tha,0,Negative
TNPtBnM4koE,Madam ranbeer ram ki character keliye bilkul fit nehi he. Kiya ap bhul jati he ki wo beef khata he Nasha karta he.,0,Negative
TNPtBnM4koE,"Ye to kaliyug ke koi ""Rama"" hain.....hamre ""Ram"" treta yug ke to isme ek bhi jhalak nahin dikh rahi....Simplicity to gayab hi ho gayi....in bollywood walon ko vedic life baare me kisi ne nahin bataya...kya? When Ass try to make of any superior character remain ass only..... because character can not be casted but to be developed first inside....and there is no one equal to Lord Ram....but if these foolish simply trying to follow His footsteps can at least develope a drop of good character....",0,Negative
TNPtBnM4koE,Total Bakwaas lg raha h,0,Negative
TNPtBnM4koE,Bura bolne se pahle..soch lena pese lekar de promot krdete ho,0,Negative
TNPtBnM4koE,Kitna phekti hai aaa😂,0,Negative
TNPtBnM4koE,Real cringe is uploading...hindutva ka mazak banane k liye ye log aisa karte hai,0,Negative
TNPtBnM4koE,"Abbe, pura cartoon lag raha hai",0,Negative
TNPtBnM4koE,Kya bakvas kar rahi hai,0,Negative
TNPtBnM4koE,Ranbir is bakwaas  Appa dapa chapa to thik hai  …,0,Negative
TNPtBnM4koE,Aapke reviews sabse jyada bekaar hote hain,0,Negative
TNPtBnM4koE,"Agar waisa hi ramayan dekhna hai to jaake dekh na purana padaa to hai be , pata nhi aise gadahe log kyu inka review follow karte hai 😡😡😡😡😡",0,Negative
TNPtBnM4koE,Bhai lagta hai account me aa gaye $$ ...Producer will end up with katora . Maryada purushottam bhagwan Sri Ram = Ranbir Kapoor.... No thank you,0,Negative
TNPtBnM4koE,Bakwas he ranveer ram ke roop me,0,Negative
TNPtBnM4koE,"Tjhe khud kuch nahi pta, band krde channel agar faltu ke reviews hi dene hai to",0,Negative
TNPtBnM4koE,Bakwas.....,0,Negative
TNPtBnM4koE,Ranbir beaf khata h,0,Neutral
TNPtBnM4koE,Aap youtuber kya jano ramayan ke bare main ramayan to ramand sagar ji ki hai 40000 cr. Doller laaga do 500 saal tak nai bana payagee waisi ramayan youtuber to dalal hai,0,Negative
TNPtBnM4koE,Kitne bakwas log hain hamare pass,0,Negative
TNPtBnM4koE,bakwaas movie hai,0,Negative
TNPtBnM4koE,Tumhara lahja ab bor karta hai,0,Negative
TNPtBnM4koE,Yr kyu mzk bna rkha hain ramayan ka Ye kyaa cartoon dal dete hai beech me gzb pagal directorsss hain  nitish tiwari se ese ummeed nahi thi prrr,0,Negative
TNPtBnM4koE,4000cr cartoon movie babai,0,Negative
TNPtBnM4koE,"Beaf kehne vala ,daru aur sigret pine vala kese ram lag rha hai tumhe sach batao itni chmcha giri ka kitna mila",0,Negative
TNPtBnM4koE,Yeh bollywood wale nashedi gang kya ramayan banayege inko ABC ramayan ka pata nai,0,Negative
TNPtBnM4koE,Bakwas h ....,0,Negative
TNPtBnM4koE,Bakwas hai..,0,Negative
TNPtBnM4koE,gajab bakwas karte ho,0,Negative
TNPtBnM4koE,Burai karne lage,0,Negative
TNPtBnM4koE,Runbeer budda hai,0,Negative
TNPtBnM4koE,ye super flope ha,0,Negative
TNPtBnM4koE,Faltu h actors Ranvir,0,Negative
TNPtBnM4koE,Dalli BJP ki,0,Negative
